unit,year,filings,first_filers,series_id,fit,ppi,lf,lff,lp,g_filings,g_first,pi,pi_f1,pi_l1,pi_f2,pi_l2,pi_f3,pi_l3,pi_f123,g_filings_l1,g_first_l1,panel
Automotive vehicles and lubricants,1995,4,4,PCU336110336110,partial,139.1,1.3862943611198906,1.3862943611198906,4.935193098929397,,,,0.00930239266231414,,-0.012182164270925,,-0.01379332213233564,,-0.005557697913648832,,,segment
Automotive vehicles and lubricants,1996,6,4,PCU336110336110,partial,140.4,1.791759469228055,1.3862943611198906,4.944495491591711,0.4054651081081644,0.0,0.00930239266231414,-0.012182164270925,,-0.01379332213233564,,0.0058309203107924645,,-0.006714855364156058,,,segment
Automotive vehicles and lubricants,1997,31,25,PCU336110336110,partial,138.7,3.4339872044851463,3.2188758248682006,4.932313327320786,1.6422277352570913,1.83258146374831,-0.012182164270925,-0.01379332213233564,0.00930239266231414,0.0058309203107924645,,0.007962401821543175,,0.0,0.4054651081081644,0.0,segment
Automotive vehicles and lubricants,1998,58,50,PCU336110336110,partial,136.8,4.060443010546419,3.912023005428146,4.918520005188451,0.6264558060612728,0.6931471805599454,-0.01379332213233564,0.0058309203107924645,-0.012182164270925,0.007962401821543175,0.00930239266231414,-0.007962401821543175,,0.0019436401035974882,1.6422277352570913,1.83258146374831,segment
Automotive vehicles and lubricants,1999,231,166,PCU336110336110,partial,137.6,5.442417710521793,5.111987788356544,4.924350925499243,1.3819746999753741,1.1999647829283977,0.0058309203107924645,0.007962401821543175,-0.01379332213233564,-0.007962401821543175,-0.012182164270925,-0.019817162285533207,0.00930239266231414,-0.0066057207618444025,0.6264558060612728,0.6931471805599454,segment
Automotive vehicles and lubricants,2000,480,330,PCU336110336110,partial,138.7,6.173786103901937,5.799092654460526,4.932313327320786,0.7313683933801434,0.687104866103982,0.007962401821543175,-0.007962401821543175,0.0058309203107924645,-0.019817162285533207,-0.01379332213233564,0.0014814817524433366,-0.012182164270925,-0.008766027451544348,1.3819746999753741,1.1999647829283977,segment
Automotive vehicles and lubricants,2001,621,393,PCU336110336110,partial,137.6,6.431331081933479,5.973809611869261,4.924350925499243,0.2575449780315422,0.1747169574087355,-0.007962401821543175,-0.019817162285533207,0.007962401821543175,0.0014814817524433366,0.0058309203107924645,0.0103093696588612,-0.01379332213233564,-0.002675436958076223,0.7313683933801434,0.687104866103982,segment
Automotive vehicles and lubricants,2002,746,445,PCU336110336110,partial,134.9,6.61472560020376,6.09807428216624,4.90453376321371,0.18339451827028164,0.12426467029697896,-0.019817162285533207,0.0014814817524433366,-0.007962401821543175,0.0103093696588612,0.007962401821543175,-0.0103093696588612,0.0058309203107924645,0.0004938272508144455,0.2575449780315422,0.1747169574087355,segment
Automotive vehicles and lubricants,2003,749,418,PCU336110336110,partial,135.1,6.618738983517219,6.035481432524756,4.906015244966153,0.004013383313458796,-0.06259284964148382,0.0014814817524433366,0.0103093696588612,-0.019817162285533207,-0.0103093696588612,-0.007962401821543175,-0.032345805943054806,0.007962401821543175,-0.010781935314351601,0.18339451827028164,0.12426467029697896,segment
Automotive vehicles and lubricants,2004,796,433,PCU336110336110,partial,136.5,6.679599185844383,6.07073772800249,4.916324614625014,0.060860202327163826,0.035256295477733346,0.0103093696588612,-0.0103093696588612,0.0014814817524433366,-0.032345805943054806,-0.019817162285533207,0.0022909517465556917,-0.007962401821543175,-0.013454741285120104,0.004013383313458796,-0.06259284964148382,segment
Automotive vehicles and lubricants,2005,781,427,PCU336110336110,partial,135.1,6.660575149839686,6.056784013228625,4.906015244966153,-0.01902403600469693,-0.013953714773864867,-0.0103093696588612,-0.032345805943054806,0.0103093696588612,0.0022909517465556917,0.0014814817524433366,0.013636574949545732,-0.019817162285533207,-0.00547275974898446,0.060860202327163826,0.035256295477733346,segment
Automotive vehicles and lubricants,2006,786,421,PCU336110336110,partial,130.8,6.666956792429207,6.042632833682381,4.873669439023098,0.006381642589520453,-0.014151179546243675,-0.032345805943054806,0.0022909517465556917,-0.0103093696588612,0.013636574949545732,0.0103093696588612,0.028191778010704382,0.0014814817524433366,0.014706434902268601,-0.01902403600469693,-0.013953714773864867,segment
Automotive vehicles and lubricants,2007,817,439,PCU336110336110,partial,131.1,6.705639094860003,6.0844994130751715,4.875960390769654,0.03868230243079651,0.04186657939279037,0.0022909517465556917,0.013636574949545732,-0.032345805943054806,0.028191778010704382,-0.0103093696588612,0.0007312614585464061,0.0103093696588612,0.01418653813959884,0.006381642589520453,-0.014151179546243675,segment
Automotive vehicles and lubricants,2008,831,416,PCU336110336110,partial,132.9,6.7226297948554485,6.030685260261263,4.8895969657192,0.016990699995445446,-0.05381415281390822,0.013636574949545732,0.028191778010704382,0.0022909517465556917,0.0007312614585464061,-0.032345805943054806,0.006557400546158831,-0.0103093696588612,0.011826813338469872,0.03868230243079651,0.04186657939279037,segment
Automotive vehicles and lubricants,2009,724,360,PCU336110336110,partial,136.7,6.584791392385716,5.886104031450156,4.917788743729904,-0.13783840246973256,-0.14458122881110747,0.028191778010704382,0.0007312614585464061,0.013636574949545732,0.006557400546158831,0.0022909517465556917,0.02509991932453204,-0.032345805943054806,0.010796193776412425,0.016990699995445446,-0.05381415281390822,segment
Automotive vehicles and lubricants,2010,855,450,PCU336110336110,partial,136.8,6.75110146893676,6.1092475827643655,4.918520005188451,0.1663100765510439,0.2231435513142097,0.0007312614585464061,0.006557400546158831,0.028191778010704382,0.02509991932453204,0.013636574949545732,0.010567199423649143,0.0022909517465556917,0.014074839764780004,-0.13783840246973256,-0.14458122881110747,segment
Automotive vehicles and lubricants,2011,856,397,PCU336110336110,partial,137.7,6.752270376141742,5.983936280687191,4.925077405734609,0.0011689072049820837,-0.12531130207717478,0.006557400546158831,0.02509991932453204,0.0007312614585464061,0.010567199423649143,0.028191778010704382,0.01805604609344691,0.013636574949545732,0.017907721613876028,0.1663100765510439,0.2231435513142097,segment
Automotive vehicles and lubricants,2012,855,430,PCU336110336110,partial,141.2,6.75110146893676,6.063785208687608,4.950177325059141,-0.0011689072049820837,0.0798489280004171,0.02509991932453204,0.010567199423649143,0.006557400546158831,0.01805604609344691,0.0007312614585464061,0.024474369113725913,0.028191778010704382,0.017699204876940655,0.0011689072049820837,-0.12531130207717478,segment
Automotive vehicles and lubricants,2013,900,433,PCU336110336110,partial,142.7,6.802394763324311,6.07073772800249,4.960744524482791,0.051293294387551036,0.006952519314881833,0.010567199423649143,0.01805604609344691,0.02509991932453204,0.024474369113725913,0.006557400546158831,0.008026798949452463,0.0007312614585464061,0.016852404718875093,-0.0011689072049820837,0.0798489280004171,segment
Automotive vehicles and lubricants,2014,925,434,PCU336110336110,partial,145.3,6.829793737512425,6.073044534100405,4.9788005705762375,0.02739897418811399,0.002306806097915448,0.01805604609344691,0.024474369113725913,0.010567199423649143,0.008026798949452463,0.02509991932453204,0.013236460625830837,0.006557400546158831,0.015245876229669737,0.051293294387551036,0.006952519314881833,segment
Automotive vehicles and lubricants,2015,909,458,PCU336110336110,partial,148.9,6.812345094177479,6.126869184114185,5.003274939689963,-0.017448643334946112,0.05382465001378023,0.024474369113725913,0.008026798949452463,0.01805604609344691,0.013236460625830837,0.010567199423649143,0.007206058041243857,0.02509991932453204,0.009489772538842384,0.02739897418811399,0.002306806097915448,segment
Automotive vehicles and lubricants,2016,869,429,PCU336110336110,partial,150.1,6.767343125265392,6.061456918928017,5.011301738639416,-0.04500196891208663,-0.06541226518616838,0.008026798949452463,0.013236460625830837,0.024474369113725913,0.007206058041243857,0.01805604609344691,,0.010567199423649143,,-0.017448643334946112,0.05382465001378023,segment
Automotive vehicles and lubricants,2017,719,390,PCU336110336110,partial,152.1,6.577861357721047,5.966146739123692,5.024538199265247,-0.1894817675443452,-0.09531017980432477,0.013236460625830837,0.007206058041243857,0.008026798949452463,,0.024474369113725913,,0.01805604609344691,,-0.04500196891208663,-0.06541226518616838,segment
Automotive vehicles and lubricants,2018,157,78,PCU336110336110,partial,153.2,5.056245805348308,4.356708826689592,5.0317442573064906,-1.5216155523727393,-1.6094379124341005,0.007206058041243857,,0.013236460625830837,,0.008026798949452463,,0.024474369113725913,,-0.1894817675443452,-0.09531017980432477,segment
Beverages and dairy,1995,37,33,PCU3121--3121--,partial,123.1,3.6109179126442243,3.4965075614664802,4.812997033190408,,,,0.019308725381431024,,0.006354270784606264,,0.00710062154957658,,0.010921205905204623,,,segment
Beverages and dairy,1996,72,63,PCU3121--3121--,partial,125.5,4.276666119016055,4.143134726391533,4.832305758571839,0.665748206371831,0.6466271649250523,0.019308725381431024,0.006354270784606264,,0.00710062154957658,,0.020234153363968055,,0.011229681899383632,,,segment
Beverages and dairy,1997,186,142,PCU3121--3121--,partial,126.3,5.225746673713202,4.955827057601261,4.838660029356445,0.9490805546971464,0.8126923312097283,0.006354270784606264,0.00710062154957658,0.019308725381431024,0.020234153363968055,,0.03482562381905918,,0.02072013291086794,0.665748206371831,0.6466271649250523,segment
Beverages and dairy,1998,439,350,PCU3121--3121--,partial,127.2,6.0844994130751715,5.857933154483459,4.845760650906022,0.8587527393619698,0.9021060968821981,0.00710062154957658,0.020234153363968055,0.006354270784606264,0.03482562381905918,0.019308725381431024,0.030771658666753687,,0.02861047861659364,0.9490805546971464,0.8126923312097283,segment
Beverages and dairy,1999,1195,857,PCU3121--3121--,partial,129.8,7.085901464365611,6.75343791859778,4.86599480426999,1.0014020512904391,0.895504764114321,0.020234153363968055,0.03482562381905918,0.00710062154957658,0.030771658666753687,0.006354270784606264,0.01574835696813981,0.019308725381431024,0.02711521315131756,0.8587527393619698,0.9021060968821981,segment
Beverages and dairy,2000,2707,1611,PCU3121--3121--,partial,134.4,7.903596289614301,7.384610383176974,4.900820428089049,0.8176948252486902,0.6311724645791941,0.03482562381905918,0.030771658666753687,0.020234153363968055,0.01574835696813981,0.00710062154957658,0.013404080758848025,0.006354270784606264,0.019974698797913838,1.0014020512904391,0.895504764114321,segment
Beverages and dairy,2001,3819,1939,PCU3121--3121--,partial,138.6,8.247743887225516,7.569927655242652,4.931592086755803,0.34414759761121516,0.18531727206567794,0.030771658666753687,0.01574835696813981,0.03482562381905918,0.013404080758848025,0.020234153363968055,0.025598077044421075,0.00710062154957658,0.018250171590469634,0.8176948252486902,0.6311724645791941,segment
Beverages and dairy,2002,4321,2032,PCU3121--3121--,partial,140.8,8.371242135931933,7.616775808698373,4.9473404437239425,0.1234982487064169,0.0468481534557208,0.01574835696813981,0.013404080758848025,0.030771658666753687,0.025598077044421075,0.03482562381905918,0.026955809988527868,0.020234153363968055,0.02198598926393232,0.34414759761121516,0.18531727206567794,segment
Beverages and dairy,2003,4759,2081,PCU3121--3121--,partial,142.7,8.46779284112111,7.640603826393634,4.960744524482791,0.09655070518917697,0.023828017695261217,0.013404080758848025,0.025598077044421075,0.01574835696813981,0.026955809988527868,0.030771658666753687,0.01909837436202899,0.03482562381905918,0.02388408713165931,0.1234982487064169,0.0468481534557208,segment
Beverages and dairy,2004,5580,2383,PCU3121--3121--,partial,146.4,8.626944055375356,7.776115477098742,4.986342601527212,0.15915121425424594,0.13551165070510773,0.025598077044421075,0.026955809988527868,0.013404080758848025,0.01909837436202899,0.01574835696813981,0.012317821871349999,0.030771658666753687,0.019457335407302285,0.09655070518917697,0.023828017695261217,segment
Beverages and dairy,2005,6088,2553,PCU3121--3121--,partial,150.4,8.714074899541522,7.845024417241484,5.0132984115157395,0.08713084416616645,0.06890894014274185,0.026955809988527868,0.01909837436202899,0.025598077044421075,0.012317821871349999,0.013404080758848025,0.04411553393219414,0.01574835696813981,0.025177243388524374,0.15915121425424594,0.13551165070510773,segment
Beverages and dairy,2006,6481,2627,PCU3121--3121--,partial,153.3,8.776630098427717,7.87359778968554,5.0323967858777685,0.06255519888619432,0.028573372444056666,0.01909837436202899,0.012317821871349999,0.026955809988527868,0.04411553393219414,0.025598077044421075,0.03751196012691338,0.013404080758848025,0.031315105310152504,0.08713084416616645,0.06890894014274185,segment
Beverages and dairy,2007,7392,3007,PCU3121--3121--,partial,155.2,8.90815361332152,8.008698182988528,5.0447146077491185,0.13152351489380365,0.13510039330298795,0.012317821871349999,0.04411553393219414,0.01909837436202899,0.03751196012691338,0.026955809988527868,0.014151179546243675,0.025598077044421075,0.031926224535117065,0.06255519888619432,0.028573372444056666,segment
Beverages and dairy,2008,7024,2843,PCU3121--3121--,partial,162.2,8.857088135314953,7.952615111651,5.088830141681313,-0.05106547800656713,-0.05608307133752799,0.04411553393219414,0.03751196012691338,0.012317821871349999,0.014151179546243675,0.01909837436202899,0.019136565419673346,0.026955809988527868,0.023599901697610132,0.13152351489380365,0.13510039330298795,segment
Beverages and dairy,2009,6954,2759,PCU3121--3121--,partial,168.4,8.847072312567807,7.922623574217286,5.126342101808226,-0.010015822747146075,-0.0299915374337143,0.03751196012691338,0.014151179546243675,0.04411553393219414,0.019136565419673346,0.012317821871349999,0.028314462292523324,0.01909837436202899,0.02053406908614678,-0.05106547800656713,-0.05608307133752799,segment
Beverages and dairy,2010,7675,3033,PCU3121--3121--,partial,170.8,8.945723572455398,8.017307507688582,5.14049328135447,0.09865125988759083,0.09468393347129567,0.014151179546243675,0.019136565419673346,0.03751196012691338,0.028314462292523324,0.04411553393219414,0.011105055822701715,0.012317821871349999,0.019518694511632795,-0.010015822747146075,-0.0299915374337143,segment
Beverages and dairy,2011,8615,3386,PCU3121--3121--,partial,174.1,9.06126014896203,8.12740456269308,5.159629846774143,0.1155365765066314,0.1100970550044984,0.019136565419673346,0.028314462292523324,0.014151179546243675,0.011105055822701715,0.03751196012691338,0.008796098494593174,0.04411553393219414,0.016071872203272736,0.09865125988759083,0.09468393347129567,segment
Beverages and dairy,2012,9509,3648,PCU3121--3121--,partial,179.1,9.159993997539445,8.201934351194222,5.187944309066666,0.09873384857741563,0.07452978850114178,0.028314462292523324,0.011105055822701715,0.019136565419673346,0.008796098494593174,0.014151179546243675,0.01142869582362227,0.03751196012691338,0.010443283380305719,0.1155365765066314,0.1100970550044984,segment
Beverages and dairy,2013,10661,4138,PCU3121--3121--,partial,181.1,9.274347501950475,8.327967858305488,5.199049364889368,0.11435350441102976,0.12603350711126637,0.011105055822701715,0.008796098494593174,0.028314462292523324,0.01142869582362227,0.019136565419673346,0.023530497410193973,0.014151179546243675,0.014585097242803139,0.09873384857741563,0.07452978850114178,segment
Beverages and dairy,2014,11500,4237,PCU3121--3121--,partial,182.7,9.350102314351341,8.351610750626559,5.207845463383961,0.07575481240086646,0.023642892321070974,0.008796098494593174,0.01142869582362227,0.011105055822701715,0.023530497410193973,0.028314462292523324,0.0036929612004623635,0.019136565419673346,0.012884051478092868,0.11435350441102976,0.12603350711126637,segment
Beverages and dairy,2015,12073,4511,PCU3121--3121--,partial,184.8,9.398726833332388,8.414274137408396,5.2192741592075835,0.048624518981046805,0.06266338678183736,0.01142869582362227,0.023530497410193973,0.008796098494593174,0.0036929612004623635,0.011105055822701715,0.010476785195414173,0.028314462292523324,0.012566747935356837,0.07575481240086646,0.023642892321070974,segment
Beverages and dairy,2016,11762,4238,PCU3121--3121--,partial,189.2,9.372629275019902,8.351846738828245,5.2428046566177775,-0.026097558312486058,-0.06242739858015156,0.023530497410193973,0.0036929612004623635,0.01142869582362227,0.010476785195414173,0.008796098494593174,,0.011105055822701715,,0.048624518981046805,0.06266338678183736,segment
Beverages and dairy,2017,9444,3479,PCU3121--3121--,partial,189.9,9.153134898205403,8.154500175151941,5.24649761781824,-0.2194943768144988,-0.19734656367630343,0.0036929612004623635,0.010476785195414173,0.023530497410193973,,0.01142869582362227,,0.008796098494593174,,-0.026097558312486058,-0.06242739858015156,segment
Beverages and dairy,2018,1919,679,PCU3121--3121--,partial,191.9,7.5595594960077,6.520621127558696,5.256974403013654,-1.593575402197703,-1.6338790475932452,0.010476785195414173,,0.0036929612004623635,,0.023530497410193973,,0.01142869582362227,,-0.2194943768144988,-0.19734656367630343,segment
Cleaning preparations and coatings,1995,3,3,PCU3256--3256--,partial,125.0,1.0986122886681098,1.0986122886681098,4.8283137373023015,,,,0.012718772407774637,,0.0055139958532848254,,0.010937609038720097,,0.009723459099926519,,,segment
Cleaning preparations and coatings,1996,6,6,PCU3256--3256--,partial,126.6,1.791759469228055,1.791759469228055,4.841032509710076,0.6931471805599452,0.6931471805599452,0.012718772407774637,0.0055139958532848254,,0.010937609038720097,,0.012355369528718185,,0.009602324806907703,,,segment
Cleaning preparations and coatings,1997,49,41,PCU3256--3256--,partial,127.3,3.8918202981106265,3.713572066704308,4.846546505563361,2.1000608288825715,1.921812597476253,0.0055139958532848254,0.010937609038720097,0.012718772407774637,0.012355369528718185,,0.01674316129547737,,0.013345379954305217,0.6931471805599452,0.6931471805599452,segment
Cleaning preparations and coatings,1998,162,128,PCU3256--3256--,partial,128.7,5.087596335232384,4.852030263919617,4.857484114602081,1.1957760371217572,1.138458197215309,0.010937609038720097,0.012355369528718185,0.0055139958532848254,0.01674316129547737,0.012718772407774637,0.012748579111304892,,0.013949036645166816,2.1000608288825715,1.921812597476253,segment
Cleaning preparations and coatings,1999,383,285,PCU3256--3256--,partial,130.3,5.948034989180646,5.652489180268651,4.869839484130799,0.860438653948262,0.8004589163490339,0.012355369528718185,0.01674316129547737,0.010937609038720097,0.012748579111304892,0.0055139958532848254,0.0,0.012718772407774637,0.009830580135594087,1.1957760371217572,1.138458197215309,segment
Cleaning preparations and coatings,2000,888,585,PCU3256--3256--,partial,132.5,6.78897174299217,6.371611847231857,4.886582645426277,0.8409367538115244,0.719122666963206,0.01674316129547737,0.012748579111304892,0.012355369528718185,0.0,0.010937609038720097,0.005202538676128299,0.0055139958532848254,0.005983705929144397,0.860438653948262,0.8004589163490339,segment
Cleaning preparations and coatings,2001,1283,755,PCU3256--3256--,partial,134.2,7.1569563646156364,6.626717749249025,4.8993312245375815,0.36798462162346635,0.255105902017168,0.012748579111304892,0.0,0.01674316129547737,0.005202538676128299,0.012355369528718185,0.014716969080693865,0.010937609038720097,0.006639835918940721,0.8409367538115244,0.719122666963206,segment
Cleaning preparations and coatings,2002,1406,711,PCU3256--3256--,partial,134.2,7.2485040723706105,6.566672429803241,4.8993312245375815,0.091547707754974,-0.06004531944578417,0.0,0.005202538676128299,0.012748579111304892,0.014716969080693865,0.01674316129547737,0.025956756479397214,0.012355369528718185,0.015292088078739791,0.36798462162346635,0.255105902017168,segment
Cleaning preparations and coatings,2003,1696,813,PCU3256--3256--,partial,134.9,7.4360278163518485,6.70073110954781,4.90453376321371,0.18752374398123806,0.13405867974456953,0.005202538676128299,0.014716969080693865,0.0,0.025956756479397214,0.012748579111304892,0.028763820950863384,0.01674316129547737,0.02314584883698482,0.091547707754974,-0.06004531944578417,segment
Cleaning preparations and coatings,2004,1729,720,PCU3256--3256--,partial,136.9,7.455298485683291,6.579251212010101,4.919250732294404,0.01927066933144239,-0.12147989753770894,0.014716969080693865,0.025956756479397214,0.005202538676128299,0.028763820950863384,0.0,0.017820896570111877,0.012748579111304892,0.02418049133345749,0.18752374398123806,0.13405867974456953,segment
Cleaning preparations and coatings,2005,1711,728,PCU3256--3256--,partial,140.5,7.444833273892193,6.590301048196686,4.945207488773801,-0.010465211791097495,0.011049836186584727,0.025956756479397214,0.028763820950863384,0.014716969080693865,0.017820896570111877,0.005202538676128299,0.03864571509765913,0.0,0.028410144206211463,0.01927066933144239,-0.12147989753770894,segment
Cleaning preparations and coatings,2006,1606,711,PCU3256--3256--,partial,144.6,7.381501894506707,6.566672429803241,4.973971309724664,-0.06333137938548639,-0.023628618393445322,0.028763820950863384,0.017820896570111877,0.025956756479397214,0.03864571509765913,0.014716969080693865,0.025807883955872413,0.005202538676128299,0.027424831874547806,-0.010465211791097495,0.011049836186584727,segment
Cleaning preparations and coatings,2007,1736,788,PCU3256--3256--,partial,147.2,7.459338895220296,6.669498089857879,4.991792206294776,0.0778370007135889,0.10282566005463867,0.017820896570111877,0.03864571509765913,0.028763820950863384,0.025807883955872413,0.025956756479397214,-0.0038289772370969644,0.014716969080693865,0.020208207272144858,-0.06333137938548639,-0.023628618393445322,segment
Cleaning preparations and coatings,2008,1761,764,PCU3256--3256--,partial,153.0,7.473637108496206,6.638567789166521,5.030437921392435,0.014298213275909966,-0.030930300691358603,0.03864571509765913,0.025807883955872413,0.017820896570111877,-0.0038289772370969644,0.028763820950863384,0.025253867321203494,0.025956756479397214,0.015744258013326313,0.0778370007135889,0.10282566005463867,segment
Cleaning preparations and coatings,2009,1625,690,PCU3256--3256--,partial,157.0,7.393263094763838,6.536691597591305,5.056245805348308,-0.08037401373236808,-0.10187619157521599,0.025807883955872413,-0.0038289772370969644,0.03864571509765913,0.025253867321203494,0.017820896570111877,0.03130049938470325,0.028763820950863384,0.017575129822936592,0.014298213275909966,-0.030930300691358603,segment
Cleaning preparations and coatings,2010,1706,769,PCU3256--3256--,partial,156.4,7.441906728051625,6.645090969505644,5.052416828111211,0.04864363328778687,0.10839937191433968,-0.0038289772370969644,0.025253867321203494,0.025807883955872413,0.03130049938470325,0.03864571509765913,0.0036188218021315777,0.017820896570111877,0.02005772950267944,-0.08037401373236808,-0.10187619157521599,segment
Cleaning preparations and coatings,2011,1823,805,PCU3256--3256--,partial,160.4,7.508238774678663,6.690842277418564,5.077670695432414,0.06633204662703829,0.04575130791291926,0.025253867321203494,0.03130049938470325,-0.0038289772370969644,0.0036188218021315777,0.025807883955872413,0.014345733173167119,0.03864571509765913,0.016421684786667314,0.04864363328778687,0.10839937191433968,segment
Cleaning preparations and coatings,2012,1864,796,PCU3256--3256--,partial,165.5,7.530479995245536,6.679599185844383,5.1089711948171175,0.022241220566873388,-0.011243091574180575,0.03130049938470325,0.0036188218021315777,0.025253867321203494,0.014345733173167119,-0.0038289772370969644,0.005917177028088361,0.025807883955872413,0.007960577334462352,0.06633204662703829,0.04575130791291926,segment
Cleaning preparations and coatings,2013,1829,733,PCU3256--3256--,partial,166.1,7.511524648390866,6.597145701886651,5.112590016619249,-0.018955346854670374,-0.08245348395773178,0.0036188218021315777,0.014345733173167119,0.03130049938470325,0.005917177028088361,0.025253867321203494,0.005295687574711216,-0.0038289772370969644,0.008519532591988899,0.022241220566873388,-0.011243091574180575,segment
Cleaning preparations and coatings,2014,2005,787,PCU3256--3256--,partial,168.5,7.60339933974067,6.668228248417403,5.126935749792416,0.09187469134980386,0.07108254653075186,0.014345733173167119,0.005917177028088361,0.0036188218021315777,0.005295687574711216,0.03130049938470325,0.00701757265864611,0.025253867321203494,0.006076812420481895,-0.018955346854670374,-0.08245348395773178,segment
Cleaning preparations and coatings,2015,1831,756,PCU3256--3256--,partial,169.5,7.5126175446745105,6.628041376179533,5.1328529268205045,-0.09078179506615935,-0.040186872237869764,0.005917177028088361,0.005295687574711216,0.014345733173167119,0.00701757265864611,0.0036188218021315777,0.020191052237944263,0.03130049938470325,0.010834770823767196,0.09187469134980386,0.07108254653075186,segment
Cleaning preparations and coatings,2016,1766,780,PCU3256--3256--,partial,170.4,7.476472381163905,6.659293919683638,5.138148614395216,-0.03614516351060537,0.031252543504104224,0.005295687574711216,0.00701757265864611,0.005917177028088361,0.020191052237944263,0.014345733173167119,,0.0036188218021315777,,-0.09078179506615935,-0.040186872237869764,segment
Cleaning preparations and coatings,2017,1549,720,PCU3256--3256--,partial,171.6,7.3453648404168685,6.579251212010101,5.145166187053862,-0.13110754074703657,-0.08004270767353638,0.00701757265864611,0.020191052237944263,0.005295687574711216,,0.005917177028088361,,0.014345733173167119,,-0.03614516351060537,0.031252543504104224,segment
Cleaning preparations and coatings,2018,327,173,PCU3256--3256--,partial,175.1,5.7899601708972535,5.153291594497779,5.165357239291806,-1.555404669519615,-1.425959617512322,0.020191052237944263,,0.00701757265864611,,0.005295687574711216,,0.005917177028088361,,-0.13110754074703657,-0.08004270767353638,segment
"Clothing, bags and footwear",1995,82,77,WPU0381,good,124.2,4.406719247264253,4.343805421853684,4.821893169499378,,,,0.007220247973487304,,0.004784698123335929,,0.007923971730892099,,0.006642972609238443,,,segment
"Clothing, bags and footwear",1996,156,145,WPU0381,good,125.1,5.049856007249537,4.976733742420574,4.829113417472866,0.6431367599852837,0.6329283205668901,0.007220247973487304,0.004784698123335929,,0.007923971730892099,,0.003152090868314694,,0.005286920240847573,,,segment
"Clothing, bags and footwear",1997,502,417,WPU0381,good,125.7,6.218600119691729,6.0330862217988015,4.8338981155962015,1.1687441124421918,1.0563524793782273,0.004784698123335929,0.007923971730892099,0.007220247973487304,0.003152090868314694,,0.0023575649426543777,,0.004477875847287057,0.6431367599852837,0.6329283205668901,segment
"Clothing, bags and footwear",1998,1051,834,WPU0381,good,126.7,6.957497370876951,6.726233402358747,4.841822087327094,0.7388972511852225,0.6931471805599454,0.007923971730892099,0.003152090868314694,0.004784698123335929,0.0023575649426543777,0.007220247973487304,-0.004720701134937499,,0.0002629848920105241,1.1687441124421918,1.0563524793782273,segment
"Clothing, bags and footwear",1999,2475,1784,WPU0381,good,127.1,7.813995675002791,7.486613313139955,4.844974178195408,0.8564983041258394,0.7603799107812081,0.003152090868314694,0.0023575649426543777,0.007923971730892099,-0.004720701134937499,0.004784698123335929,-0.010305283431286227,0.007220247973487304,-0.004222806541189783,0.7388972511852225,0.6931471805599454,segment
"Clothing, bags and footwear",2000,5094,3380,WPU0381,good,127.4,8.535818655539403,8.125630988477065,4.847331743138063,0.7218229805366123,0.6390176753371097,0.0023575649426543777,-0.004720701134937499,0.003152090868314694,-0.010305283431286227,0.007923971730892099,0.0015923570243625562,0.004784698123335929,-0.004477875847287057,0.8564983041258394,0.7603799107812081,segment
"Clothing, bags and footwear",2001,6632,4054,WPU0381,good,126.8,8.79966169681513,8.307459327011946,4.842611042003125,0.26384304127572733,0.18182833853488134,-0.004720701134937499,-0.010305283431286227,0.0023575649426543777,0.0015923570243625562,0.003152090868314694,-0.0007958615621035392,0.007923971730892099,-0.0031695959896757366,0.7218229805366123,0.6390176753371097,segment
"Clothing, bags and footwear",2002,7902,4585,WPU0381,good,125.5,8.974871170971337,8.430545384690566,4.832305758571839,0.17520947415620647,0.12308605767861991,-0.010305283431286227,0.0015923570243625562,-0.004720701134937499,-0.0007958615621035392,0.0023575649426543777,0.0,0.003152090868314694,0.0002654984874196723,0.26384304127572733,0.18182833853488134,segment
"Clothing, bags and footwear",2003,8727,4852,WPU0381,good,125.7,9.074176947163311,8.48714627006394,4.8338981155962015,0.099305776191974,0.056600885373374155,0.0015923570243625562,-0.0007958615621035392,-0.010305283431286227,0.0,-0.004720701134937499,0.0023856870162033417,0.0023575649426543777,0.0005299418180332675,0.17520947415620647,0.12308605767861991,segment
"Clothing, bags and footwear",2004,10299,5779,WPU0381,good,125.6,9.239802082125802,8.661985936317778,4.833102254034098,0.16562513496249132,0.1748396662538383,-0.0007958615621035392,0.0,0.0015923570243625562,0.0023856870162033417,-0.010305283431286227,0.008699145408289866,-0.004720701134937499,0.0036949441414977358,0.099305776191974,0.056600885373374155,segment
"Clothing, bags and footwear",2005,11340,6200,WPU0381,good,125.6,9.336091577281744,8.732304571033183,4.833102254034098,0.09628949515594165,0.07031863471540412,0.0,0.0023856870162033417,-0.0007958615621035392,0.008699145408289866,0.0015923570243625562,0.007843177461025697,-0.010305283431286227,0.006309336628506301,0.16562513496249132,0.1748396662538383,segment
"Clothing, bags and footwear",2006,11890,6404,WPU0381,good,125.9,9.383452989684827,8.764678074116606,4.835487941050301,0.04736141240308278,0.03237350308342357,0.0023856870162033417,0.008699145408289866,0.0,0.007843177461025697,-0.0007958615621035392,0.010105021858194618,0.0015923570243625562,0.008882448242503393,0.09628949515594165,0.07031863471540412,segment
"Clothing, bags and footwear",2007,13391,7354,WPU0381,good,127.0,9.502338118495565,8.902999661861218,4.844187086458591,0.11888512881073865,0.13832158774461156,0.008699145408289866,0.007843177461025697,0.0023856870162033417,0.010105021858194618,0.0,0.0015455953617813378,-0.0007958615621035392,0.006497931560333884,0.04736141240308278,0.03237350308342357,segment
"Clothing, bags and footwear",2008,13530,7233,WPU0381,good,128.0,9.512664721164834,8.886409166849282,4.852030263919617,0.010326602669268325,-0.016590495011936213,0.007843177461025697,0.010105021858194618,0.008699145408289866,0.0015455953617813378,0.0023856870162033417,0.03191760296830459,0.0,0.014522740062760182,0.11888512881073865,0.13832158774461156,segment
"Clothing, bags and footwear",2009,12843,6938,WPU0381,good,129.3,9.460554194813056,8.844768827529695,4.8621352857778115,-0.05211052635177715,-0.04164033931958677,0.010105021858194618,0.0015455953617813378,0.007843177461025697,0.03191760296830459,0.008699145408289866,0.02292152108055312,0.0023856870162033417,0.018794906470213014,0.010326602669268325,-0.016590495011936213,segment
"Clothing, bags and footwear",2010,14855,8079,WPU0381,good,129.5,9.606091787896707,8.997023381479709,4.863680881139593,0.14553759308365066,0.15225455395001397,0.0015455953617813378,0.03191760296830459,0.010105021858194618,0.02292152108055312,0.007843177461025697,0.011628037995119023,0.008699145408289866,0.022155720681325576,-0.05211052635177715,-0.04164033931958677,segment
"Clothing, bags and footwear",2011,16150,9017,WPU0381,good,133.7,9.689675328650802,9.106866963499908,4.895598484107897,0.0835835407540948,0.10984358202019884,0.03191760296830459,0.02292152108055312,0.0015455953617813378,0.011628037995119023,0.010105021858194618,0.0,0.007843177461025697,0.011516519691890714,0.14553759308365066,0.15225455395001397,segment
"Clothing, bags and footwear",2012,17342,9823,WPU0381,good,136.8,9.760886583937106,9.19248185367487,4.918520005188451,0.07121125528630401,0.08561489017496271,0.02292152108055312,0.011628037995119023,0.03191760296830459,0.0,0.0015455953617813378,0.007199455142854028,0.010105021858194618,0.0062758310459910165,0.0835835407540948,0.10984358202019884,segment
"Clothing, bags and footwear",2013,18559,10586,WPU0381,good,138.4,9.828710125578304,9.267287652417933,4.93014804318357,0.0678235416411983,0.07480579874306237,0.011628037995119023,0.0,0.02292152108055312,0.007199455142854028,0.03191760296830459,0.0057224762740659685,0.0015455953617813378,0.004307310472306665,0.07121125528630401,0.08561489017496271,segment
"Clothing, bags and footwear",2014,19421,11083,WPU0381,good,138.4,9.874110233825451,9.313167681775653,4.93014804318357,0.04540010824714713,0.045880029357720176,0.0,0.007199455142854028,0.011628037995119023,0.0057224762740659685,0.02292152108055312,0.013461060502565125,0.03191760296830459,0.008794330639828374,0.0678235416411983,0.07480579874306237,segment
"Clothing, bags and footwear",2015,21380,12744,WPU0381,good,139.4,9.970211184579036,9.452815851589884,4.937347498326424,0.09610095075358416,0.13964816981423134,0.007199455142854028,0.0057224762740659685,0.0,0.013461060502565125,0.011628037995119023,0.013282264472946004,0.02292152108055312,0.010821933749859031,0.04540010824714713,0.045880029357720176,segment
"Clothing, bags and footwear",2016,24362,15758,WPU0381,good,140.2,10.100779820259904,9.665103451805633,4.94306997460049,0.13056863568086818,0.212287600215749,0.0057224762740659685,0.013461060502565125,0.007199455142854028,0.013282264472946004,0.0,0.006920442844573493,0.011628037995119023,0.011221255940028207,0.09610095075358416,0.13964816981423134,segment
"Clothing, bags and footwear",2017,24852,16964,WPU0381,good,142.1,10.120693511183584,9.738848730594482,4.956531035103055,0.019913690923679894,0.07374527878884862,0.013461060502565125,0.013282264472946004,0.0057224762740659685,0.006920442844573493,0.007199455142854028,,0.0,,0.13056863568086818,0.212287600215749,segment
"Clothing, bags and footwear",2018,5793,4152,WPU0381,good,144.0,8.664405571096625,8.331345424845724,4.969813299576001,-1.456287940086959,-1.407503305748758,0.013282264472946004,0.006920442844573493,0.013461060502565125,,0.0057224762740659685,,0.007199455142854028,,0.019913690923679894,0.07374527878884862,segment
"Clothing, bags and footwear",2019,1,0,WPU0381,good,145.0,0.0,,4.976733742420574,-8.664405571096625,,0.006920442844573493,,0.013282264472946004,,0.013461060502565125,,0.0057224762740659685,,-1.456287940086959,-1.407503305748758,segment
"Computer, software and information services",2001,11505,6006,PCU518210518210,partial,101.6,9.350537002469466,8.700514248543275,4.6210435351443815,,,,0.011741817876683491,,0.001943635208570882,,-0.009756174945365181,,0.0013097593799630638,,,segment
"Computer, software and information services",2002,10114,5103,PCU518210518210,partial,102.8,9.221675881639928,8.537583881063972,4.632785353021065,-0.12886112082953716,-0.16293036747930323,0.011741817876683491,0.001943635208570882,,-0.009756174945365181,,0.0,,-0.002604179912264766,,,segment
"Computer, software and information services",2003,9571,4715,PCU518210518210,partial,103.0,9.166492972195906,8.458504195067558,4.634728988229636,-0.0551829094440226,-0.07907968599641357,0.001943635208570882,-0.009756174945365181,0.011741817876683491,0.0,,0.008784829555732898,,-0.0003237817965440944,-0.12886112082953716,-0.16293036747930323,segment
"Computer, software and information services",2004,10130,5072,PCU518210518210,partial,102.0,9.22325659724273,8.531490496117062,4.624972813284271,0.05676362504682331,0.07298630104950377,-0.009756174945365181,0.0,0.001943635208570882,0.008784829555732898,0.011741817876683491,0.005813969865419821,,0.004866266473717573,-0.0551829094440226,-0.07907968599641357,segment
"Computer, software and information services",2005,10475,5082,PCU518210518210,partial,102.0,9.25674674479034,8.53346016388011,4.624972813284271,0.03349014754761015,0.0019696677630474113,0.0,0.008784829555732898,-0.009756174945365181,0.005813969865419821,0.001943635208570882,0.0057803629154999925,0.011741817876683491,0.00679305411221757,0.05676362504682331,0.07298630104950377,segment
"Computer, software and information services",2006,11696,5744,PCU518210518210,partial,102.9,9.36700218198956,8.65591111072806,4.633757642840004,0.11025543719922126,0.12245094684794999,0.008784829555732898,0.005813969865419821,0.0,0.0057803629154999925,-0.009756174945365181,0.0009601536983430137,0.001943635208570882,0.004184828826420942,0.03349014754761015,0.0019696677630474113,segment
"Computer, software and information services",2007,12531,5890,PCU518210518210,partial,103.5,9.435960853165286,8.681011276645632,4.639571612705423,0.06895867117572507,0.025100165917573136,0.005813969865419821,0.0057803629154999925,0.008784829555732898,0.0009601536983430137,0.0,0.000959232687460343,-0.009756174945365181,0.0025665831004344497,0.11025543719922126,0.12245094684794999,segment
"Computer, software and information services",2008,11544,5479,PCU518210518210,partial,104.1,9.353921100453707,8.608677881538416,4.645351975620923,-0.08203975271157837,-0.0723333951072167,0.0057803629154999925,0.0009601536983430137,0.005813969865419821,0.000959232687460343,0.008784829555732898,0.008591938296882873,0.0,0.003503774894228743,0.06895867117572507,0.025100165917573136,segment
"Computer, software and information services",2009,10549,5003,PCU518210518210,partial,104.2,9.263786347681808,8.517793011488205,4.646312129319266,-0.09013475277189897,-0.09088487005021051,0.0009601536983430137,0.000959232687460343,0.0057803629154999925,0.008591938296882873,0.005813969865419821,0.0047415925725822206,0.008784829555732898,0.004764254518975145,-0.08203975271157837,-0.0723333951072167,segment
"Computer, software and information services",2010,10632,5096,PCU518210518210,partial,104.3,9.271623600393081,8.536211197252,4.647271362006727,0.007837252711272669,0.01841818576379417,0.000959232687460343,0.008591938296882873,0.0009601536983430137,0.0047415925725822206,0.0057803629154999925,0.003777152743745127,0.005813969865419821,0.005703561204403407,-0.09013475277189897,-0.09088487005021051,segment
"Computer, software and information services",2011,11500,5399,PCU518210518210,partial,105.2,9.350102314351341,8.593969030218288,4.65586330030361,0.07847871395826012,0.05775783296628845,0.008591938296882873,0.0047415925725822206,0.000959232687460343,0.003777152743745127,0.0009601536983430137,0.006575880906157572,0.0057803629154999925,0.0050315420741616395,0.007837252711272669,0.01841818576379417,segment
"Computer, software and information services",2012,11612,5279,PCU518210518210,partial,105.7,9.35979432514452,8.571491964823617,4.660604892876192,0.009692010793179051,-0.022477065394671314,0.0047415925725822206,0.003777152743745127,0.008591938296882873,0.006575880906157572,0.000959232687460343,0.002805050927608299,0.0009601536983430137,0.004386028192503666,0.07847871395826012,0.05775783296628845,segment
"Computer, software and information services",2013,11880,5337,PCU518210518210,partial,106.1,9.382611592916636,8.582418976333944,4.664382045619937,0.022817267772115457,0.010927011510327489,0.003777152743745127,0.006575880906157572,0.0047415925725822206,0.002805050927608299,0.008591938296882873,0.012065111551843088,0.000959232687460343,0.007148681128536319,0.009692010793179051,-0.022477065394671314,segment
"Computer, software and information services",2014,11762,5450,PCU518210518210,partial,106.8,9.372629275019902,8.60337088765729,4.6709579265260945,-0.009982317896733761,0.02095191132334584,0.006575880906157572,0.002805050927608299,0.003777152743745127,0.012065111551843088,0.0047415925725822206,0.014652276786870644,0.008591938296882873,0.00984081308877401,0.022817267772115457,0.010927011510327489,segment
"Computer, software and information services",2015,11749,5363,PCU518210518210,partial,107.1,9.371523409567573,8.587278798982926,4.673762977453703,-0.0011058654523292688,-0.01609208867436429,0.002805050927608299,0.012065111551843088,0.006575880906157572,0.014652276786870644,0.003777152743745127,0.0027235604670403646,0.0047415925725822206,0.009813649601918032,-0.009982317896733761,0.02095191132334584,segment
"Computer, software and information services",2016,10642,5159,PCU518210518210,partial,108.4,9.272563715156315,8.54849804124465,4.685828089005546,-0.09895969441125807,-0.03878075773827483,0.012065111551843088,0.014652276786870644,0.002805050927608299,0.0027235604670403646,0.006575880906157572,,0.003777152743745127,,-0.0011058654523292688,-0.01609208867436429,segment
"Computer, software and information services",2017,9009,4466,PCU518210518210,partial,110.0,9.10597935665144,8.404248432400102,4.700480365792417,-0.16658435850487407,-0.1442496088445484,0.014652276786870644,0.0027235604670403646,0.012065111551843088,,0.002805050927608299,,0.006575880906157572,,-0.09895969441125807,-0.03878075773827483,segment
"Computer, software and information services",2018,1834,928,PCU518210518210,partial,110.3,7.51425465281641,6.833031732786201,4.703203926259457,-1.5917247038350304,-1.5712166996139016,0.0027235604670403646,,0.014652276786870644,,0.012065111551843088,,0.002805050927608299,,-0.16658435850487407,-0.1442496088445484,segment
"Construction, engineering and waste services",1997,44,37,PCU541330541330,partial,102.3,3.784189633918261,3.6109179126442243,4.627909672957581,,,,0.02605067719994203,,0.027244522106565583,,0.02922582438149579,,0.027507007896001134,,,segment
"Construction, engineering and waste services",1998,134,116,PCU541330541330,partial,105.0,4.897839799950911,4.7535901911063645,4.653960350157523,1.11365016603265,1.1426722784621401,0.02605067719994203,0.027244522106565583,,0.02922582438149579,,0.038839833316263395,,0.03177005993477492,,,segment
"Construction, engineering and waste services",1999,408,345,PCU541330541330,partial,107.9,6.0112671744041615,5.84354441703136,4.681204872264089,1.1134273744532504,1.0899542259249957,0.027244522106565583,0.02922582438149579,0.02605067719994203,0.038839833316263395,,0.04982034866355001,,0.03929533545376973,1.11365016603265,1.1426722784621401,segment
"Construction, engineering and waste services",2000,1210,942,PCU541330541330,partial,111.1,7.098375638590786,6.848005274576363,4.7104306966455844,1.0871084641866249,1.004460857545003,0.02922582438149579,0.038839833316263395,0.027244522106565583,0.04982034866355001,0.02605067719994203,0.03002253884746775,,0.039560906942427046,1.1134273744532504,1.0899542259249957,segment
"Construction, engineering and waste services",2001,1648,1218,PCU541330541330,partial,115.5,7.4073177104694174,7.1049654482698426,4.749270529961848,0.3089420718786311,0.25696017369347945,0.038839833316263395,0.04982034866355001,0.02922582438149579,0.03002253884746775,0.027244522106565583,0.02369779142982331,0.02605067719994203,0.03451355964694702,1.0871084641866249,1.004460857545003,segment
"Construction, engineering and waste services",2002,1675,1170,PCU541330541330,partial,121.4,7.423568444259167,7.064759027791802,4.799090878625398,0.016250733789749283,-0.04020642047804035,0.04982034866355001,0.03002253884746775,0.038839833316263395,0.02369779142982331,0.02922582438149579,0.0185620178600594,0.027244522106565583,0.024094116045783487,0.3089420718786311,0.25696017369347945,segment
"Construction, engineering and waste services",2003,1708,1152,PCU541330541330,partial,125.1,7.443078374348516,7.049254841255837,4.829113417472866,0.01950993008934887,-0.015504186535965303,0.03002253884746775,0.02369779142982331,0.04982034866355001,0.0185620178600594,0.038839833316263395,0.03980998836184746,0.02922582438149579,0.02735659921724339,0.016250733789749283,-0.04020642047804035,segment
"Construction, engineering and waste services",2004,1892,1293,PCU541330541330,partial,128.1,7.545389749611823,7.164720378771857,4.852811208902689,0.1023113752633078,0.11546553751602051,0.02369779142982331,0.0185620178600594,0.03002253884746775,0.03980998836184746,0.04982034866355001,0.04182296613502334,0.038839833316263395,0.03339832411897673,0.01950993008934887,-0.015504186535965303,segment
"Construction, engineering and waste services",2005,2104,1359,PCU541330541330,partial,130.5,7.651595573857601,7.214504414151143,4.871373226762748,0.10620582424577751,0.049784035379285996,0.0185620178600594,0.03980998836184746,0.02369779142982331,0.04182296613502334,0.03002253884746775,0.007037326720576331,0.04982034866355001,0.02955676040581571,0.1023113752633078,0.11546553751602051,segment
"Construction, engineering and waste services",2006,2493,1632,PCU541330541330,partial,135.8,7.821242083523558,7.397561535524052,4.911183215124596,0.16964650966595674,0.18305712137290886,0.03980998836184746,0.04182296613502334,0.0185620178600594,0.007037326720576331,0.02369779142982331,0.01669023444037876,0.03002253884746775,0.021850175765326142,0.10620582424577751,0.049784035379285996,segment
"Construction, engineering and waste services",2007,2802,1779,PCU541330541330,partial,141.6,7.938088726896952,7.483806687665835,4.953006181259619,0.11684664337339434,0.08624515214178263,0.04182296613502334,0.007037326720576331,0.03980998836184746,0.01669023444037876,0.0185620178600594,0.005502077153983542,0.02369779142982331,0.00974321277164621,0.16964650966595674,0.18305712137290886,segment
"Construction, engineering and waste services",2008,2918,1898,PCU541330541330,partial,142.6,7.978653729082731,7.5485559791698735,4.960043507980195,0.04056500218577863,0.06474929150403863,0.007037326720576331,0.01669023444037876,0.04182296613502334,0.005502077153983542,0.03980998836184746,0.01700142956932904,0.0185620178600594,0.013064580387897113,0.11684664337339434,0.08624515214178263,segment
"Construction, engineering and waste services",2009,2735,1806,PCU541330541330,partial,145.0,7.913886714856082,7.498869733976931,4.976733742420574,-0.06476701422664899,-0.049686245192942735,0.01669023444037876,0.005502077153983542,0.007037326720576331,0.01700142956932904,0.04182296613502334,0.01671720642996899,0.03980998836184746,0.013073571051093857,0.04056500218577863,0.06474929150403863,segment
"Construction, engineering and waste services",2010,2574,1596,PCU541330541330,partial,145.8,7.853216388156072,7.3752557780097545,4.982235819574558,-0.06067032670000927,-0.12361395596717628,0.005502077153983542,0.01700142956932904,0.01669023444037876,0.01671720642996899,0.007037326720576331,0.01709443335929972,0.04182296613502334,0.01693768978619925,-0.06476701422664899,-0.049686245192942735,segment
"Construction, engineering and waste services",2011,2716,1668,PCU541330541330,partial,148.3,7.906915488678587,7.419380582918692,4.999237249143887,0.0536991005225147,0.044124804908937776,0.01700142956932904,0.01671720642996899,0.005502077153983542,0.01709443335929972,0.01669023444037876,0.014882189906797016,0.007037326720576331,0.01623127656535524,-0.06067032670000927,-0.12361395596717628,segment
"Construction, engineering and waste services",2012,2801,1644,PCU541330541330,partial,150.8,7.937731775260109,7.404887575616125,5.015954455573856,0.0308162865815218,-0.014493007302567307,0.01671720642996899,0.01709443335929972,0.01700142956932904,0.014882189906797016,0.005502077153983542,0.02724273639387409,0.01669023444037876,0.019739786553323608,0.0536991005225147,0.044124804908937776,segment
"Construction, engineering and waste services",2013,2651,1568,PCU541330541330,partial,153.4,7.8826922062890254,7.357556200910353,5.0330488889331555,-0.05503956897108342,-0.04733137470577198,0.01709443335929972,0.014882189906797016,0.01671720642996899,0.02724273639387409,0.01700142956932904,0.019802627296179764,0.005502077153983542,0.020642517865616956,0.0308162865815218,-0.014493007302567307,segment
"Construction, engineering and waste services",2014,2843,1675,PCU541330541330,partial,155.7,7.952615111651,7.423568444259167,5.0479310788399525,0.06992290536197476,0.06601224334881373,0.014882189906797016,0.02724273639387409,0.01709443335929972,0.019802627296179764,0.01671720642996899,0.021819047394640023,0.01700142956932904,0.022954803694897958,-0.05503956897108342,-0.04733137470577198,segment
"Construction, engineering and waste services",2015,3070,1814,PCU541330541330,partial,160.0,8.029432840581244,7.503289630675082,5.075173815233827,0.07681772893024341,0.07972118641591486,0.02724273639387409,0.019802627296179764,0.014882189906797016,0.021819047394640023,0.01709443335929972,0.025452690973501113,0.01671720642996899,0.022358121888106965,0.06992290536197476,0.06601224334881373,segment
"Construction, engineering and waste services",2016,2938,1818,PCU541330541330,partial,163.2,7.9854843567338225,7.505492274737424,5.094976442530006,-0.043948483847421116,0.002202644062342607,0.019802627296179764,0.021819047394640023,0.02724273639387409,0.025452690973501113,0.014882189906797016,,0.01709443335929972,,0.07681772893024341,0.07972118641591486,segment
"Construction, engineering and waste services",2017,2609,1628,PCU541330541330,partial,166.8,7.866722285136729,7.395107546562485,5.116795489924646,-0.11876207159709384,-0.11038472817493883,0.021819047394640023,0.025452690973501113,0.019802627296179764,,0.02724273639387409,,0.014882189906797016,,-0.043948483847421116,0.002202644062342607,segment
"Construction, engineering and waste services",2018,649,410,PCU541330541330,partial,171.1,6.47543271670409,6.016157159698354,5.1422481808981475,-1.3912895684326383,-1.3789503868641315,0.025452690973501113,,0.021819047394640023,,0.019802627296179764,,0.02724273639387409,,-0.11876207159709384,-0.11038472817493883,segment
Design and technical development services,1997,70,58,PCU541310541310,partial,102.0,4.248495242049359,4.060443010546419,4.624972813284271,,,,0.03657770613992817,,0.05516104129679977,,0.03515300441789648,,0.04229725061820814,,,segment
Design and technical development services,1998,270,204,PCU541310541310,partial,105.8,5.598421958998375,5.318119993844216,4.661550519424199,1.3499267169490157,1.257676983297797,0.03657770613992817,0.05516104129679977,,0.03515300441789648,,0.016274449127336332,,0.03552949828067753,,,segment
Design and technical development services,1999,645,514,PCU541310541310,partial,111.8,6.4692503167957724,6.2422232654551655,4.716711560720999,0.8708283577973974,0.9241032716109494,0.05516104129679977,0.03515300441789648,0.03657770613992817,0.016274449127336332,,0.015177357105334188,,0.022201603550189,1.3499267169490157,1.257676983297797,segment
Design and technical development services,2000,1775,1320,PCU541310541310,partial,115.8,7.4815557019095165,7.1853870155804165,4.751864565138895,1.012305385113744,0.943163750125251,0.03515300441789648,0.016274449127336332,0.05516104129679977,0.015177357105334188,0.03657770613992817,0.009162912921519606,,0.013538239718063375,0.8708283577973974,0.9241032716109494,segment
Design and technical development services,2001,2187,1547,PCU541310541310,partial,117.7,7.690286020676768,7.344072850573066,4.768139014266231,0.2087303187672518,0.15868583499264943,0.016274449127336332,0.015177357105334188,0.03515300441789648,0.009162912921519606,0.05516104129679977,-0.0016597514183649409,0.03657770613992817,0.007560172869496284,1.012305385113744,0.943163750125251,segment
Design and technical development services,2002,2200,1500,PCU541310541310,partial,119.5,7.696212639346407,7.313220387090301,4.783316371371566,0.005926618669638728,-0.03085246348276449,0.015177357105334188,0.009162912921519606,0.016274449127336332,-0.0016597514183649409,0.03515300441789648,0.02217750031568766,0.05516104129679977,0.009893553939614108,0.2087303187672518,0.15868583499264943,segment
Design and technical development services,2003,1998,1375,PCU541310541310,partial,120.6,7.599901959208498,7.226209010100671,4.792479284293085,-0.09631068013790856,-0.08701137698963013,0.009162912921519606,-0.0016597514183649409,0.015177357105334188,0.02217750031568766,0.016274449127336332,0.03825167539438912,0.03515300441789648,0.019589808097237277,0.005926618669638728,-0.03085246348276449,segment
Design and technical development services,2004,2076,1403,PCU541310541310,partial,120.4,7.638198244285779,7.246368080102461,4.79081953287472,0.03829628507728078,0.020159070001789736,-0.0016597514183649409,0.02217750031568766,0.009162912921519606,0.03825167539438912,0.015177357105334188,0.031553214001573515,0.016274449127336332,0.030660796570550097,-0.09631068013790856,-0.08701137698963013,segment
Design and technical development services,2005,2126,1425,PCU541310541310,partial,123.1,7.661997558901893,7.261927092702751,4.812997033190408,0.023799314616113953,0.015559012600290245,0.02217750031568766,0.03825167539438912,-0.0016597514183649409,0.031553214001573515,0.009162912921519606,0.010550210895153178,0.015177357105334188,0.026785033430371936,0.03829628507728078,0.020159070001789736,segment
Design and technical development services,2006,2269,1440,PCU541310541310,partial,127.9,7.727094484779841,7.272398392570047,4.851248708584797,0.06509692587794813,0.010471299867295336,0.03825167539438912,0.031553214001573515,0.02217750031568766,0.010550210895153178,-0.0016597514183649409,-0.002251408080457651,0.009162912921519606,0.013284005605423014,0.023799314616113953,0.015559012600290245,segment
Design and technical development services,2007,2607,1653,PCU541310541310,partial,132.0,7.865955413933502,7.410347097821024,4.882801922586371,0.13886092915366088,0.13794870525097735,0.031553214001573515,0.010550210895153178,0.03825167539438912,-0.002251408080457651,0.02217750031568766,-0.003763647649304147,-0.0016597514183649409,0.0015117183884637933,0.06509692587794813,0.010471299867295336,segment
Design and technical development services,2008,2503,1610,PCU541310541310,partial,133.4,7.8252452914317745,7.383989457978509,4.893352133481524,-0.040710122501727675,-0.026357639842514935,0.010550210895153178,-0.002251408080457651,0.031553214001573515,-0.003763647649304147,0.03825167539438912,-0.002265006630851829,0.02217750031568766,-0.002760020786871209,0.13886092915366088,0.13794870525097735,segment
Design and technical development services,2009,2264,1435,PCU541310541310,partial,133.1,7.724888439323074,7.268920128193722,4.891100725401066,-0.1003568521087006,-0.11506932978478712,-0.002251408080457651,-0.003763647649304147,0.010550210895153178,-0.002265006630851829,0.031553214001573515,0.00377216592142382,0.03825167539438912,-0.000752162786244052,-0.040710122501727675,-0.026357639842514935,segment
Design and technical development services,2010,2328,1523,PCU541310541310,partial,132.6,7.752764808851328,7.328437352895162,4.887337077751762,0.02787636952825423,0.05951722470144016,-0.003763647649304147,-0.002265006630851829,-0.002251408080457651,0.00377216592142382,0.010550210895153178,0.00899556290857717,0.031553214001573515,0.003500907399716387,-0.1003568521087006,-0.11506932978478712,segment
Design and technical development services,2011,2582,1601,PCU541310541310,partial,132.3,7.856319571406588,7.3783837129967145,4.88507207112091,0.10355476255525975,0.0499463601015524,-0.002265006630851829,0.00377216592142382,-0.003763647649304147,0.00899556290857717,-0.002251408080457651,0.019217147185778494,0.010550210895153178,0.010661625338593161,0.02787636952825423,0.05951722470144016,segment
Design and technical development services,2012,2637,1658,PCU541310541310,partial,132.8,7.877397186353287,7.4133673356952405,4.888844237042334,0.021077614946698908,0.03498362269852606,0.00377216592142382,0.00899556290857717,-0.002265006630851829,0.019217147185778494,-0.003763647649304147,0.018136151792707444,-0.002251408080457651,0.015449620629021036,0.10355476255525975,0.0499463601015524,segment
Design and technical development services,2013,2604,1657,PCU541310541310,partial,134.0,7.86480400332846,7.4127640174265625,4.897839799950911,-0.012593183024827148,-0.0006033182686779881,0.00899556290857717,0.019217147185778494,0.00377216592142382,0.018136151792707444,-0.002265006630851829,0.020633958671863795,-0.003763647649304147,0.01932908588344991,0.021077614946698908,0.03498362269852606,segment
Design and technical development services,2014,2568,1576,PCU541310541310,partial,136.6,7.850882664809852,7.362645270417825,4.91705694713669,-0.013921338518607662,-0.05011874700873786,0.019217147185778494,0.018136151792707444,0.00899556290857717,0.020633958671863795,0.00377216592142382,0.020216791725375494,-0.002265006630851829,0.019662300729982242,-0.012593183024827148,-0.0006033182686779881,segment
Design and technical development services,2015,2842,1723,PCU541310541310,partial,139.1,7.952263308657046,7.45182223652793,4.935193098929397,0.10138064384719403,0.08917696611010495,0.018136151792707444,0.020633958671863795,0.019217147185778494,0.020216791725375494,0.00899556290857717,0.0006898930939378545,0.00377216592142382,0.013846881163725714,-0.013921338518607662,-0.05011874700873786,segment
Design and technical development services,2016,2809,1738,PCU541310541310,partial,142.0,7.940583827104244,7.460490305825338,4.955827057601261,-0.011679481552802073,0.008668069297407932,0.020633958671863795,0.020216791725375494,0.018136151792707444,0.0006898930939378545,0.019217147185778494,,0.00899556290857717,,0.10138064384719403,0.08917696611010495,segment
Design and technical development services,2017,2393,1518,PCU541310541310,partial,144.9,7.780303087908373,7.325148957955575,4.976043849326636,-0.16028073919587094,-0.1353413478697627,0.020216791725375494,0.0006898930939378545,0.020633958671863795,,0.018136151792707444,,0.019217147185778494,,-0.011679481552802073,0.008668069297407932,segment
Design and technical development services,2018,500,331,PCU541310541310,partial,145.0,6.214608098422191,5.802118375377063,4.976733742420574,-1.5656949894861816,-1.523030582578512,0.0006898930939378545,,0.020216791725375494,,0.020633958671863795,,0.018136151792707444,,-0.16028073919587094,-0.1353413478697627,segment
Electronic apparatus and control systems,1995,11,11,WPU117,partial,124.2,2.3978952727983707,2.3978952727983707,4.821893169499378,,,,-0.006462058028090745,,-0.008954068778161073,,-0.010686497096385139,,-0.008700874634212319,,,segment
Electronic apparatus and control systems,1996,46,42,WPU117,partial,123.4,3.828641396489095,3.7376696182833684,4.8154311114712876,1.4307461236907244,1.3397743454849977,-0.006462058028090745,-0.008954068778161073,,-0.010686497096385139,,-0.00996685991539259,,-0.0098691419299796,,,segment
Electronic apparatus and control systems,1997,120,106,WPU117,partial,122.3,4.787491742782046,4.663439094112067,4.8064770426931265,0.9588503462929507,0.9257694758286985,-0.008954068778161073,-0.010686497096385139,-0.006462058028090745,-0.00996685991539259,,-0.009224384065726454,,-0.009959247025834728,1.4307461236907244,1.3397743454849977,segment
Electronic apparatus and control systems,1998,405,338,WPU117,partial,121.0,6.003887067106539,5.823045895483019,4.795790545596741,1.216395324324493,1.159606801370952,-0.010686497096385139,-0.00996685991539259,-0.008954068778161073,-0.009224384065726454,-0.006462058028090745,-0.011864545956192352,,-0.010351929979103797,0.9588503462929507,0.9257694758286985,segment
Electronic apparatus and control systems,1999,998,754,WPU117,partial,119.8,6.905753276311464,6.625392368007956,4.785823685681349,0.9018662092049254,0.8023464725249374,-0.00996685991539259,-0.009224384065726454,-0.010686497096385139,-0.011864545956192352,-0.008954068778161073,-0.008561696134811392,-0.006462058028090745,-0.0098835420522434,1.216395324324493,1.159606801370952,segment
Electronic apparatus and control systems,2000,2215,1472,WPU117,partial,118.7,7.703007682479236,7.294377299288821,4.776599301615622,0.797254406167772,0.6689849312808649,-0.009224384065726454,-0.011864545956192352,-0.00996685991539259,-0.008561696134811392,-0.010686497096385139,-0.013853035389293389,-0.008954068778161073,-0.01142642582676571,0.9018662092049254,0.8023464725249374,segment
Electronic apparatus and control systems,2001,2799,1639,WPU117,partial,117.3,7.937017489515454,7.40184157874383,4.76473475565943,0.23400980703621777,0.1074642794550087,-0.011864545956192352,-0.008561696134811392,-0.009224384065726454,-0.013853035389293389,-0.00996685991539259,-0.011398632841673084,-0.010686497096385139,-0.011271121455259287,0.797254406167772,0.6689849312808649,segment
Electronic apparatus and control systems,2002,2773,1543,WPU117,partial,116.3,7.927685045615778,7.341483852363161,4.7561730595246186,-0.009332443899675802,-0.06035772638066916,-0.008561696134811392,-0.013853035389293389,-0.011864545956192352,-0.011398632841673084,-0.009224384065726454,-0.0035335725813112617,-0.00996685991539259,-0.009595080270759244,0.23400980703621777,0.1074642794550087,segment
Electronic apparatus and control systems,2003,2588,1325,WPU117,partial,114.7,7.858640655620791,7.1891677384203225,4.742320024135325,-0.0690443899949873,-0.15231611394283817,-0.013853035389293389,-0.011398632841673084,-0.008561696134811392,-0.0035335725813112617,-0.011864545956192352,0.016674366142368946,-0.009224384065726454,0.0005807202397948666,-0.009332443899675802,-0.06035772638066916,segment
Electronic apparatus and control systems,2004,2847,1483,WPU117,partial,113.4,7.954021087278037,7.301822342137932,4.730921391293652,0.09538043165724641,0.11265460371760927,-0.011398632841673084,-0.0035335725813112617,-0.013853035389293389,0.016674366142368946,-0.008561696134811392,-0.01049878409821936,-0.011864545956192352,0.0008806698209461079,-0.0690443899949873,-0.15231611394283817,segment
Electronic apparatus and control systems,2005,3033,1429,WPU117,partial,113.0,8.017307507688582,7.264730177929867,4.727387818712341,0.06328642041054433,-0.03709216420806438,-0.0035335725813112617,0.016674366142368946,-0.011398632841673084,-0.01049878409821936,-0.013853035389293389,-0.001760563835032869,-0.008561696134811392,0.0014716727363722388,0.09538043165724641,0.11265460371760927,segment
Electronic apparatus and control systems,2006,3080,1411,WPU117,partial,114.9,8.03268487596762,7.252053951852814,4.74406218485471,0.01537736827903835,-0.012676226077052988,0.016674366142368946,-0.01049878409821936,-0.0035335725813112617,-0.001760563835032869,-0.011398632841673084,-0.000881445627805455,-0.013853035389293389,-0.004380264520352561,0.06328642041054433,-0.03709216420806438,segment
Electronic apparatus and control systems,2007,3380,1565,WPU117,partial,113.7,8.125630988477065,7.355641102974253,4.73356340075649,0.09294611250944484,0.10358715112143901,-0.01049878409821936,-0.001760563835032869,0.016674366142368946,-0.000881445627805455,-0.0035335725813112617,-0.0017652255245694803,-0.011398632841673084,-0.0014690783291359346,0.01537736827903835,-0.012676226077052988,segment
Electronic apparatus and control systems,2008,3195,1479,WPU117,partial,113.5,8.069342366811636,7.2991214627108,4.7318028369214575,-0.056288621665428806,-0.056519640263453574,-0.001760563835032869,-0.000881445627805455,-0.01049878409821936,-0.0017652255245694803,0.016674366142368946,0.0,-0.0035335725813112617,-0.0008822237174583117,0.09294611250944484,0.10358715112143901,segment
Electronic apparatus and control systems,2009,3137,1518,WPU117,partial,113.4,8.051022208190679,7.325148957955575,4.730921391293652,-0.018320158620957372,0.02602749524477499,-0.000881445627805455,-0.0017652255245694803,-0.001760563835032869,0.0,-0.01049878409821936,0.00088300226487803,0.016674366142368946,-0.0002940744198971501,-0.056288621665428806,-0.056519640263453574,segment
Electronic apparatus and control systems,2010,3486,1557,WPU117,partial,113.2,8.156510226079966,7.350516171833998,4.729156165769083,0.10548801788928763,0.025367213878423556,-0.0017652255245694803,0.0,-0.000881445627805455,0.00088300226487803,-0.001760563835032869,0.0035242327225297743,-0.01049878409821936,0.0014690783291359346,-0.018320158620957372,0.02602749524477499,segment
Electronic apparatus and control systems,2011,3764,1672,WPU117,partial,113.2,8.23323750070527,7.421775793644647,4.729156165769083,0.07672727462530382,0.07125962181064871,0.0,0.00088300226487803,-0.0017652255245694803,0.0035242327225297743,-0.000881445627805455,0.0,-0.001760563835032869,0.0014690783291359346,0.10548801788928763,0.025367213878423556,segment
Electronic apparatus and control systems,2012,3646,1585,WPU117,partial,113.3,8.201385955238608,7.368339686311381,4.730039168033961,-0.03185154546666169,-0.053436107333266314,0.00088300226487803,0.0035242327225297743,0.0,0.0,-0.0017652255245694803,0.000879120935739941,-0.000881445627805455,0.0014677845527565716,0.07672727462530382,0.07125962181064871,segment
Electronic apparatus and control systems,2013,3612,1551,WPU117,partial,113.7,8.192016914536875,7.346655163176539,4.73356340075649,-0.009369040701733056,-0.021684523134841704,0.0035242327225297743,0.0,0.00088300226487803,0.000879120935739941,0.0,-0.006170138570155359,-0.0017652255245694803,-0.0017636725448051394,-0.03185154546666169,-0.053436107333266314,segment
Electronic apparatus and control systems,2014,3684,1647,WPU117,partial,113.7,8.211754397375197,7.4067107301776405,4.73356340075649,0.01973748283832144,0.06005556700110137,0.0,0.000879120935739941,0.0035242327225297743,-0.006170138570155359,0.00088300226487803,0.005291017634415418,0.0,0.0,-0.009369040701733056,-0.021684523134841704,segment
Electronic apparatus and control systems,2015,3857,1761,WPU117,partial,113.8,8.257644958208228,7.473637108496206,4.73444252169223,0.04589056083303156,0.0669263783185654,0.000879120935739941,-0.006170138570155359,0.0,0.005291017634415418,0.0035242327225297743,0.013106347505300597,0.00088300226487803,0.0040757421898535515,0.01973748283832144,0.06005556700110137,segment
Electronic apparatus and control systems,2016,3785,1821,WPU117,partial,113.1,8.23880116587155,7.507141079727608,4.728272383122075,-0.018843792336678433,0.033503971231402474,-0.006170138570155359,0.005291017634415418,0.000879120935739941,0.013106347505300597,0.0,,0.0035242327225297743,,0.04589056083303156,0.0669263783185654,segment
Electronic apparatus and control systems,2017,3346,1795,WPU117,partial,113.7,8.11552088154677,7.492760300922379,4.73356340075649,-0.12328028432478,-0.014380778805229255,0.005291017634415418,0.013106347505300597,-0.006170138570155359,,0.000879120935739941,,0.0,,-0.018843792336678433,0.033503971231402474,segment
Electronic apparatus and control systems,2018,576,339,WPU117,partial,115.2,6.3561076606958915,5.82600010738045,4.746669748261791,-1.7594132208508784,-1.6667601935419292,0.013106347505300597,,0.005291017634415418,,-0.006170138570155359,,0.000879120935739941,,-0.12328028432478,-0.014380778805229255,segment
Essential oils and candles,1996,7,6,PCU325620325620,partial,168.5,1.9459101490553132,1.791759469228055,5.126935749792416,,,,0.002371074021338515,,0.01585936324010717,,0.01847627616757297,,0.012235571143006219,,,segment
Essential oils and candles,1997,21,21,PCU325620325620,partial,168.9,3.044522437723423,3.044522437723423,5.129306823813755,1.0986122886681098,1.252762968495368,0.002371074021338515,0.01585936324010717,,0.01847627616757297,,0.01645427193917115,,0.016929970448950428,,,segment
Essential oils and candles,1998,61,50,PCU325620325620,partial,171.6,4.110873864173311,3.912023005428146,5.145166187053862,1.0663514264498883,0.867500567704723,0.01585936324010717,0.01847627616757297,0.002371074021338515,0.01645427193917115,,0.008405765380223862,,0.014445437828989327,1.0986122886681098,1.252762968495368,segment
Essential oils and candles,1999,127,110,PCU325620325620,partial,174.8,4.844187086458591,4.700480365792417,5.163642463221435,0.7333132222852798,0.7884573603642706,0.01847627616757297,0.01645427193917115,0.01585936324010717,0.008405765380223862,0.002371074021338515,0.00667410708769367,,0.01051138146902956,1.0663514264498883,0.867500567704723,segment
Essential oils and candles,2000,338,209,PCU325620325620,partial,177.7,5.823045895483019,5.342334251964811,5.180096735160606,0.9788588090244277,0.6418538861723944,0.01645427193917115,0.008405765380223862,0.01847627616757297,0.00667410708769367,0.01585936324010717,0.007180367773601759,0.002371074021338515,0.00742008008050643,0.7333132222852798,0.7884573603642706,segment
Essential oils and candles,2001,576,323,PCU325620325620,partial,179.2,6.3561076606958915,5.777652323222656,5.18850250054083,0.5330617652128726,0.4353180712578455,0.008405765380223862,0.00667410708769367,0.01645427193917115,0.007180367773601759,0.01847627616757297,0.0011001101219516585,0.01585936324010717,0.004984861661082363,0.9788588090244277,0.6418538861723944,segment
Essential oils and candles,2002,676,334,PCU325620325620,partial,180.4,6.516193076042964,5.811140992976701,5.1951766076285235,0.16008541534707277,0.03348866975404441,0.00667410708769367,0.007180367773601759,0.008405765380223862,0.0011001101219516585,0.01645427193917115,0.012022002714955349,0.01847627616757297,0.006767493536836255,0.5330617652128726,0.4353180712578455,segment
Essential oils and candles,2003,733,353,PCU325620325620,partial,181.7,6.597145701886651,5.8664680569332965,5.202356975402125,0.08095262584368701,0.0553270639565957,0.007180367773601759,0.0011001101219516585,0.00667410708769367,0.012022002714955349,0.008405765380223862,0.009191738140706285,0.01645427193917115,0.007437950325871097,0.16008541534707277,0.03348866975404441,segment
Essential oils and candles,2004,959,427,PCU325620325620,partial,181.9,6.8658910748834385,6.056784013228625,5.203457085524077,0.26874537299678725,0.19031595629532827,0.0011001101219516585,0.012022002714955349,0.007180367773601759,0.009191738140706285,0.00667410708769367,0.016546948127725614,0.008405765380223862,0.012586896327795749,0.08095262584368701,0.0553270639565957,segment
Essential oils and candles,2005,927,437,PCU325620325620,partial,184.1,6.831953565565855,6.07993319509559,5.215479088239032,-0.03393750931758355,0.02314918186696513,0.012022002714955349,0.009191738140706285,0.0011001101219516585,0.016546948127725614,0.007180367773601759,0.004753111668363452,0.00667410708769367,0.01016393264559845,0.26874537299678725,0.19031595629532827,segment
Essential oils and candles,2006,967,427,PCU325620325620,partial,185.8,6.874198495453294,6.056784013228625,5.224670826379739,0.04224492988743922,-0.02314918186696513,0.009191738140706285,0.016546948127725614,0.012022002714955349,0.004753111668363452,0.0011001101219516585,0.003681308390928173,0.007180367773601759,0.008327122729005746,-0.03393750931758355,0.02314918186696513,segment
Essential oils and candles,2007,986,418,PCU325620325620,partial,188.9,6.893656354602635,6.035481432524756,5.241217774507464,0.01945785914934106,-0.02130258070386848,0.016546948127725614,0.004753111668363452,0.009191738140706285,0.003681308390928173,0.012022002714955349,0.007322208446898237,0.0011001101219516585,0.0052522095020632875,0.04224492988743922,-0.02314918186696513,segment
Essential oils and candles,2008,1089,387,PCU325620325620,partial,189.8,6.9930151229329605,5.958424693029782,5.245970886175828,0.0993587683303252,-0.07705673949497438,0.004753111668363452,0.003681308390928173,0.016546948127725614,0.007322208446898237,0.009191738140706285,0.014998988194780516,0.012022002714955349,0.008667501677535642,0.01945785914934106,-0.02130258070386848,segment
Essential oils and candles,2009,989,397,PCU325620325620,partial,190.5,6.8966943316227125,5.983936280687191,5.249652194566756,-0.09632079131024796,0.025511587657408796,0.003681308390928173,0.007322208446898237,0.004753111668363452,0.014998988194780516,0.016546948127725614,0.0167985624960707,0.009191738140706285,0.013039919712583151,0.0993587683303252,-0.07705673949497438,segment
Essential oils and candles,2010,1053,412,PCU325620325620,partial,191.9,6.959398512133975,6.021023349349527,5.256974403013654,0.06270418051126292,0.03708706866233591,0.007322208446898237,0.014998988194780516,0.003681308390928173,0.0167985624960707,0.004753111668363452,0.006540903823232469,0.016546948127725614,0.012779484838027894,-0.09632079131024796,0.025511587657408796,segment
Essential oils and candles,2011,1143,443,PCU325620325620,partial,194.8,7.04141166379481,6.093569770045136,5.271973391208435,0.0820131516608349,0.07254642069560902,0.014998988194780516,0.0167985624960707,0.007322208446898237,0.006540903823232469,0.003681308390928173,0.023787048202827066,0.004753111668363452,0.01570883817404341,0.06270418051126292,0.03708706866233591,segment
Essential oils and candles,2012,1157,489,PCU325620325620,partial,198.1,7.053585727193677,6.192362489474872,5.288771953704505,0.012174063398866508,0.09879271942973666,0.0167985624960707,0.006540903823232469,0.014998988194780516,0.023787048202827066,0.007322208446898237,0.004397759347770425,0.003681308390928173,0.011575237124609986,0.0820131516608349,0.07254642069560902,segment
Essential oils and candles,2013,1190,527,PCU325620325620,partial,199.4,7.081708586105575,6.267200548541362,5.295312857527738,0.028122858911897808,0.0748380590664901,0.006540903823232469,0.023787048202827066,0.0167985624960707,0.004397759347770425,0.014998988194780516,0.003892948955408926,0.007322208446898237,0.010692585502002139,0.012174063398866508,0.09879271942973666,segment
Essential oils and candles,2014,1272,520,PCU325620325620,partial,204.2,7.148345743900068,6.253828811575473,5.319099905730565,0.06663715779449308,-0.013371736965889447,0.023787048202827066,0.004397759347770425,0.006540903823232469,0.003892948955408926,0.0167985624960707,0.0014559575491155385,0.014998988194780516,0.0032488886174316294,0.028122858911897808,0.0748380590664901,segment
Essential oils and candles,2015,1396,625,PCU325620325620,partial,205.1,7.241366283322318,6.437751649736401,5.323497665078335,0.09302053942225008,0.18392283816092814,0.004397759347770425,0.003892948955408926,0.023787048202827066,0.0014559575491155385,0.006540903823232469,0.011092469655996418,0.0167985624960707,0.005480458720173627,0.06663715779449308,-0.013371736965889447,segment
Essential oils and candles,2016,1580,737,PCU325620325620,partial,205.9,7.365180126021013,6.602587892189336,5.327390614033744,0.123813842698695,0.16483624245293527,0.003892948955408926,0.0014559575491155385,0.004397759347770425,0.011092469655996418,0.023787048202827066,,0.006540903823232469,,0.09302053942225008,0.18392283816092814,segment
Essential oils and candles,2017,1358,687,PCU325620325620,partial,206.2,7.213768308118642,6.532334292222349,5.32884657158286,-0.15141181790237113,-0.07025359996698732,0.0014559575491155385,0.011092469655996418,0.003892948955408926,,0.004397759347770425,,0.023787048202827066,,0.123813842698695,0.16483624245293527,segment
Essential oils and candles,2018,298,176,PCU325620325620,partial,208.5,5.697093486505405,5.170483995038151,5.339939041238856,-1.516674821613237,-1.3618502971841977,0.011092469655996418,,0.0014559575491155385,,0.003892948955408926,,0.004397759347770425,,-0.15141181790237113,-0.07025359996698732,segment
Furniture and lighting,1995,13,13,PCU337---337---,partial,133.3,2.5649493574615367,2.5649493574615367,4.892602227184663,,,,0.021522166530748343,,0.014577517618158176,,0.010795354929346246,,0.01563167969275092,,,segment
Furniture and lighting,1996,27,25,PCU337---337---,partial,136.2,3.295836866004329,3.2188758248682006,4.9141243937154115,0.7308875085427924,0.6539264674066638,0.021522166530748343,0.014577517618158176,,0.010795354929346246,,0.011388023427565841,,0.012253631991690087,,,segment
Furniture and lighting,1997,101,93,PCU337---337---,partial,138.2,4.61512051684126,4.532599493153256,4.92870191133357,1.3192836508369306,1.3137236682850557,0.014577517618158176,0.010795354929346246,0.021522166530748343,0.011388023427565841,,0.014055045143644307,,0.012079474500185464,0.7308875085427924,0.6539264674066638,segment
Furniture and lighting,1998,308,253,PCU337---337---,partial,139.7,5.730099782973574,5.53338948872752,4.939497266262916,1.1149792661323144,1.000789995574264,0.010795354929346246,0.011388023427565841,0.014577517618158176,0.014055045143644307,0.021522166530748343,0.012482825056015834,,0.01264196454240866,1.3192836508369306,1.3137236682850557,segment
Furniture and lighting,1999,834,613,PCU337---337---,partial,141.3,6.726233402358747,6.418364935936212,4.950885289690482,0.9961336193851729,0.8849754472086913,0.011388023427565841,0.014055045143644307,0.010795354929346246,0.012482825056015834,0.014577517618158176,0.008236148135936538,0.021522166530748343,0.011591339445198892,1.1149792661323144,1.000789995574264,segment
Furniture and lighting,2000,1926,1238,PCU337---337---,partial,143.3,7.563200592358071,7.121252453244542,4.964940334834126,0.8369671899993243,0.70288751730833,0.014055045143644307,0.012482825056015834,0.011388023427565841,0.008236148135936538,0.010795354929346246,0.007490671729157405,0.014577517618158176,0.009403214973703259,0.9961336193851729,0.8849754472086913,segment
Furniture and lighting,2001,2665,1522,PCU337---337---,partial,145.1,7.887959336599945,7.3277805384216315,4.977423159890142,0.32475874424187356,0.20652808517708987,0.012482825056015834,0.008236148135936538,0.014055045143644307,0.007490671729157405,0.011388023427565841,0.027435645194187508,0.010795354929346246,0.014387488353093817,0.8369671899993243,0.70288751730833,segment
Furniture and lighting,2002,3295,1592,PCU337---337---,partial,146.3,8.100161446936607,7.3727463664043285,4.9856593080260785,0.21220211033666203,0.04496582798269699,0.008236148135936538,0.007490671729157405,0.012482825056015834,0.027435645194187508,0.014055045143644307,0.04074278346235083,0.011388023427565841,0.02522303346189858,0.32475874424187356,0.20652808517708987,segment
Furniture and lighting,2003,3343,1603,PCU337---337---,partial,147.4,8.114623886420098,7.3796321526095525,4.993149979755236,0.014462439483491352,0.006885786205224065,0.007490671729157405,0.027435645194187508,0.008236148135936538,0.04074278346235083,0.012482825056015834,0.029349593358017678,0.014055045143644307,0.03250934067151867,0.21220211033666203,0.04496582798269699,segment
Furniture and lighting,2004,3547,1625,PCU337---337---,partial,151.5,8.173857454773621,7.393263094763838,5.020585624949423,0.059233568353523225,0.013630942154285286,0.027435645194187508,0.04074278346235083,0.007490671729157405,0.029349593358017678,0.008236148135936538,0.019500922662725628,0.012482825056015834,0.02986443316103138,0.014462439483491352,0.006885786205224065,segment
Furniture and lighting,2005,3333,1573,PCU337---337---,partial,157.8,8.11162807830774,7.360739903058278,5.061328408411774,-0.062229376465881,-0.03252319170556017,0.04074278346235083,0.029349593358017678,0.027435645194187508,0.019500922662725628,0.007490671729157405,0.03556984347091241,0.008236148135936538,0.028140119830551903,0.059233568353523225,0.013630942154285286,segment
Furniture and lighting,2006,3704,1621,PCU337---337---,partial,162.5,8.21716859576607,7.390798521735676,5.090678001769792,0.10554051745832993,0.030058618677398563,0.029349593358017678,0.019500922662725628,0.04074278346235083,0.03556984347091241,0.027435645194187508,0.028138520266429268,0.007490671729157405,0.027736428800022434,-0.062229376465881,-0.03252319170556017,segment
Furniture and lighting,2007,3995,1855,PCU337---337---,partial,165.7,8.292798858200374,7.5256399750415355,5.1101789244325175,0.07563026243430393,0.13484145330585928,0.019500922662725628,0.03556984347091241,0.029349593358017678,0.028138520266429268,0.04074278346235083,0.0028272566189286863,0.027435645194187508,0.022178540118756786,0.10554051745832993,0.030058618677398563,segment
Furniture and lighting,2008,3727,1660,PCU337---337---,partial,171.7,8.223358899479258,7.414572881350589,5.14574876790343,-0.06943995872111586,-0.1110670936909468,0.03556984347091241,0.028138520266429268,0.019500922662725628,0.0028272566189286863,0.029349593358017678,0.021782486477038177,0.04074278346235083,0.017582754454132044,0.07563026243430393,0.13484145330585928,segment
Furniture and lighting,2009,3556,1637,PCU337---337---,partial,176.6,8.176391596633795,7.400620577371135,5.173887288169859,-0.04696730284546291,-0.013952303979453795,0.028138520266429268,0.0028272566189286863,0.03556984347091241,0.021782486477038177,0.019500922662725628,0.021858793812498334,0.029349593358017678,0.015489512302821732,-0.06943995872111586,-0.1110670936909468,segment
Furniture and lighting,2010,3977,1745,PCU337---337---,partial,177.1,8.28828304520769,7.4645098346365275,5.176714544788788,0.11189144857389444,0.06388925726539263,0.0028272566189286863,0.021782486477038177,0.028138520266429268,0.021858793812498334,0.03556984347091241,0.014489118514138255,0.019500922662725628,0.01937679960122492,-0.04696730284546291,-0.013952303979453795,segment
Furniture and lighting,2011,4123,1797,PCU337---337---,partial,181.0,8.3243363327069,7.493873886783559,5.198497031265826,0.036053287499210995,0.02936405214703175,0.021782486477038177,0.021858793812498334,0.0028272566189286863,0.014489118514138255,0.028138520266429268,0.01847505702483776,0.03556984347091241,0.018274323117158115,0.11189144857389444,0.06388925726539263,segment
Furniture and lighting,2012,4441,1867,PCU337---337---,partial,185.0,8.398634855292102,7.532088143541722,5.220355825078324,0.07429852258520064,0.038214256758163145,0.021858793812498334,0.014489118514138255,0.021782486477038177,0.01847505702483776,0.0028272566189286863,0.015053489557663724,0.028138520266429268,0.01600588836554658,0.036053287499210995,0.02936405214703175,segment
Furniture and lighting,2013,4536,1961,PCU337---337---,partial,187.7,8.419800845407588,7.581209826196346,5.234844943592463,0.021165990115486366,0.04912168265462391,0.014489118514138255,0.01847505702483776,0.021858793812498334,0.015053489557663724,0.021782486477038177,0.006675249433718555,0.0028272566189286863,0.013401265338740012,0.07429852258520064,0.038214256758163145,segment
Furniture and lighting,2014,4996,2221,PCU337---337---,partial,191.2,8.516392871245468,7.7057128238944275,5.2533200006173,0.09659202583788051,0.12450299769808115,0.01847505702483776,0.015053489557663724,0.014489118514138255,0.006675249433718555,0.021858793812498334,0.014732295917067262,0.021782486477038177,0.012153678302816513,0.021165990115486366,0.04912168265462391,segment
Furniture and lighting,2015,5592,2738,PCU337---337---,partial,194.1,8.629092283913646,7.914983005848394,5.268373490174964,0.11269941266817796,0.20927018195396663,0.015053489557663724,0.006675249433718555,0.01847505702483776,0.014732295917067262,0.014489118514138255,0.028338958318466112,0.021858793812498334,0.016582167889750643,0.09659202583788051,0.12450299769808115,segment
Furniture and lighting,2016,6742,3871,PCU337---337---,partial,195.4,8.816111895794005,8.261268150577648,5.275048739608683,0.1870196118803591,0.3462851447292534,0.006675249433718555,0.014732295917067262,0.015053489557663724,0.028338958318466112,0.01847505702483776,,0.014489118514138255,,0.11269941266817796,0.20927018195396663,segment
Furniture and lighting,2017,7641,4873,PCU337---337---,partial,198.3,8.941283763647567,8.491465042843506,5.28978103552575,0.12517186785356138,0.23019689226585882,0.014732295917067262,0.028338958318466112,0.006675249433718555,,0.015053489557663724,,0.01847505702483776,,0.1870196118803591,0.3462851447292534,segment
Furniture and lighting,2018,1912,1309,PCU337---337---,partial,204.0,7.555905093611346,7.1770187659099,5.318119993844216,-1.3853786700362205,-1.314446276933606,0.028338958318466112,,0.014732295917067262,,0.006675249433718555,,0.015053489557663724,,0.12517186785356138,0.23019689226585882,segment
Hair and skin care,1995,15,15,PCU325620325620,good,167.1,2.70805020110221,2.70805020110221,5.118592435601348,,,,0.008343314191067819,,0.002371074021338515,,0.01585936324010717,,0.008857917150837835,,,segment
Hair and skin care,1996,46,45,PCU325620325620,good,168.5,3.828641396489095,3.8066624897703196,5.126935749792416,1.120591195386885,1.0986122886681096,0.008343314191067819,0.002371074021338515,,0.01585936324010717,,0.01847627616757297,,0.012235571143006219,,,segment
Hair and skin care,1997,160,146,PCU325620325620,good,168.9,5.075173815233827,4.983606621708336,5.129306823813755,1.2465324187447315,1.1769441319380167,0.002371074021338515,0.01585936324010717,0.008343314191067819,0.01847627616757297,,0.01645427193917115,,0.016929970448950428,1.120591195386885,1.0986122886681096,segment
Hair and skin care,1998,406,323,PCU325620325620,good,171.6,6.0063531596017325,5.777652323222656,5.145166187053862,0.931179344367906,0.7940457015143201,0.01585936324010717,0.01847627616757297,0.002371074021338515,0.01645427193917115,0.008343314191067819,0.008405765380223862,,0.014445437828989327,1.2465324187447315,1.1769441319380167,segment
Hair and skin care,1999,1019,694,PCU325620325620,good,174.8,6.926577033222725,6.542471960506805,5.163642463221435,0.9202238736209924,0.7648196372841483,0.01847627616757297,0.01645427193917115,0.01585936324010717,0.008405765380223862,0.002371074021338515,0.00667410708769367,0.008343314191067819,0.01051138146902956,0.931179344367906,0.7940457015143201,segment
Hair and skin care,2000,2484,1254,PCU325620325620,good,177.7,7.81762544305337,7.134093721192866,5.180096735160606,0.8910484098306446,0.5916217606860616,0.01645427193917115,0.008405765380223862,0.01847627616757297,0.00667410708769367,0.01585936324010717,0.007180367773601759,0.002371074021338515,0.00742008008050643,0.9202238736209924,0.7648196372841483,segment
Hair and skin care,2001,3581,1469,PCU325620325620,good,179.2,8.183397369998433,7.292337176173877,5.18850250054083,0.36577192694506344,0.15824345498101078,0.008405765380223862,0.00667410708769367,0.01645427193917115,0.007180367773601759,0.01847627616757297,0.0011001101219516585,0.01585936324010717,0.004984861661082363,0.8910484098306446,0.5916217606860616,segment
Hair and skin care,2002,3991,1523,PCU325620325620,good,180.4,8.291797105048733,7.328437352895162,5.1951766076285235,0.1083997350503001,0.03610017672128496,0.00667410708769367,0.007180367773601759,0.008405765380223862,0.0011001101219516585,0.01645427193917115,0.012022002714955349,0.01847627616757297,0.006767493536836255,0.36577192694506344,0.15824345498101078,segment
Hair and skin care,2003,4319,1572,PCU325620325620,good,181.7,8.3707791729607,7.360103972989152,5.202356975402125,0.07898206791196749,0.031666620093989906,0.007180367773601759,0.0011001101219516585,0.00667410708769367,0.012022002714955349,0.008405765380223862,0.009191738140706285,0.01645427193917115,0.007437950325871097,0.1083997350503001,0.03610017672128496,segment
Hair and skin care,2004,4656,1750,PCU325620325620,good,181.9,8.445911989411274,7.4673710669175595,5.203457085524077,0.0751328164505729,0.1072670939284075,0.0011001101219516585,0.012022002714955349,0.007180367773601759,0.009191738140706285,0.00667410708769367,0.016546948127725614,0.008405765380223862,0.012586896327795749,0.07898206791196749,0.031666620093989906,segment
Hair and skin care,2005,5160,1790,PCU325620325620,good,184.1,8.548691858475609,7.489970898834801,5.215479088239032,0.10277986906433512,0.022599831917241353,0.012022002714955349,0.009191738140706285,0.0011001101219516585,0.016546948127725614,0.007180367773601759,0.004753111668363452,0.00667410708769367,0.01016393264559845,0.0751328164505729,0.1072670939284075,segment
Hair and skin care,2006,4984,1900,PCU325620325620,good,185.8,8.51398806046729,7.549609165154532,5.224670826379739,-0.03470379800831935,0.05963826631973124,0.009191738140706285,0.016546948127725614,0.012022002714955349,0.004753111668363452,0.0011001101219516585,0.003681308390928173,0.007180367773601759,0.008327122729005746,0.10277986906433512,0.022599831917241353,segment
Hair and skin care,2007,5508,2058,PCU325620325620,good,188.9,8.613956859848546,7.629489916393995,5.241217774507464,0.0999687993812568,0.07988075123946281,0.016546948127725614,0.004753111668363452,0.009191738140706285,0.003681308390928173,0.012022002714955349,0.007322208446898237,0.0011001101219516585,0.0052522095020632875,-0.03470379800831935,0.05963826631973124,segment
Hair and skin care,2008,5304,1973,PCU325620325620,good,189.8,8.576216531865699,7.587310506022615,5.245970886175828,-0.03774032798284743,-0.04217941037137951,0.004753111668363452,0.003681308390928173,0.016546948127725614,0.007322208446898237,0.009191738140706285,0.014998988194780516,0.012022002714955349,0.008667501677535642,0.0999687993812568,0.07988075123946281,segment
Hair and skin care,2009,5061,1962,PCU325620325620,good,190.5,8.529319371214077,7.581719640125308,5.249652194566756,-0.046897160651621306,-0.0055908658973073955,0.003681308390928173,0.007322208446898237,0.004753111668363452,0.014998988194780516,0.016546948127725614,0.0167985624960707,0.009191738140706285,0.013039919712583151,-0.03774032798284743,-0.04217941037137951,segment
Hair and skin care,2010,5807,2153,PCU325620325620,good,191.9,8.66681936537205,7.674617497364363,5.256974403013654,0.13749999415797198,0.09289785723905464,0.007322208446898237,0.014998988194780516,0.003681308390928173,0.0167985624960707,0.004753111668363452,0.006540903823232469,0.016546948127725614,0.012779484838027894,-0.046897160651621306,-0.0055908658973073955,segment
Hair and skin care,2011,5967,2417,PCU325620325620,good,194.8,8.693999567522082,7.790282380703483,5.271973391208435,0.02718020215003314,0.11566488333912073,0.014998988194780516,0.0167985624960707,0.007322208446898237,0.006540903823232469,0.003681308390928173,0.023787048202827066,0.004753111668363452,0.01570883817404341,0.13749999415797198,0.09289785723905464,segment
Hair and skin care,2012,6347,2508,PCU325620325620,good,198.1,8.75573753930647,7.827240901752812,5.288771953704505,0.06173797178438711,0.0369585210493284,0.0167985624960707,0.006540903823232469,0.014998988194780516,0.023787048202827066,0.007322208446898237,0.004397759347770425,0.003681308390928173,0.011575237124609986,0.02718020215003314,0.11566488333912073,segment
Hair and skin care,2013,6767,2707,PCU325620325620,good,199.4,8.819813136232225,7.903596289614301,5.295312857527738,0.06407559692575582,0.0763553878614891,0.006540903823232469,0.023787048202827066,0.0167985624960707,0.004397759347770425,0.014998988194780516,0.003892948955408926,0.007322208446898237,0.010692585502002139,0.06173797178438711,0.0369585210493284,segment
Hair and skin care,2014,7273,3056,PCU325620325620,good,204.2,8.89192414015454,8.024862150286411,5.319099905730565,0.07211100392231451,0.12126586067211065,0.023787048202827066,0.004397759347770425,0.006540903823232469,0.003892948955408926,0.0167985624960707,0.0014559575491155385,0.014998988194780516,0.0032488886174316294,0.06407559692575582,0.0763553878614891,segment
Hair and skin care,2015,7982,3610,PCU325620325620,good,205.1,8.984944285608679,8.191463051326927,5.323497665078335,0.09302014545413861,0.16660090104051584,0.004397759347770425,0.003892948955408926,0.023787048202827066,0.0014559575491155385,0.006540903823232469,0.011092469655996418,0.0167985624960707,0.005480458720173627,0.07211100392231451,0.12126586067211065,segment
Hair and skin care,2016,8191,3997,PCU325620325620,good,205.9,9.010791269515602,8.293299358711323,5.327390614033744,0.025846983906923526,0.10183630738439575,0.003892948955408926,0.0014559575491155385,0.004397759347770425,0.011092469655996418,0.023787048202827066,,0.006540903823232469,,0.09302014545413861,0.16660090104051584,segment
Hair and skin care,2017,8679,4749,PCU325620325620,good,206.2,9.068661593644245,8.465689348549121,5.32884657158286,0.05787032412864335,0.1723899898377983,0.0014559575491155385,0.011092469655996418,0.003892948955408926,,0.004397759347770425,,0.023787048202827066,,0.025846983906923526,0.10183630738439575,segment
Hair and skin care,2018,1884,1145,PCU325620325620,good,208.5,7.5411524551363085,7.0431599159883405,5.339939041238856,-1.527509138507937,-1.422529432560781,0.011092469655996418,,0.0014559575491155385,,0.003892948955408926,,0.004397759347770425,,0.05787032412864335,0.1723899898377983,segment
Hand tools and knives,1995,6,6,WPU1042,good,157.5,1.791759469228055,1.791759469228055,5.059425458265688,,,,0.021357595732649948,,0.014193388531668738,,0.012785562296972586,,0.01611218218709709,,,segment
Hand tools and knives,1996,11,11,WPU1042,good,160.9,2.3978952727983707,2.3978952727983707,5.080783053998338,0.6061358035703157,0.6061358035703157,0.021357595732649948,0.014193388531668738,,0.012785562296972586,,0.01142869582362227,,0.012802548884087864,,,segment
Hand tools and knives,1997,58,50,WPU1042,good,163.2,4.060443010546419,3.912023005428146,5.094976442530006,1.6625477377480484,1.5141277326297753,0.014193388531668738,0.012785562296972586,0.021357595732649948,0.01142869582362227,,0.010116123163153468,,0.011443460427916108,0.6061358035703157,0.6061358035703157,segment
Hand tools and knives,1998,191,158,WPU1042,good,165.3,5.25227342804663,5.062595033026967,5.107762004826979,1.1918304175002108,1.150572027598821,0.012785562296972586,0.01142869582362227,0.014193388531668738,0.010116123163153468,0.021357595732649948,0.029173597546482632,,0.016906138844419456,1.6625477377480484,1.5141277326297753,segment
Hand tools and knives,1999,454,342,WPU1042,good,167.2,6.118097198041348,5.834810737062605,5.119190700650601,0.8658237699947184,0.7722157040356379,0.01142869582362227,0.010116123163153468,0.012785562296972586,0.029173597546482632,0.014193388531668738,0.012003573677914048,0.021357595732649948,0.017097764795850047,1.1918304175002108,1.150572027598821,segment
Hand tools and knives,2000,1111,722,WPU1042,good,168.9,7.01301578963963,6.582025138892826,5.129306823813755,0.894918591598282,0.7472144018302211,0.010116123163153468,0.029173597546482632,0.01142869582362227,0.012003573677914048,0.012785562296972586,0.0017030943656735076,0.014193388531668738,0.014293421863356729,0.8658237699947184,0.7722157040356379,segment
Hand tools and knives,2001,1451,831,WPU1042,good,173.9,7.280008252884188,6.7226297948554485,5.158480421360237,0.2669924632445575,0.14060465596262262,0.029173597546482632,0.012003573677914048,0.010116123163153468,0.0017030943656735076,0.01142869582362227,0.022989518224698635,0.012785562296972586,0.01223206208942873,0.894918591598282,0.7472144018302211,segment
Hand tools and knives,2002,1619,884,WPU1042,good,176.0,7.389563953677635,6.784457062637643,5.170483995038151,0.10955570079344756,0.06182726778219472,0.012003573677914048,0.0017030943656735076,0.029173597546482632,0.022989518224698635,0.010116123163153468,0.04392139925954197,0.01142869582362227,0.022871337283304705,0.2669924632445575,0.14060465596262262,segment
Hand tools and knives,2003,1588,793,WPU1042,good,176.3,7.370230641807081,6.675823221634848,5.172187089403825,-0.01933331187055476,-0.1086338410027956,0.0017030943656735076,0.022989518224698635,0.012003573677914048,0.04392139925954197,0.029173597546482632,0.03697375071265174,0.010116123163153468,0.034628222732297445,0.10955570079344756,0.06182726778219472,segment
Hand tools and knives,2004,1694,823,WPU1042,good,180.4,7.434847875211999,6.71295620067707,5.1951766076285235,0.06461723340491865,0.037132979042222125,0.022989518224698635,0.04392139925954197,0.0017030943656735076,0.03697375071265174,0.012003573677914048,0.020243606276646453,0.029173597546482632,0.03371291874961339,-0.01933331187055476,-0.1086338410027956,segment
Hand tools and knives,2005,1799,773,WPU1042,good,188.5,7.4949862339505335,6.650279048587422,5.2390980068880655,0.06013835873853424,-0.06267715208964741,0.04392139925954197,0.03697375071265174,0.022989518224698635,0.020243606276646453,0.0017030943656735076,0.04554030468515613,0.012003573677914048,0.03425255389148477,0.06461723340491865,0.037132979042222125,segment
Hand tools and knives,2006,1805,824,WPU1042,good,195.6,7.498315870766981,6.714170529909472,5.276071757600717,0.00332963681644749,0.06389148132204969,0.03697375071265174,0.020243606276646453,0.04392139925954197,0.04554030468515613,0.022989518224698635,0.038041684977939916,0.0017030943656735076,0.03460853197991416,0.06013835873853424,-0.06267715208964741,segment
Hand tools and knives,2007,1894,826,WPU1042,good,199.6,7.546446273746024,6.716594773520978,5.296315363877364,0.048130402979042586,0.0024242436115056165,0.020243606276646453,0.04554030468515613,0.03697375071265174,0.038041684977939916,0.04392139925954197,-0.007400588818171627,0.022989518224698635,0.02539380028164147,0.00332963681644749,0.06389148132204969,segment
Hand tools and knives,2008,1757,766,WPU1042,good,208.9,7.471363088187097,6.641182169740591,5.34185566856252,-0.07508318555892668,-0.07541260378038661,0.04554030468515613,0.038041684977939916,0.020243606276646453,-0.007400588818171627,0.03697375071265174,0.0064785048432032255,0.04392139925954197,0.012373200334323837,0.048130402979042586,0.0024242436115056165,segment
Hand tools and knives,2009,1628,720,WPU1042,good,217.0,7.395107546562485,6.579251212010101,5.37989735354046,-0.07625554162461157,-0.061930957730489844,0.038041684977939916,-0.007400588818171627,0.04554030468515613,0.0064785048432032255,0.020243606276646453,0.02144731991969895,0.03697375071265174,0.006841745314910182,-0.07508318555892668,-0.07541260378038661,segment
Hand tools and knives,2010,1756,777,WPU1042,good,215.4,7.470793774195062,6.655440350367647,5.372496764722288,0.07568622763257693,0.07618913835754615,-0.007400588818171627,0.0064785048432032255,0.038041684977939916,0.02144731991969895,0.04554030468515613,0.022322355437898622,0.020243606276646453,0.016749393400266932,-0.07625554162461157,-0.061930957730489844,segment
Hand tools and knives,2011,1823,771,WPU1042,good,216.8,7.508238774678663,6.647688373563329,5.378975269565491,0.037445000483600666,-0.007751976804318161,0.0064785048432032255,0.02144731991969895,-0.007400588818171627,0.022322355437898622,0.038041684977939916,0.007915608612661273,0.04554030468515613,0.01722842799008628,0.07568622763257693,0.07618913835754615,segment
Hand tools and knives,2012,1836,799,WPU1042,good,221.5,7.515344571180436,6.683360945766275,5.40042258948519,0.007105796501773121,0.035672572202945396,0.02144731991969895,0.022322355437898622,0.0064785048432032255,0.007915608612661273,-0.007400588818171627,0.0017505474929855325,0.038041684977939916,0.010662837181181809,0.037445000483600666,-0.007751976804318161,segment
Hand tools and knives,2013,1963,820,WPU1042,good,226.5,7.5822291942764615,6.709304340258298,5.422744944923089,0.06688462309602539,0.025943394492023764,0.022322355437898622,0.007915608612661273,0.02144731991969895,0.0017505474929855325,0.0064785048432032255,0.006102896012584402,-0.007400588818171627,0.005256350706077069,0.007105796501773121,0.035672572202945396,segment
Hand tools and knives,2014,1996,892,WPU1042,good,228.3,7.59890045687141,6.79346613258001,5.43066055353575,0.01667126259494811,0.08416179232171128,0.007915608612661273,0.0017505474929855325,0.022322355437898622,0.006102896012584402,0.02144731991969895,0.011236073266926105,0.0064785048432032255,0.00636317225749868,0.06688462309602539,0.025943394492023764,segment
Hand tools and knives,2015,2245,1066,WPU1042,good,228.7,7.716460800176355,6.97166860472579,5.432411101028736,0.11756034330494547,0.17820247214578,0.0017505474929855325,0.006102896012584402,0.007915608612661273,0.011236073266926105,0.022322355437898622,0.01873192276311375,0.02144731991969895,0.012023630680874753,0.01667126259494811,0.08416179232171128,segment
Hand tools and knives,2016,2598,1423,WPU1042,good,230.1,7.862497197230545,7.260522598089852,5.43851399704132,0.14603639705419003,0.2888539933640626,0.006102896012584402,0.011236073266926105,0.0017505474929855325,0.01873192276311375,0.007915608612661273,,0.022322355437898622,,0.11756034330494547,0.17820247214578,segment
Hand tools and knives,2017,2627,1612,WPU1042,good,232.7,7.87359778968554,7.385230923066573,5.449750070308246,0.011100592454995173,0.12470832497672113,0.011236073266926105,0.01873192276311375,0.006102896012584402,,0.0017505474929855325,,0.007915608612661273,,0.14603639705419003,0.2888539933640626,segment
Hand tools and knives,2018,700,492,WPU1042,good,237.1,6.551080335043404,6.198478716492308,5.46848199307136,-1.3225174546421359,-1.1867522065742655,0.01873192276311375,,0.011236073266926105,,0.006102896012584402,,0.0017505474929855325,,0.011100592454995173,0.12470832497672113,segment
Health and wellness services,2005,1242,801,PCU713940713940,partial,98.6,7.124478262493424,6.68586094706836,4.591071261608589,,,,0.0010136848308466284,,0.012084739215072027,,0.004992521603121247,,0.006030315216346634,,,segment
Health and wellness services,2006,1486,933,PCU713940713940,partial,98.7,7.303843225277705,6.838405200847344,4.592084946439436,0.17936496278428038,0.15254425377898428,0.0010136848308466284,0.012084739215072027,,0.004992521603121247,,-0.009004563093082396,,0.002690899241703626,,,segment
Health and wellness services,2007,1764,1183,PCU713940713940,partial,99.9,7.475339236566737,7.075808863978387,4.604169685654508,0.17149601128903225,0.237403663131043,0.012084739215072027,0.004992521603121247,0.0010136848308466284,-0.009004563093082396,,0.0060120421566276505,,0.0006666668888888339,0.17936496278428038,0.15254425377898428,segment
Health and wellness services,2008,1881,1199,PCU713940713940,partial,100.4,7.53955882930103,7.089243155027514,4.609162207257629,0.06421959273429323,0.01343429104912719,0.004992521603121247,-0.009004563093082396,0.012084739215072027,0.0060120421566276505,0.0010136848308466284,0.013889112160667239,,0.0036321970747374976,0.17149601128903225,0.237403663131043,segment
Health and wellness services,2009,1791,1197,PCU713940713940,partial,99.5,7.490529402060711,7.087573705557973,4.600157644164547,-0.04902942724031867,-0.0016694494695412843,-0.009004563093082396,0.0060120421566276505,0.004992521603121247,0.013889112160667239,0.012084739215072027,0.009804000096621301,0.0010136848308466284,0.009901718137972063,0.06421959273429323,0.01343429104912719,segment
Health and wellness services,2010,1973,1253,PCU713940713940,partial,100.1,7.587310506022615,7.133295954896068,4.6061696863211745,0.09678110396190398,0.045722249338095544,0.0060120421566276505,0.013889112160667239,-0.009004563093082396,0.009804000096621301,0.004992521603121247,-0.0029311208088591556,0.012084739215072027,0.0069206638161431275,-0.04902942724031867,-0.0016694494695412843,segment
Health and wellness services,2011,2310,1481,PCU713940713940,partial,101.5,7.745002803515839,7.300472814267799,4.620058798481842,0.15769229749322378,0.16717685937173066,0.013889112160667239,0.009804000096621301,0.0060120421566276505,-0.0029311208088591556,-0.009004563093082396,0.015534292962184004,0.004992521603121247,0.007469057416648717,0.09678110396190398,0.045722249338095544,segment
Health and wellness services,2012,2190,1487,PCU713940713940,partial,102.5,7.691656822810547,7.304515946460155,4.629862798578463,-0.053345980705292284,0.004043132192355969,0.009804000096621301,-0.0029311208088591556,0.013889112160667239,0.015534292962184004,0.0060120421566276505,0.018138922144403935,-0.009004563093082396,0.010247364765909595,0.15769229749322378,0.16717685937173066,segment
Health and wellness services,2013,2331,1525,PCU713940713940,partial,102.2,7.754052639035757,7.329749689041512,4.626931677769604,0.06239581622521051,0.025233742581357355,-0.0029311208088591556,0.015534292962184004,0.009804000096621301,0.018138922144403935,0.013889112160667239,-0.008551120989250371,0.0060120421566276505,0.008374031372445856,-0.053345980705292284,0.004043132192355969,segment
Health and wellness services,2014,2352,1575,PCU713940713940,partial,103.8,7.763021309018518,7.362010551259734,4.642465970731788,0.008968669982760247,0.03226086221822122,0.015534292962184004,0.018138922144403935,-0.0029311208088591556,-0.008551120989250371,0.009804000096621301,-0.0028667004820759345,0.013889112160667239,0.002240366891025876,0.06239581622521051,0.025233742581357355,segment
Health and wellness services,2015,2510,1644,PCU713940713940,partial,105.7,7.828038032125829,7.404887575616125,4.660604892876192,0.06501672310731177,0.0428770243563914,0.018138922144403935,-0.008551120989250371,0.015534292962184004,-0.0028667004820759345,-0.0029311208088591556,0.012363448019333312,0.009804000096621301,0.0003152088493356686,0.008968669982760247,0.03226086221822122,segment
Health and wellness services,2016,2436,1579,PCU713940713940,partial,104.8,7.798112628829788,7.364547014255642,4.6520537718869415,-0.02992540329604143,-0.04034056136048303,-0.008551120989250371,-0.0028667004820759345,0.018138922144403935,0.012363448019333312,0.015534292962184004,,-0.0029311208088591556,,0.06501672310731177,0.0428770243563914,segment
Health and wellness services,2017,2172,1459,PCU713940713940,partial,104.5,7.683403681053826,7.285506548522785,4.6491870714048655,-0.11470894777596197,-0.07904046573285672,-0.0028667004820759345,0.012363448019333312,-0.008551120989250371,,0.018138922144403935,,0.015534292962184004,,-0.02992540329604143,-0.04034056136048303,segment
Health and wellness services,2018,538,354,PCU713940713940,partial,105.8,6.2878585601617845,5.869296913133774,4.661550519424199,-1.3955451208920415,-1.416209635389011,0.012363448019333312,,-0.0028667004820759345,,-0.008551120989250371,,0.018138922144403935,,-0.11470894777596197,-0.07904046573285672,segment
Heating and air apparatus,1995,1,1,PCU333415333415,good,126.0,0.0,0.0,4.836281906951478,,,,0.017309637535091404,,0.007770046861931945,,0.01612318996024964,,0.01373429145242433,,,segment
Heating and air apparatus,1996,20,19,PCU333415333415,good,128.2,2.995732273553991,2.9444389791664403,4.853591544486569,2.995732273553991,2.9444389791664403,0.017309637535091404,0.007770046861931945,,0.01612318996024964,,0.0015220703090683685,,0.008471769043749983,,,segment
Heating and air apparatus,1997,51,44,PCU333415333415,good,129.2,3.9318256327243257,3.784189633918261,4.861361591348501,0.9360933591703349,0.8397506547518208,0.007770046861931945,0.01612318996024964,0.017309637535091404,0.0015220703090683685,,-0.006867634775488796,,0.003592541831276404,2.995732273553991,2.9444389791664403,segment
Heating and air apparatus,1998,163,132,PCU333415333415,good,131.3,5.093750200806762,4.882801922586371,4.877484781308751,1.1619245680824366,1.0986122886681096,0.01612318996024964,0.0015220703090683685,0.007770046861931945,-0.006867634775488796,0.017309637535091404,0.0,,-0.0017818548221401422,0.9360933591703349,0.8397506547518208,segment
Heating and air apparatus,1999,376,302,PCU333415333415,good,131.5,5.929589143389895,5.71042701737487,4.879006851617819,0.8358389425831323,0.8276250947884991,0.0015220703090683685,-0.006867634775488796,0.01612318996024964,0.0,0.007770046861931945,0.006106889208179922,0.017309637535091404,-0.00025358185576962455,1.1619245680824366,1.0986122886681096,segment
Heating and air apparatus,2000,893,589,PCU333415333415,good,130.6,6.794586580876499,6.3784261836515865,4.8721392168423305,0.8649974374866041,0.6679991662767168,-0.006867634775488796,0.0,0.0015220703090683685,0.006106889208179922,0.01612318996024964,0.002280502698725151,0.007770046861931945,0.0027957973023016907,0.8358389425831323,0.8276250947884991,segment
Heating and air apparatus,2001,1276,742,PCU333415333415,good,130.6,7.151485463904735,6.60934924316738,4.8721392168423305,0.35689888302823647,0.23092305951579384,0.0,0.006106889208179922,-0.006867634775488796,0.002280502698725151,0.0015220703090683685,0.012825524732288152,0.01612318996024964,0.007070972213064408,0.8649974374866041,0.6679991662767168,segment
Heating and air apparatus,2002,1318,701,PCU333415333415,good,131.4,7.183870715062453,6.55250788703459,4.8782461060505105,0.0323852511577174,-0.05684135613279029,0.006106889208179922,0.002280502698725151,0.0,0.012825524732288152,-0.006867634775488796,0.059654047778095354,0.0015220703090683685,0.024920025069702884,0.35689888302823647,0.23092305951579384,segment
Heating and air apparatus,2003,1363,650,PCU333415333415,good,131.7,7.217443431696533,6.476972362889683,4.880526608749236,0.03357271663408046,-0.07553552414490738,0.002280502698725151,0.012825524732288152,0.006106889208179922,0.059654047778095354,0.0,0.039465142208965354,-0.006867634775488796,0.03731490490644962,0.0323852511577174,-0.05684135613279029,segment
Heating and air apparatus,2004,1423,730,PCU333415333415,good,133.4,7.260522598089852,6.593044534142437,4.893352133481524,0.04307916639331921,0.11607217125275415,0.012825524732288152,0.059654047778095354,0.002280502698725151,0.039465142208965354,0.006106889208179922,0.05545975537136805,0.0,0.05152631511947625,0.03357271663408046,-0.07553552414490738,segment
Heating and air apparatus,2005,1580,760,PCU333415333415,good,141.6,7.365180126021013,6.633318433280377,4.953006181259619,0.10465752793116057,0.040273899137940106,0.059654047778095354,0.039465142208965354,0.012825524732288152,0.05545975537136805,0.002280502698725151,0.040899062841360134,0.006106889208179922,0.04527465347389784,0.04307916639331921,0.11607217125275415,segment
Heating and air apparatus,2006,1620,810,PCU333415333415,good,147.3,7.3901814282264295,6.697034247666484,4.9924713234685845,0.025001302205416742,0.06371581438610718,0.039465142208965354,0.05545975537136805,0.059654047778095354,0.040899062841360134,0.012825524732288152,0.0055333679456550655,0.002280502698725151,0.03396406205279441,0.10465752793116057,0.040273899137940106,segment
Heating and air apparatus,2007,1766,828,PCU333415333415,good,155.7,7.476472381163905,6.71901315438526,5.0479310788399525,0.08629095293747557,0.02197890671877545,0.05545975537136805,0.040899062841360134,0.039465142208965354,0.0055333679456550655,0.059654047778095354,-0.004917035106422496,0.012825524732288152,0.013838465226864233,0.025001302205416742,0.06371581438610718,segment
Heating and air apparatus,2008,1665,802,PCU333415333415,good,162.2,7.417580402414544,6.687108607866515,5.088830141681313,-0.058891978749360696,-0.03190454651874486,0.040899062841360134,0.0055333679456550655,0.05545975537136805,-0.004917035106422496,0.039465142208965354,0.0339220895629504,0.059654047778095354,0.011512807467394321,0.08629095293747557,0.02197890671877545,segment
Heating and air apparatus,2009,1782,792,PCU333415333415,good,163.1,7.485491608030754,6.674561391814426,5.094363509626968,0.06791120561620989,-0.01254721605208875,0.0055333679456550655,-0.004917035106422496,0.040899062841360134,0.0339220895629504,0.05545975537136805,0.024707139133997913,0.039465142208965354,0.01790406453017527,-0.058891978749360696,-0.03190454651874486,segment
Heating and air apparatus,2010,1803,833,PCU333415333415,good,162.3,7.497207223203318,6.725033642166843,5.089446474520545,0.011715615172563254,0.05047225035241709,-0.004917035106422496,0.0339220895629504,0.0055333679456550655,0.024707139133997913,0.040899062841360134,0.019563339688427384,0.05545975537136805,0.026064189461791898,0.06791120561620989,-0.01254721605208875,segment
Heating and air apparatus,2011,1813,833,PCU333415333415,good,167.9,7.502738210754851,6.725033642166843,5.123368564083496,0.005530987551533251,0.0,0.0339220895629504,0.024707139133997913,-0.004917035106422496,0.019563339688427384,0.0055333679456550655,0.01638917723998823,0.040899062841360134,0.02021988535413784,0.011715615172563254,0.05047225035241709,segment
Heating and air apparatus,2012,1773,848,PCU333415333415,good,172.1,7.480428306074208,6.742880635791903,5.1480757032174935,-0.0223099046806432,0.017846993625060037,0.024707139133997913,0.019563339688427384,0.0339220895629504,0.01638917723998823,-0.004917035106422496,0.007816901891611217,0.0055333679456550655,0.014589806273342276,0.005530987551533251,0.0,segment
Heating and air apparatus,2013,1806,836,PCU333415333415,good,175.5,7.498869733976931,6.728628613084702,5.167639042905921,0.018441427902723184,-0.014252022707201384,0.019563339688427384,0.01638917723998823,0.024707139133997913,0.007816901891611217,0.0339220895629504,0.010511853364604917,-0.004917035106422496,0.011572644165401453,-0.0223099046806432,0.017846993625060037,segment
Heating and air apparatus,2014,2018,933,PCU333415333415,good,178.4,7.609862200913554,6.838405200847344,5.184028220145909,0.11099246693662312,0.10977658776264221,0.01638917723998823,0.007816901891611217,0.019563339688427384,0.010511853364604917,0.024707139133997913,0.019079346809953712,0.0339220895629504,0.012469367355389949,0.018441427902723184,-0.014252022707201384,segment
Heating and air apparatus,2015,2187,1012,PCU333415333415,good,179.8,7.690286020676768,6.919683849847411,5.19184512203752,0.08042381976321433,0.0812786490000672,0.007816901891611217,0.010511853364604917,0.01638917723998823,0.019079346809953712,0.019563339688427384,0.04642183685124923,0.024707139133997913,0.02533767900860262,0.11099246693662312,0.10977658776264221,segment
Heating and air apparatus,2016,2696,1470,PCU333415333415,good,181.7,7.899524472032198,7.293017679772782,5.202356975402125,0.2092384513554295,0.3733338299253708,0.010511853364604917,0.019079346809953712,0.007816901891611217,0.04642183685124923,0.01638917723998823,,0.019563339688427384,,0.08042381976321433,0.0812786490000672,segment
Heating and air apparatus,2017,3006,1993,PCU333415333415,good,185.2,8.00836557031292,7.597396320212795,5.221436322212079,0.10884109828072219,0.30437864044001284,0.019079346809953712,0.04642183685124923,0.010511853364604917,,0.007816901891611217,,0.01638917723998823,,0.2092384513554295,0.3733338299253708,segment
Heating and air apparatus,2018,697,476,PCU333415333415,good,194.0,6.546785410760524,6.16541785423142,5.267858159063328,-1.4615801595523958,-1.4319784659813743,0.04642183685124923,,0.019079346809953712,,0.010511853364604917,,0.007816901891611217,,0.10884109828072219,0.30437864044001284,segment
Industrial machines and parts,1995,2,2,WPU114,good,139.1,0.6931471805599453,0.6931471805599453,4.935193098929397,,,,0.024148900779308313,,0.01739174271186883,,0.015058463874201955,,0.01886636912179303,,,segment
Industrial machines and parts,1996,15,15,WPU114,good,142.5,2.70805020110221,2.70805020110221,4.959341999708705,2.0149030205422647,2.0149030205422647,0.024148900779308313,0.01739174271186883,,0.015058463874201955,,0.01416549825036828,,0.01553856827881302,,,segment
Industrial machines and parts,1997,73,60,WPU114,good,145.0,4.290459441148391,4.0943445622221,4.976733742420574,1.5824092400461809,1.3862943611198904,0.01739174271186883,0.015058463874201955,0.024148900779308313,0.01416549825036828,,0.009333401087305404,,0.012852454403958546,2.0149030205422647,2.0149030205422647,segment
Industrial machines and parts,1998,212,185,WPU114,good,147.2,5.356586274672012,5.220355825078324,4.991792206294776,1.0661268335236214,1.126011262856224,0.015058463874201955,0.01416549825036828,0.01739174271186883,0.009333401087305404,0.024148900779308313,0.013184106592136757,,0.012227668643270146,1.5824092400461809,1.3862943611198904,segment
Industrial machines and parts,1999,442,356,WPU114,good,149.3,6.091309882077698,5.87493073085203,5.005957704545144,0.7347236074056855,0.654574905773706,0.01416549825036828,0.009333401087305404,0.015058463874201955,0.013184106592136757,0.01739174271186883,0.009775248904642098,0.024148900779308313,0.010764252194694752,1.0661268335236214,1.126011262856224,segment
Industrial machines and parts,2000,1085,809,WPU114,good,150.7,6.98933526597456,6.695798917058491,5.01529110563245,0.8980253838968624,0.8208681862064608,0.009333401087305404,0.013184106592136757,0.01416549825036828,0.009775248904642098,0.015058463874201955,0.00903815061506208,0.01739174271186883,0.010665835370613644,0.7347236074056855,0.654574905773706,segment
Industrial machines and parts,2001,1225,853,WPU114,good,152.7,7.110696122978827,6.748759547491679,5.028475212224587,0.1213608570042668,0.052960630433187994,0.013184106592136757,0.009775248904642098,0.009333401087305404,0.00903815061506208,0.01416549825036828,0.028510008258377795,0.015058463874201955,0.015774469259360657,0.8980253838968624,0.8208681862064608,segment
Industrial machines and parts,2002,1197,733,WPU114,good,154.2,7.087573705557973,6.597145701886651,5.038250461129229,-0.02312241742085419,-0.151613845605028,0.009775248904642098,0.00903815061506208,0.013184106592136757,0.028510008258377795,0.009333401087305404,0.051730425565086335,0.01416549825036828,0.029759528146175402,0.1213608570042668,0.052960630433187994,segment
Industrial machines and parts,2003,1153,726,WPU114,good,155.6,7.050122520269059,6.587550014824796,5.047288611744291,-0.03745118528891389,-0.009595687061855429,0.00903815061506208,0.028510008258377795,0.009775248904642098,0.051730425565086335,0.013184106592136757,0.040109997338166004,0.009333401087305404,0.040116810387210045,-0.02312241742085419,-0.151613845605028,segment
Industrial machines and parts,2004,1274,789,WPU114,good,160.1,7.149916836132109,6.670766320845874,5.075798620002669,0.09979431586304965,0.08321630602107799,0.028510008258377795,0.051730425565086335,0.00903815061506208,0.040109997338166004,0.009775248904642098,0.046209167015665464,0.013184106592136757,0.0460165299729726,-0.03745118528891389,-0.009595687061855429,segment
Industrial machines and parts,2005,1345,803,WPU114,good,168.6,7.20414929203594,6.688354713946762,5.127529045567755,0.05423245590383097,0.017588393100887778,0.051730425565086335,0.040109997338166004,0.028510008258377795,0.046209167015665464,0.00903815061506208,0.049877711856830764,0.009775248904642098,0.04539895873688741,0.09979431586304965,0.08321630602107799,segment
Industrial machines and parts,2006,1580,870,WPU114,good,175.5,7.365180126021013,6.76849321164863,5.167639042905921,0.16103083398507323,0.08013849770186798,0.040109997338166004,0.046209167015665464,0.051730425565086335,0.049877711856830764,0.028510008258377795,0.03058342337208053,0.00903815061506208,0.04222343408152558,0.05423245590383097,0.017588393100887778,segment
Industrial machines and parts,2007,1676,869,WPU114,good,183.8,7.424165281042028,6.767343125265392,5.213848209921586,0.05898515502101542,-0.0011500863832374364,0.046209167015665464,0.049877711856830764,0.040109997338166004,0.03058342337208053,0.051730425565086335,0.007003530377337697,0.028510008258377795,0.02915488853541633,0.16103083398507323,0.08013849770186798,segment
Industrial machines and parts,2008,1769,952,WPU114,good,193.2,7.478169694159785,6.858565034791365,5.263725921778417,0.05400441311775683,0.09122190952597276,0.049877711856830764,0.03058342337208053,0.046209167015665464,0.007003530377337697,0.040109997338166004,0.034300275763897936,0.051730425565086335,0.023962409837772054,0.05898515502101542,-0.0011500863832374364,segment
Industrial machines and parts,2009,1460,775,WPU114,good,199.2,7.286191714702382,6.652863029353347,5.294309345150498,-0.1919779794574028,-0.20570200543801764,0.03058342337208053,0.007003530377337697,0.049877711856830764,0.034300275763897936,0.046209167015665464,0.029895464796626747,0.040109997338166004,0.023733090312620792,0.05400441311775683,0.09122190952597276,segment
Industrial machines and parts,2010,1522,806,WPU114,good,200.6,7.3277805384216315,6.692083742506628,5.301312875527835,0.04158882371924921,0.039220713153280684,0.007003530377337697,0.034300275763897936,0.03058342337208053,0.029895464796626747,0.049877711856830764,0.020361647467538546,0.046209167015665464,0.02818579600935441,-0.1919779794574028,-0.20570200543801764,segment
Industrial machines and parts,2011,1657,845,WPU114,good,207.6,7.4127640174265625,6.739336627357174,5.335613151291733,0.08498347900493108,0.04725288485054602,0.034300275763897936,0.029895464796626747,0.007003530377337697,0.020361647467538546,0.03058342337208053,0.02040424449723055,0.049877711856830764,0.023553785587131948,0.04158882371924921,0.039220713153280684,segment
Industrial machines and parts,2012,1818,893,WPU114,good,213.9,7.505492274737424,6.794586580876499,5.36550861608836,0.09272825731086165,0.05524995351932471,0.029895464796626747,0.020361647467538546,0.034300275763897936,0.02040424449723055,0.007003530377337697,0.013375143662432976,0.03058342337208053,0.01804701187573402,0.08498347900493108,0.04725288485054602,segment
Industrial machines and parts,2013,1919,928,WPU114,good,218.3,7.5595594960077,6.833031732786201,5.385870263555899,0.054067221270275745,0.03844515190970199,0.020361647467538546,0.02040424449723055,0.029895464796626747,0.013375143662432976,0.034300275763897936,0.009695977238878939,0.007003530377337697,0.014491788466180822,0.09272825731086165,0.05524995351932471,segment
Industrial machines and parts,2014,1826,872,WPU114,good,222.8,7.509883061154913,6.77078942390898,5.406274508053129,-0.0496764348527865,-0.06224230887722104,0.02040424449723055,0.013375143662432976,0.020361647467538546,0.009695977238878939,0.029895464796626747,0.01566611674439944,0.034300275763897936,0.012912412548570451,0.054067221270275745,0.03844515190970199,segment
Industrial machines and parts,2015,2058,984,WPU114,good,225.8,7.629489916393995,6.891625897052253,5.419649651715562,0.11960685523908143,0.12083647314327361,0.013375143662432976,0.009695977238878939,0.02040424449723055,0.01566611674439944,0.020361647467538546,0.03228827637763576,0.029895464796626747,0.01921679012030471,-0.0496764348527865,-0.06224230887722104,segment
Industrial machines and parts,2016,2098,1084,WPU114,good,228.0,7.6487397889562425,6.988413181999592,5.429345628954441,0.01924987256224764,0.09678728494733857,0.009695977238878939,0.01566611674439944,0.013375143662432976,0.03228827637763576,0.02040424449723055,,0.020361647467538546,,0.11960685523908143,0.12083647314327361,segment
Industrial machines and parts,2017,1806,989,WPU114,good,231.6,7.498869733976931,6.8966943316227125,5.4450117456988405,-0.14987005497931172,-0.09171885037687932,0.01566611674439944,0.03228827637763576,0.009695977238878939,,0.013375143662432976,,0.02040424449723055,,0.01924987256224764,0.09678728494733857,segment
Industrial machines and parts,2018,289,178,WPU114,good,239.2,5.666426688112432,5.181783550292085,5.477300022076476,-1.8324430458644985,-1.7149107813306275,0.03228827637763576,,0.01566611674439944,,0.009695977238878939,,0.013375143662432976,,-0.14987005497931172,-0.09171885037687932,segment
Land vehicles and parts,1995,19,16,PCU336110336110,partial,139.1,2.9444389791664403,2.772588722239781,4.935193098929397,,,,0.00930239266231414,,-0.012182164270925,,-0.01379332213233564,,-0.005557697913648832,,,segment
Land vehicles and parts,1996,60,40,PCU336110336110,partial,140.4,4.0943445622221,3.6888794541139363,4.944495491591711,1.1499055830556602,0.9162907318741551,0.00930239266231414,-0.012182164270925,,-0.01379332213233564,,0.0058309203107924645,,-0.006714855364156058,,,segment
Land vehicles and parts,1997,131,111,PCU336110336110,partial,138.7,4.875197323201151,4.709530201312334,4.932313327320786,0.7808527609790508,1.0206507471983977,-0.012182164270925,-0.01379332213233564,0.00930239266231414,0.0058309203107924645,,0.007962401821543175,,0.0,1.1499055830556602,0.9162907318741551,segment
Land vehicles and parts,1998,376,288,PCU336110336110,partial,136.8,5.929589143389895,5.662960480135946,4.918520005188451,1.0543918201887434,0.9534302788236122,-0.01379332213233564,0.0058309203107924645,-0.012182164270925,0.007962401821543175,0.00930239266231414,-0.007962401821543175,,0.0019436401035974882,0.7808527609790508,1.0206507471983977,segment
Land vehicles and parts,1999,735,562,PCU336110336110,partial,137.6,6.5998704992128365,6.331501849893691,4.924350925499243,0.6702813558229419,0.6685413697577447,0.0058309203107924645,0.007962401821543175,-0.01379332213233564,-0.007962401821543175,-0.012182164270925,-0.019817162285533207,0.00930239266231414,-0.0066057207618444025,1.0543918201887434,0.9534302788236122,segment
Land vehicles and parts,2000,1957,1239,PCU336110336110,partial,138.7,7.579167967396076,7.122059881629142,4.932313327320786,0.9792974681832396,0.7905580317354515,0.007962401821543175,-0.007962401821543175,0.0058309203107924645,-0.019817162285533207,-0.01379332213233564,0.0014814817524433366,-0.012182164270925,-0.008766027451544348,0.6702813558229419,0.6685413697577447,segment
Land vehicles and parts,2001,2497,1425,PCU336110336110,partial,137.6,7.822845290279774,7.261927092702751,4.924350925499243,0.24367732288369748,0.139867211073609,-0.007962401821543175,-0.019817162285533207,0.007962401821543175,0.0014814817524433366,0.0058309203107924645,0.0103093696588612,-0.01379332213233564,-0.002675436958076223,0.9792974681832396,0.7905580317354515,segment
Land vehicles and parts,2002,2666,1377,PCU336110336110,partial,134.9,7.888334500738654,7.227662498728654,4.90453376321371,0.06548921045888001,-0.03426459397409687,-0.019817162285533207,0.0014814817524433366,-0.007962401821543175,0.0103093696588612,0.007962401821543175,-0.0103093696588612,0.0058309203107924645,0.0004938272508144455,0.24367732288369748,0.139867211073609,segment
Land vehicles and parts,2003,2886,1476,PCU336110336110,partial,135.1,7.9676267393338165,7.297091005160418,4.906015244966153,0.07929223859516288,0.06942850643176346,0.0014814817524433366,0.0103093696588612,-0.019817162285533207,-0.0103093696588612,-0.007962401821543175,-0.032345805943054806,0.007962401821543175,-0.010781935314351601,0.06548921045888001,-0.03426459397409687,segment
Land vehicles and parts,2004,2972,1476,PCU336110336110,partial,136.5,7.99699040583765,7.297091005160418,4.916324614625014,0.029363666503833485,0.0,0.0103093696588612,-0.0103093696588612,0.0014814817524433366,-0.032345805943054806,-0.019817162285533207,0.0022909517465556917,-0.007962401821543175,-0.013454741285120104,0.07929223859516288,0.06942850643176346,segment
Land vehicles and parts,2005,3011,1479,PCU336110336110,partial,135.1,8.010027528481734,7.2991214627108,4.906015244966153,0.013037122644083965,0.0020304575503820033,-0.0103093696588612,-0.032345805943054806,0.0103093696588612,0.0022909517465556917,0.0014814817524433366,0.013636574949545732,-0.019817162285533207,-0.00547275974898446,0.029363666503833485,0.0,segment
Land vehicles and parts,2006,3121,1478,PCU336110336110,partial,130.8,8.045908742270779,7.298445101508147,4.873669439023098,0.03588121378904496,-0.0006763612026530197,-0.032345805943054806,0.0022909517465556917,-0.0103093696588612,0.013636574949545732,0.0103093696588612,0.028191778010704382,0.0014814817524433366,0.014706434902268601,0.013037122644083965,0.0020304575503820033,segment
Land vehicles and parts,2007,3199,1470,PCU336110336110,partial,131.1,8.070593539949519,7.293017679772782,4.875960390769654,0.024684797678739656,-0.0054274217353649234,0.0022909517465556917,0.013636574949545732,-0.032345805943054806,0.028191778010704382,-0.0103093696588612,0.0007312614585464061,0.0103093696588612,0.01418653813959884,0.03588121378904496,-0.0006763612026530197,segment
Land vehicles and parts,2008,3232,1424,PCU336110336110,partial,132.9,8.080856419640986,7.261225091971921,4.8895969657192,0.01026287969146722,-0.031792587800860694,0.013636574949545732,0.028191778010704382,0.0022909517465556917,0.0007312614585464061,-0.032345805943054806,0.006557400546158831,-0.0103093696588612,0.011826813338469872,0.024684797678739656,-0.0054274217353649234,segment
Land vehicles and parts,2009,2803,1232,PCU336110336110,partial,136.7,7.938445551164788,7.116394144093465,4.917788743729904,-0.14241086847619755,-0.1448309478784564,0.028191778010704382,0.0007312614585464061,0.013636574949545732,0.006557400546158831,0.0022909517465556917,0.02509991932453204,-0.032345805943054806,0.010796193776412425,0.01026287969146722,-0.031792587800860694,segment
Land vehicles and parts,2010,3153,1411,PCU336110336110,partial,136.8,8.056109659545061,7.252053951852814,4.918520005188451,0.11766410838027319,0.1356598077593496,0.0007312614585464061,0.006557400546158831,0.028191778010704382,0.02509991932453204,0.013636574949545732,0.010567199423649143,0.0022909517465556917,0.014074839764780004,-0.14241086847619755,-0.1448309478784564,segment
Land vehicles and parts,2011,3333,1451,PCU336110336110,partial,137.7,8.11162807830774,7.280008252884188,4.925077405734609,0.055518418762678934,0.02795430103137342,0.006557400546158831,0.02509991932453204,0.0007312614585464061,0.010567199423649143,0.028191778010704382,0.01805604609344691,0.013636574949545732,0.017907721613876028,0.11766410838027319,0.1356598077593496,segment
Land vehicles and parts,2012,3332,1407,PCU336110336110,partial,141.2,8.111328003286733,7.249215057114389,4.950177325059141,-0.00030007502100737327,-0.030793195769798665,0.02509991932453204,0.010567199423649143,0.006557400546158831,0.01805604609344691,0.0007312614585464061,0.024474369113725913,0.028191778010704382,0.017699204876940655,0.055518418762678934,0.02795430103137342,segment
Land vehicles and parts,2013,3421,1464,PCU336110336110,partial,142.7,8.137688184977605,7.288927694521257,4.960744524482791,0.02636018169087251,0.03971263740686748,0.010567199423649143,0.01805604609344691,0.02509991932453204,0.024474369113725913,0.006557400546158831,0.008026798949452463,0.0007312614585464061,0.016852404718875093,-0.00030007502100737327,-0.030793195769798665,segment
Land vehicles and parts,2014,3645,1559,PCU336110336110,partial,145.3,8.201111644442758,7.351799869057777,4.9788005705762375,0.06342345946515238,0.06287217453651994,0.01805604609344691,0.024474369113725913,0.010567199423649143,0.008026798949452463,0.02509991932453204,0.013236460625830837,0.006557400546158831,0.015245876229669737,0.02636018169087251,0.03971263740686748,segment
Land vehicles and parts,2015,4058,1844,PCU336110336110,partial,148.9,8.30844552038576,7.519692404116539,5.003274939689963,0.10733387594300225,0.16789253505876278,0.024474369113725913,0.008026798949452463,0.01805604609344691,0.013236460625830837,0.010567199423649143,0.007206058041243857,0.02509991932453204,0.009489772538842384,0.06342345946515238,0.06287217453651994,segment
Land vehicles and parts,2016,4082,1998,PCU336110336110,partial,150.1,8.31434234336979,7.599901959208498,5.011301738639416,0.005896822984029271,0.08020955509195904,0.008026798949452463,0.013236460625830837,0.024474369113725913,0.007206058041243857,0.01805604609344691,,0.010567199423649143,,0.10733387594300225,0.16789253505876278,segment
Land vehicles and parts,2017,3779,2015,PCU336110336110,partial,152.1,8.237214703349489,7.608374474380783,5.024538199265247,-0.0771276400203007,0.008472515172284645,0.013236460625830837,0.007206058041243857,0.008026798949452463,,0.024474369113725913,,0.01805604609344691,,0.005896822984029271,0.08020955509195904,segment
Land vehicles and parts,2018,800,472,PCU336110336110,partial,153.2,6.684611727667927,6.156978985585555,5.0317442573064906,-1.5526029756815616,-1.451395488795228,0.007206058041243857,,0.013236460625830837,,0.008026798949452463,,0.024474369113725913,,-0.0771276400203007,0.008472515172284645,segment
"Mats, floor coverings and printing",1995,4,4,WPU1231,partial,119.8,1.3862943611198906,1.3862943611198906,4.785823685681349,,,,0.01983536105614636,,0.011391498286095647,,0.003231020581446309,,0.011485959974562771,,,segment
"Mats, floor coverings and printing",1996,4,4,WPU1231,partial,122.2,1.3862943611198906,1.3862943611198906,4.805659046737495,0.0,0.0,0.01983536105614636,0.011391498286095647,,0.003231020581446309,,-0.012170535620255052,,0.0008173277490956347,,,segment
"Mats, floor coverings and printing",1997,26,21,WPU1231,partial,123.6,3.258096538021482,3.044522437723423,4.817050545023591,1.8718021769015916,1.6582280766035324,0.011391498286095647,0.003231020581446309,0.01983536105614636,-0.012170535620255052,,0.021002387488083585,,0.004020957483091614,0.0,0.0,segment
"Mats, floor coverings and printing",1998,71,65,WPU1231,partial,124.0,4.2626798770413155,4.174387269895637,4.820281565605037,1.0045833390198333,1.1298648321722138,0.003231020581446309,-0.012170535620255052,0.011391498286095647,0.021002387488083585,0.01983536105614636,0.009546611883579637,,0.006126154583802723,1.8718021769015916,1.6582280766035324,segment
"Mats, floor coverings and printing",1999,199,156,WPU1231,partial,122.5,5.293304824724492,5.049856007249537,4.808111029984782,1.0306249476831768,0.8754687373539003,-0.012170535620255052,0.021002387488083585,0.003231020581446309,0.009546611883579637,0.011391498286095647,0.0015822788111297115,0.01983536105614636,0.010710426060930978,1.0045833390198333,1.1298648321722138,segment
"Mats, floor coverings and printing",2000,577,371,WPU1231,partial,125.1,6.3578422665081,5.916202062607435,4.829113417472866,1.0645374417836075,0.8663460553578979,0.021002387488083585,0.009546611883579637,-0.012170535620255052,0.0015822788111297115,0.003231020581446309,0.025752496102414923,0.011391498286095647,0.012293795599041424,1.0306249476831768,0.8754687373539003,segment
"Mats, floor coverings and printing",2001,811,438,WPU1231,partial,126.3,6.698268054115413,6.082218910376446,4.838660029356445,0.34042578760731335,0.16601684776901138,0.009546611883579637,0.0015822788111297115,0.021002387488083585,0.025752496102414923,-0.012170535620255052,0.024354323951763845,0.003231020581446309,0.01722969962176949,1.0645374417836075,0.8663460553578979,segment
"Mats, floor coverings and printing",2002,916,453,WPU1231,partial,126.5,6.82001636467413,6.115892125483034,4.840242308167575,0.12174831055871671,0.03367321510658794,0.0015822788111297115,0.025752496102414923,0.009546611883579637,0.024354323951763845,0.021002387488083585,0.07319455834065103,-0.012170535620255052,0.04110045946494326,0.34042578760731335,0.16601684776901138,segment
"Mats, floor coverings and printing",2003,846,431,WPU1231,partial,129.8,6.740519359606223,6.066108090103747,4.86599480426999,-0.07949700506790691,-0.049784035379286884,0.025752496102414923,0.024354323951763845,0.0015822788111297115,0.07319455834065103,0.009546611883579637,0.05770178664586645,0.021002387488083585,0.05175022297942711,0.12174831055871671,0.03367321510658794,segment
"Mats, floor coverings and printing",2004,806,435,WPU1231,partial,133.0,6.692083742506628,6.075346031088684,4.890349128221754,-0.048435617099594985,0.009237940984936799,0.024354323951763845,0.07319455834065103,0.025752496102414923,0.05770178664586645,0.0015822788111297115,0.011803415724884303,0.009546611883579637,0.04756658690380059,-0.07949700506790691,-0.049784035379286884,segment
"Mats, floor coverings and printing",2005,920,476,WPU1231,partial,143.1,6.824373670043086,6.16541785423142,4.963543686562405,0.1322899275364584,0.09007182314273621,0.07319455834065103,0.05770178664586645,0.024354323951763845,0.011803415724884303,0.025752496102414923,0.020007121047052046,0.0015822788111297115,0.029837441139267597,-0.048435617099594985,0.009237940984936799,segment
"Mats, floor coverings and printing",2006,822,420,WPU1231,partial,151.6,6.71174039505618,6.040254711277414,5.021245473208271,-0.11263327498690678,-0.12516314295400655,0.05770178664586645,0.011803415724884303,0.07319455834065103,0.020007121047052046,0.024354323951763845,0.04375698035710052,0.025752496102414923,0.02518917237634562,0.1322899275364584,0.09007182314273621,segment
"Mats, floor coverings and printing",2007,995,489,WPU1231,partial,153.4,6.902742737158593,6.192362489474872,5.0330488889331555,0.19100234210241318,0.15210777819745847,0.011803415724884303,0.020007121047052046,0.05770178664586645,0.04375698035710052,0.07319455834065103,0.008526239228245025,0.024354323951763845,0.024096780210799196,-0.11263327498690678,-0.12516314295400655,segment
"Mats, floor coverings and printing",2008,992,446,WPU1231,partial,156.5,6.899723107284872,6.100318952020064,5.0530560099802075,-0.0030196298737203975,-0.09204353745480809,0.020007121047052046,0.04375698035710052,0.011803415724884303,0.008526239228245025,0.05770178664586645,0.03690895133259442,0.07319455834065103,0.029730723639313318,0.19100234210241318,0.15210777819745847,segment
"Mats, floor coverings and printing",2009,786,379,WPU1231,partial,163.5,6.666956792429207,5.937536205082426,5.096812990337308,-0.2327663148556658,-0.16278274693763795,0.04375698035710052,0.008526239228245025,0.020007121047052046,0.03690895133259442,0.011803415724884303,0.02082203624186363,0.05770178664586645,0.02208574226756769,-0.0030196298737203975,-0.09204353745480809,segment
"Mats, floor coverings and printing",2010,783,367,WPU1231,partial,164.9,6.663132695990803,5.905361848054571,5.105339229565553,-0.003824096438403757,-0.03217435702785565,0.008526239228245025,0.03690895133259442,0.04375698035710052,0.02082203624186363,0.020007121047052046,0.0057077780530399025,0.011803415724884303,0.021146255209165982,-0.2327663148556658,-0.16278274693763795,segment
"Mats, floor coverings and printing",2011,862,443,WPU1231,partial,171.1,6.759255270663693,6.093569770045136,5.1422481808981475,0.09612257467288998,0.18820792199056502,0.03690895133259442,0.02082203624186363,0.008526239228245025,0.0057077780530399025,0.04375698035710052,0.024178855697159385,0.020007121047052046,0.016902889997354304,-0.003824096438403757,-0.03217435702785565,segment
"Mats, floor coverings and printing",2012,863,392,WPU1231,partial,174.7,6.760414691083428,5.971261839790462,5.163070217140011,0.0011594204197349356,-0.12230793025467346,0.02082203624186363,0.0057077780530399025,0.03690895133259442,0.024178855697159385,0.008526239228245025,0.00719626687059538,0.04375698035710052,0.012360966873598223,0.09612257467288998,0.18820792199056502,segment
"Mats, floor coverings and printing",2013,935,437,WPU1231,partial,175.7,6.840546529288687,6.07993319509559,5.168777995193051,0.0801318382052596,0.10867135530512773,0.0057077780530399025,0.024178855697159385,0.02082203624186363,0.00719626687059538,0.03690895133259442,-0.0011037528714377132,0.008526239228245025,0.010090456565439016,0.0011594204197349356,-0.12230793025467346,segment
"Mats, floor coverings and printing",2014,975,428,WPU1231,partial,180.0,6.882437470997847,6.059123195581797,5.19295685089021,0.04189094170915997,-0.020809999513793365,0.024178855697159385,0.00719626687059538,0.0057077780530399025,-0.0011037528714377132,0.02082203624186363,0.0033076105127571864,0.03690895133259442,0.003133374837304951,0.0801318382052596,0.10867135530512773,segment
"Mats, floor coverings and printing",2015,1122,546,WPU1231,partial,181.3,7.022868086082641,6.302618975744905,5.200153117760806,0.14043061508479404,0.24349578016310858,0.00719626687059538,-0.0011037528714377132,0.024178855697159385,0.0033076105127571864,0.0057077780530399025,0.045719174709164534,0.02082203624186363,0.015974344116828,0.04189094170915997,-0.020809999513793365,segment
"Mats, floor coverings and printing",2016,1092,573,WPU1231,partial,181.1,6.9957661563048505,6.35088571671474,5.199049364889368,-0.0271019297777908,0.04826674096983474,-0.0011037528714377132,0.0033076105127571864,0.00719626687059538,0.045719174709164534,0.024178855697159385,,0.0057077780530399025,,0.14043061508479404,0.24349578016310858,segment
"Mats, floor coverings and printing",2017,1161,682,WPU1231,partial,181.7,7.057036981697891,6.525029657843462,5.202356975402125,0.06127082539304052,0.17414394112872245,0.0033076105127571864,0.045719174709164534,-0.0011037528714377132,,0.00719626687059538,,0.024178855697159385,,-0.0271019297777908,0.04826674096983474,segment
"Mats, floor coverings and printing",2018,236,151,WPU1231,partial,190.2,5.4638318050256105,5.017279836814924,5.24807615011129,-1.5932051766722806,-1.507749821028538,0.045719174709164534,,0.0033076105127571864,,-0.0011037528714377132,,0.00719626687059538,,0.06127082539304052,0.17414394112872245,segment
Medical and healthcare services,1995,3,3,PCU622110622110,partial,109.9,1.0986122886681098,1.0986122886681098,4.699570861409576,,,,0.02338236023489859,,0.009730284642576414,,0.008764297993588244,,0.013958980957021083,,,segment
Medical and healthcare services,1996,19,16,PCU622110622110,partial,112.5,2.9444389791664403,2.772588722239781,4.722953221644475,1.8458266904983305,1.6739764335716714,0.02338236023489859,0.009730284642576414,,0.008764297993588244,,0.017301469635752298,,0.011932017423972319,,,segment
Medical and healthcare services,1997,50,47,PCU622110622110,partial,113.6,3.912023005428146,3.8501476017100584,4.732683506287051,0.9675840262617057,1.0775588794702773,0.009730284642576414,0.008764297993588244,0.02338236023489859,0.017301469635752298,,0.027074411764957063,,0.017713393131432532,1.8458266904983305,1.6739764335716714,segment
Medical and healthcare services,1998,162,127,PCU622110622110,partial,114.6,5.087596335232384,4.844187086458591,4.741447804280639,1.1755733298042377,0.9940394847485328,0.008764297993588244,0.017301469635752298,0.009730284642576414,0.027074411764957063,0.02338236023489859,0.0296074257899388,,0.02466110239688272,0.9675840262617057,1.0775588794702773,segment
Medical and healthcare services,1999,376,325,PCU622110622110,partial,116.6,5.929589143389895,5.783825182329737,4.758749273916392,0.841992808157511,0.9396380958711461,0.017301469635752298,0.027074411764957063,0.008764297993588244,0.0296074257899388,0.009730284642576414,0.035817597113509514,0.02338236023489859,0.030833144889468457,1.1755733298042377,0.9940394847485328,segment
Medical and healthcare services,2000,1081,790,PCU622110622110,partial,119.8,6.985641817639208,6.672032945461067,4.785823685681349,1.0560526742493135,0.8882077631313301,0.027074411764957063,0.0296074257899388,0.017301469635752298,0.035817597113509514,0.008764297993588244,0.05624582659194566,0.009730284642576414,0.040556949831797987,0.841992808157511,0.9396380958711461,segment
Medical and healthcare services,2001,1370,896,PCU622110622110,partial,123.4,7.222566018822171,6.79794041297493,4.8154311114712876,0.23692420118296287,0.12590746751386295,0.0296074257899388,0.035817597113509514,0.027074411764957063,0.05624582659194566,0.017301469635752298,0.04762804898925399,0.008764297993588244,0.04656382423156972,1.0560526742493135,0.8882077631313301,segment
Medical and healthcare services,2002,1549,953,PCU622110622110,partial,127.9,7.3453648404168685,6.859614903654202,4.851248708584797,0.12279882159469757,0.06167449067927144,0.035817597113509514,0.05624582659194566,0.0296074257899388,0.04762804898925399,0.027074411764957063,0.03734873930258775,0.017301469635752298,0.04707420496126247,0.23692420118296287,0.12590746751386295,segment
Medical and healthcare services,2003,1633,946,PCU622110622110,partial,135.3,7.398174092970465,6.852242569051878,4.907494535176743,0.052809252553596586,-0.007372334602323782,0.05624582659194566,0.04762804898925399,0.035817597113509514,0.03734873930258775,0.0296074257899388,0.04122924355866697,0.027074411764957063,0.0420686772835029,0.12279882159469757,0.06167449067927144,segment
Medical and healthcare services,2004,1817,1037,PCU622110622110,partial,141.9,7.504942068396171,6.9440872082295275,4.955122584165997,0.10676797542570604,0.09184463917764951,0.04762804898925399,0.03734873930258775,0.05624582659194566,0.04122924355866697,0.035817597113509514,0.0339449817857842,0.0296074257899388,0.03750765488234631,0.052809252553596586,-0.007372334602323782,segment
Medical and healthcare services,2005,1969,1097,PCU622110622110,partial,147.3,7.585281078639126,7.00033446027523,4.9924713234685845,0.08033901024295442,0.05624725204570247,0.03734873930258775,0.04122924355866697,0.04762804898925399,0.0339449817857842,0.05624582659194566,0.03038993556405334,0.035817597113509514,0.03518805363616817,0.10676797542570604,0.09184463917764951,segment
Medical and healthcare services,2006,2086,1100,PCU622110622110,partial,153.5,7.643003635560718,7.003065458786462,5.033700567027251,0.05772255692159245,0.002730998511231597,0.04122924355866697,0.0339449817857842,0.03734873930258775,0.03038993556405334,0.04762804898925399,0.03067909778476796,0.05624582659194566,0.03167133837820183,0.08033901024295442,0.05624725204570247,segment
Medical and healthcare services,2007,2296,1206,PCU622110622110,partial,158.8,7.738923757439457,7.095064377287131,5.067645548813036,0.09592012187873866,0.09199891850066955,0.0339449817857842,0.03038993556405334,0.04122924355866697,0.03067909778476796,0.03734873930258775,0.028615091085201882,0.04762804898925399,0.029894708144674393,0.05772255692159245,0.002730998511231597,segment
Medical and healthcare services,2008,2425,1267,PCU622110622110,partial,163.7,7.793586803371584,7.144407180321139,5.098035484377089,0.05466304593212712,0.04934280303400751,0.03038993556405334,0.03067909778476796,0.0339449817857842,0.028615091085201882,0.04122924355866697,0.021077396628419898,0.03734873930258775,0.026790528499463246,0.09592012187873866,0.09199891850066955,segment
Medical and healthcare services,2009,2457,1270,PCU622110622110,partial,168.8,7.806696372521179,7.146772179452637,5.128714582161857,0.013109569149595046,0.0023649991314984575,0.03067909778476796,0.028615091085201882,0.03038993556405334,0.021077396628419898,0.0339449817857842,0.025599617201316427,0.04122924355866697,0.0250973683049794,0.05466304593212712,0.04934280303400751,segment
Medical and healthcare services,2010,2710,1389,PCU622110622110,partial,173.7,7.904703913873747,7.236339342754344,5.157329673247059,0.09800754135256806,0.089567163301707,0.028615091085201882,0.021077396628419898,0.03067909778476796,0.025599617201316427,0.03038993556405334,0.021739986636406528,0.0339449817857842,0.022805666822047616,0.013109569149595046,0.0023649991314984575,segment
Medical and healthcare services,2011,2891,1472,PCU622110622110,partial,177.4,7.969357742016346,7.294377299288821,5.178407069875479,0.06465382814259879,0.058037956534477075,0.021077396628419898,0.025599617201316427,0.028615091085201882,0.021739986636406528,0.03067909778476796,0.011227062593783366,0.03038993556405334,0.01952222214383544,0.09800754135256806,0.089567163301707,segment
Medical and healthcare services,2012,3222,1551,PCU622110622110,partial,182.0,8.07775756373692,7.346655163176539,5.204006687076795,0.10839982172057461,0.052277863887717935,0.025599617201316427,0.021739986636406528,0.021077396628419898,0.011227062593783366,0.028615091085201882,0.006887444444992674,0.03067909778476796,0.013284831225060856,0.06465382814259879,0.058037956534477075,segment
Medical and healthcare services,2013,3094,1558,PCU622110622110,partial,186.0,8.037220031133012,7.351158226430694,5.225746673713202,-0.04053753260390813,0.004503063254154505,0.021739986636406528,0.011227062593783366,0.025599617201316427,0.006887444444992674,0.021077396628419898,0.01259198169736031,0.028615091085201882,0.010235496245378783,0.10839982172057461,0.052277863887717935,segment
Medical and healthcare services,2014,3193,1550,PCU622110622110,partial,188.1,8.068716192714781,7.346010209913293,5.236973736306985,0.031496161581769044,-0.005148016517400933,0.011227062593783366,0.006887444444992674,0.021739986636406528,0.01259198169736031,0.025599617201316427,0.01808367543329492,0.021077396628419898,0.012521033858549302,-0.04053753260390813,0.004503063254154505,segment
Medical and healthcare services,2015,3443,1720,PCU622110622110,partial,189.4,8.144098463338524,7.450079569807499,5.243861180751978,0.07538227062374325,0.10406935989420596,0.006887444444992674,0.01259198169736031,0.011227062593783366,0.01808367543329492,0.021739986636406528,0.02478002899848697,0.025599617201316427,0.018485228709714065,0.031496161581769044,-0.005148016517400933,segment
Medical and healthcare services,2016,3375,1648,PCU622110622110,partial,191.8,8.12415060330663,7.4073177104694174,5.256453162449338,-0.01994786003189475,-0.04276185933808119,0.01259198169736031,0.01808367543329492,0.006887444444992674,0.02478002899848697,0.011227062593783366,,0.021739986636406528,,0.07538227062374325,0.10406935989420596,segment
Medical and healthcare services,2017,2743,1430,PCU622110622110,partial,195.3,7.916807490937603,7.265429723253953,5.274536837882633,-0.2073431123690268,-0.14188798721546458,0.01808367543329492,0.02478002899848697,0.01259198169736031,,0.006887444444992674,,0.011227062593783366,,-0.01994786003189475,-0.04276185933808119,segment
Medical and healthcare services,2018,551,291,PCU622110622110,partial,200.2,6.311734809152915,5.673323267171493,5.29931686688112,-1.605072681784688,-1.59210645608246,0.02478002899848697,,0.01808367543329492,,0.01259198169736031,,0.006887444444992674,,-0.2073431123690268,-0.14188798721546458,segment
Metal and building hardware,1995,4,4,WPU1041,good,133.8,1.3862943611198906,1.3862943611198906,4.896346147694128,,,,0.017778246021283195,,0.011678964864146657,,0.008670574551133292,,0.012709261812187714,,,segment
Metal and building hardware,1996,17,17,WPU1041,good,136.2,2.833213344056216,2.833213344056216,4.9141243937154115,1.4469189829363256,1.4469189829363256,0.017778246021283195,0.011678964864146657,,0.008670574551133292,,0.011445046245873058,,0.010598195220384335,,,segment
Metal and building hardware,1997,80,71,WPU1041,good,137.8,4.382026634673881,4.2626798770413155,4.925803358579558,1.548813290617665,1.4294665329850993,0.011678964864146657,0.008670574551133292,0.017778246021283195,0.011445046245873058,,0.019021355457561562,,0.013045658751522637,1.4469189829363256,1.4469189829363256,segment
Metal and building hardware,1998,243,212,WPU1041,good,139.0,5.493061443340548,5.356586274672012,4.9344739331306915,1.111034808666667,1.0939063976306969,0.008670574551133292,0.011445046245873058,0.011678964864146657,0.019021355457561562,0.017778246021283195,0.017981120694614106,,0.01614917413268291,1.548813290617665,1.4294665329850993,segment
Metal and building hardware,1999,540,438,WPU1041,good,140.6,6.29156913955832,6.082218910376446,4.9459189793765646,0.7985076962177722,0.725632635704434,0.011445046245873058,0.019021355457561562,0.008670574551133292,0.017981120694614106,0.011678964864146657,0.008191172078651832,0.017778246021283195,0.015064549410275832,1.111034808666667,1.0939063976306969,segment
Metal and building hardware,2000,1396,952,WPU1041,good,143.3,7.241366283322318,6.858565034791365,4.964940334834126,0.9497971437639974,0.7763461244149186,0.019021355457561562,0.017981120694614106,0.011445046245873058,0.008191172078651832,0.008670574551133292,0.005423742109361918,0.011678964864146657,0.010532011627542618,0.7985076962177722,0.725632635704434,segment
Metal and building hardware,2001,1701,1060,WPU1041,good,145.9,7.438971592395862,6.966024187106113,4.98292145552874,0.1976053090735439,0.1074591523147479,0.017981120694614106,0.008191172078651832,0.019021355457561562,0.005423742109361918,0.011445046245873058,0.03651251921640153,0.008670574551133292,0.016709144468138426,0.9497971437639974,0.7763461244149186,segment
Metal and building hardware,2002,2057,1132,WPU1041,good,147.1,7.6290038896529575,7.0317412587631285,4.991112627607392,0.1900322972570958,0.06571707165701568,0.008191172078651832,0.005423742109361918,0.017981120694614106,0.03651251921640153,0.019021355457561562,0.036484046410585336,0.011445046245873058,0.026140102578782926,0.1976053090735439,0.1074591523147479,segment
Metal and building hardware,2003,2011,1081,WPU1041,good,147.9,7.606387389772652,6.985641817639208,4.996536369716754,-0.02261649988030534,-0.04609944112392039,0.005423742109361918,0.03651251921640153,0.008191172078651832,0.036484046410585336,0.017981120694614106,0.03337763486168566,0.019021355457561562,0.0354580668295575,0.1900322972570958,0.06571707165701568,segment
Metal and building hardware,2004,2181,1154,WPU1041,good,153.4,7.687538766201629,7.050989447068045,5.0330488889331555,0.08115137642897707,0.0653476294288371,0.03651251921640153,0.036484046410585336,0.005423742109361918,0.03337763486168566,0.008191172078651832,0.039337610692721015,0.017981120694614106,0.03639976398833067,-0.02261649988030534,-0.04609944112392039,segment
Metal and building hardware,2005,2362,1221,WPU1041,good,159.1,7.767263996757308,7.107425474110705,5.069532935343741,0.07972523055567837,0.056436027042659376,0.036484046410585336,0.03337763486168566,0.03651251921640153,0.039337610692721015,0.005423742109361918,0.06175850617864764,0.008191172078651832,0.0448245839110181,0.08115137642897707,0.0653476294288371,segment
Metal and building hardware,2006,2470,1253,WPU1041,good,164.5,7.8119734296220225,7.133295954896068,5.1029105702054265,0.04470943286471485,0.025870480785363803,0.03337763486168566,0.039337610692721015,0.036484046410585336,0.06175850617864764,0.03651251921640153,0.010385444533480559,0.005423742109361918,0.03716052046828307,0.07972523055567837,0.056436027042659376,segment
Metal and building hardware,2007,2648,1270,WPU1041,good,171.1,7.881559917056899,7.146772179452637,5.1422481808981475,0.06958648743487661,0.013476224556568717,0.039337610692721015,0.06175850617864764,0.03337763486168566,0.010385444533480559,0.036484046410585336,0.005423006782803164,0.03651251921640153,0.025855652498310455,0.04470943286471485,0.025870480785363803,segment
Metal and building hardware,2008,2493,1149,WPU1041,good,182.0,7.821242083523558,7.046647277848756,5.204006687076795,-0.060317833533341414,-0.10012490160388143,0.06175850617864764,0.010385444533480559,0.039337610692721015,0.005423006782803164,0.03337763486168566,0.039241514201655114,0.036484046410585336,0.01834998850597961,0.06958648743487661,0.013476224556568717,segment
Metal and building hardware,2009,2300,1137,WPU1041,good,183.9,7.7406644019172415,7.036148493750536,5.214392131610276,-0.08057768160631618,-0.01049878409821936,0.010385444533480559,0.005423006782803164,0.06175850617864764,0.039241514201655114,0.039337610692721015,0.01394290596901282,0.03337763486168566,0.019535808984490366,-0.060317833533341414,-0.10012490160388143,segment
Metal and building hardware,2010,2330,1130,WPU1041,good,184.9,7.753623546559746,7.029972911706386,5.219815138393079,0.012959144642504583,-0.006175582044150474,0.005423006782803164,0.039241514201655114,0.010385444533480559,0.01394290596901282,0.06175850617864764,0.0005126890653190941,0.039337610692721015,0.017899036411995674,-0.08057768160631618,-0.01049878409821936,segment
Metal and building hardware,2011,2431,1111,WPU1041,good,192.3,7.796057974316123,7.01301578963963,5.259056652594734,0.04243442775637707,-0.01695712206675548,0.039241514201655114,0.01394290596901282,0.005423006782803164,0.0005126890653190941,0.010385444533480559,0.018787046593407908,0.06175850617864764,0.01108088054257994,0.012959144642504583,-0.006175582044150474,segment
Metal and building hardware,2012,2268,1022,WPU1041,good,195.0,7.7266536648476425,6.92951677076365,5.272999558563747,-0.06940430946848064,-0.08349901887598055,0.01394290596901282,0.0005126890653190941,0.039241514201655114,0.018787046593407908,0.005423006782803164,0.015968403178731272,0.010385444533480559,0.011756046279152757,0.04243442775637707,-0.01695712206675548,segment
Metal and building hardware,2013,2384,1066,WPU1041,good,195.1,7.776535028185241,6.97166860472579,5.273512247629066,0.049881363337598295,0.04215183396213984,0.0005126890653190941,0.018787046593407908,0.01394290596901282,0.015968403178731272,0.039241514201655114,0.00296589441337769,0.005423006782803164,0.01257378139517229,-0.06940430946848064,-0.08349901887598055,segment
Metal and building hardware,2014,2450,1079,WPU1041,good,198.8,7.803843303538772,6.983789965258135,5.292299294222474,0.02730827535353164,0.012121360532344916,0.018787046593407908,0.015968403178731272,0.0005126890653190941,0.00296589441337769,0.01394290596901282,0.017612979768276915,0.039241514201655114,0.012182425786795292,0.049881363337598295,0.04215183396213984,segment
Metal and building hardware,2015,2444,1116,WPU1041,good,202.0,7.8013913202914855,7.017506142941256,5.308267697401205,-0.002451983247286904,0.03371617768312163,0.015968403178731272,0.00296589441337769,0.018787046593407908,0.017612979768276915,0.0005126890653190941,0.020639081539576054,0.01394290596901282,0.013739318573743553,0.02730827535353164,0.012121360532344916,segment
Metal and building hardware,2016,2649,1292,WPU1041,good,202.6,7.88193748927207,7.163946684342547,5.311233591814583,0.0805461689805842,0.14644054140129104,0.00296589441337769,0.017612979768276915,0.015968403178731272,0.020639081539576054,0.018787046593407908,,0.0005126890653190941,,-0.002451983247286904,0.03371617768312163,segment
Metal and building hardware,2017,2324,1236,WPU1041,good,206.2,7.751045117971802,7.119635638017636,5.32884657158286,-0.1308923713002681,-0.04431104632491145,0.017612979768276915,0.020639081539576054,0.00296589441337769,,0.015968403178731272,,0.018787046593407908,,0.0805461689805842,0.14644054140129104,segment
Metal and building hardware,2018,448,284,WPU1041,good,210.5,6.104793232414985,5.648974238161206,5.349485653122436,-1.6462518855568167,-1.4706613998564295,0.020639081539576054,,0.017612979768276915,,0.00296589441337769,,0.015968403178731272,,-0.1308923713002681,-0.04431104632491145,segment
Musical and surgical instruments,1995,6,6,PCU339992339992,partial,147.5,1.791759469228055,1.791759469228055,4.993828175779875,,,,0.03595593715514145,,0.027098432326559063,,0.02514274492135371,,0.029399038134351407,,,segment
Musical and surgical instruments,1996,11,11,PCU339992339992,partial,152.9,2.3978952727983707,2.3978952727983707,5.029784112935016,0.6061358035703157,0.6061358035703157,0.03595593715514145,0.027098432326559063,,0.02514274492135371,,0.015399133985718017,,0.02254677041121026,,,segment
Musical and surgical instruments,1997,50,47,PCU339992339992,partial,157.1,3.912023005428146,3.8501476017100584,5.056882545261575,1.5141277326297753,1.4522523289116878,0.027098432326559063,0.02514274492135371,0.03595593715514145,0.015399133985718017,,0.01817130556409552,,0.01957106149038908,0.6061358035703157,0.6061358035703157,segment
Musical and surgical instruments,1998,171,127,PCU339992339992,partial,161.1,5.14166355650266,4.844187086458591,5.082025290182929,1.2296405510745143,0.9940394847485328,0.02514274492135371,0.015399133985718017,0.027098432326559063,0.01817130556409552,0.03595593715514145,0.020790769669073228,,0.018120403072962254,1.5141277326297753,1.4522523289116878,segment
Musical and surgical instruments,1999,400,274,PCU339992339992,partial,163.6,5.991464547107982,5.6131281063880705,5.097424424168647,0.8498009906053214,0.7689410199294793,0.015399133985718017,0.01817130556409552,0.02514274492135371,0.020790769669073228,0.027098432326559063,0.01806049672651877,0.03595593715514145,0.019007523986562504,1.2296405510745143,0.9940394847485328,segment
Musical and surgical instruments,2000,846,496,PCU339992339992,partial,166.6,6.740519359606223,6.206575926724928,5.115595729732743,0.7490548124982412,0.5934478203368574,0.01817130556409552,0.020790769669073228,0.015399133985718017,0.01806049672651877,0.02514274492135371,0.013192046777586341,0.027098432326559063,0.017347771057726113,0.8498009906053214,0.7689410199294793,segment
Musical and surgical instruments,2001,1075,528,PCU339992339992,partial,170.1,6.980075940561763,6.269096283706261,5.136386499401816,0.23955658095554,0.06252035698133351,0.020790769669073228,0.01806049672651877,0.01817130556409552,0.013192046777586341,0.015399133985718017,0.010768026969557809,0.02514274492135371,0.014006856824554307,0.7490548124982412,0.5934478203368574,segment
Musical and surgical instruments,2002,1118,541,PCU339992339992,partial,173.2,7.0192966537150445,6.293419278846481,5.154446996128335,0.03922071315328157,0.02432299514021974,0.01806049672651877,0.013192046777586341,0.020790769669073228,0.010768026969557809,0.01817130556409552,0.02998558914457128,0.015399133985718017,0.01798188763057181,0.23955658095554,0.06252035698133351,segment
Musical and surgical instruments,2003,1252,584,PCU339992339992,partial,175.5,7.132497551660044,6.369900982828227,5.167639042905921,0.11320089794499921,0.07648170398174603,0.013192046777586341,0.010768026969557809,0.01806049672651877,0.02998558914457128,0.020790769669073228,0.03705121792091859,0.01817130556409552,0.025934944678349225,0.03922071315328157,0.02432299514021974,segment
Musical and surgical instruments,2004,1436,635,PCU339992339992,partial,177.4,7.269616749608169,6.453624998892692,5.178407069875479,0.13711919794812566,0.08372401606446456,0.010768026969557809,0.02998558914457128,0.013192046777586341,0.03705121792091859,0.01806049672651877,0.0015801952195175772,0.020790769669073228,0.02287233409500248,0.11320089794499921,0.07648170398174603,segment
Musical and surgical instruments,2005,1525,649,PCU339992339992,partial,182.8,7.329749689041512,6.47543271670409,5.20839265902005,0.06013293943334297,0.021807717811398675,0.02998558914457128,0.03705121792091859,0.010768026969557809,0.0015801952195175772,0.013192046777586341,0.015147847751197041,0.01806049672651877,0.017926420297211067,0.13711919794812566,0.08372401606446456,segment
Musical and surgical instruments,2006,1648,684,PCU339992339992,partial,189.7,7.4073177104694174,6.52795791762255,5.245443876940969,0.07756802142790509,0.0525252009184598,0.03705121792091859,0.0015801952195175772,0.02998558914457128,0.015147847751197041,0.010768026969557809,0.016452813290617208,0.013192046777586341,0.011060285420443941,0.06013293943334297,0.021807717811398675,segment
Musical and surgical instruments,2007,1491,591,PCU339992339992,partial,190.0,7.307202314764738,6.3818160174060985,5.247024072160486,-0.10011539570467942,-0.14614190021645168,0.0015801952195175772,0.015147847751197041,0.03705121792091859,0.016452813290617208,0.02998558914457128,0.010651888693587352,0.010768026969557809,0.014084183245133866,0.07756802142790509,0.0525252009184598,segment
Musical and surgical instruments,2008,1681,722,PCU339992339992,partial,192.9,7.427144133408616,6.582025138892826,5.262171919911683,0.11994181864387787,0.20020912148672743,0.015147847751197041,0.016452813290617208,0.0015801952195175772,0.010651888693587352,0.03705121792091859,0.019980684690483308,0.02998558914457128,0.01569512889156262,-0.10011539570467942,-0.14614190021645168,segment
Musical and surgical instruments,2009,1572,634,PCU339992339992,partial,196.1,7.360103972989152,6.452048954437226,5.2786247332023,-0.06704016041946392,-0.12997618445560022,0.016452813290617208,0.010651888693587352,0.015147847751197041,0.019980684690483308,0.0015801952195175772,0.023461486678997723,0.03705121792091859,0.018031353354356128,0.11994181864387787,0.20020912148672743,segment
Musical and surgical instruments,2010,1748,711,PCU339992339992,partial,198.2,7.466227556215481,6.566672429803241,5.289276621895888,0.10612358322632875,0.11462347536601492,0.010651888693587352,0.019980684690483308,0.016452813290617208,0.023461486678997723,0.015147847751197041,0.023395672008884816,0.0015801952195175772,0.022279281126121948,-0.06704016041946392,-0.12997618445560022,segment
Musical and surgical instruments,2011,1703,737,PCU339992339992,partial,202.2,7.440146680662688,6.602587892189336,5.309257306586371,-0.02608087555279237,0.035915462386095776,0.019980684690483308,0.023461486678997723,0.010651888693587352,0.023395672008884816,0.016452813290617208,0.0343261901495886,0.015147847751197041,0.027061116279157044,0.10612358322632875,0.11462347536601492,segment
Musical and surgical instruments,2012,1855,767,PCU339992339992,partial,207.0,7.5256399750415355,6.642486801367256,5.332718793265369,0.08549329437884712,0.039898909177919606,0.023461486678997723,0.023395672008884816,0.019980684690483308,0.0343261901495886,0.010651888693587352,0.029208996291719913,0.016452813290617208,0.028976952816731107,-0.02608087555279237,0.035915462386095776,segment
Musical and surgical instruments,2013,1780,730,PCU339992339992,partial,211.9,7.484368643286131,6.593044534142437,5.356114465274254,-0.04127133175540454,-0.04944226722481915,0.023395672008884816,0.0343261901495886,0.023461486678997723,0.029208996291719913,0.019980684690483308,0.005300365765840809,0.010651888693587352,0.022945184069049773,0.08549329437884712,0.039898909177919606,segment
Musical and surgical instruments,2014,1749,744,PCU339992339992,partial,219.3,7.466799475018602,6.612041034833092,5.390440655423842,-0.017569168267528745,0.018996500690654727,0.0343261901495886,0.029208996291719913,0.023395672008884816,0.005300365765840809,0.023461486678997723,0.01573459035355551,0.019980684690483308,0.016747984137038742,-0.04127133175540454,-0.04944226722481915,segment
Musical and surgical instruments,2015,1805,793,PCU339992339992,partial,225.8,7.498315870766981,6.675823221634848,5.419649651715562,0.031516395748378834,0.06378218680175607,0.029208996291719913,0.005300365765840809,0.0343261901495886,0.01573459035355551,0.023395672008884816,0.03452292550982605,0.023461486678997723,0.018519293876407456,-0.017569168267528745,0.018996500690654727,segment
Musical and surgical instruments,2016,1722,746,PCU339992339992,partial,227.0,7.451241684987676,6.61472560020376,5.424950017481403,-0.04707418577930511,-0.06109762143108721,0.005300365765840809,0.01573459035355551,0.029208996291719913,0.03452292550982605,0.0343261901495886,,0.023395672008884816,,0.031516395748378834,0.06378218680175607,segment
Musical and surgical instruments,2017,1515,759,PCU339992339992,partial,230.6,7.323170717943469,6.63200177739563,5.440684607834958,-0.12807096704420662,0.017276177191869913,0.01573459035355551,0.03452292550982605,0.005300365765840809,,0.029208996291719913,,0.0343261901495886,,-0.04707418577930511,-0.06109762143108721,segment
Musical and surgical instruments,2018,316,181,PCU339992339992,partial,238.7,5.755742213586912,5.198497031265826,5.4752075333447845,-1.567428504356557,-1.4335047461298043,0.03452292550982605,,0.01573459035355551,,0.005300365765840809,,0.029208996291719913,,-0.12807096704420662,0.017276177191869913,segment
Nutritional supplements,1995,10,10,PCU325411325411,partial,129.2,2.302585092994046,2.302585092994046,4.861361591348501,,,,0.00463321292148855,,0.03333642026759165,,0.015527114164905598,,0.017832249117995264,,,segment
Nutritional supplements,1996,37,37,PCU325411325411,partial,129.8,3.6109179126442243,3.6109179126442243,4.86599480426999,1.3083328196501784,1.3083328196501784,0.00463321292148855,0.03333642026759165,,0.015527114164905598,,0.0493839158240581,,0.032749150085518444,,,segment
Nutritional supplements,1997,91,78,PCU325411325411,partial,134.2,4.51085950651685,4.356708826689592,4.8993312245375815,0.8999415938726254,0.7457909140453673,0.03333642026759165,0.015527114164905598,0.00463321292148855,0.0493839158240581,,0.03161775398755662,,0.03217626132550677,1.3083328196501784,1.3083328196501784,segment
Nutritional supplements,1998,269,209,PCU325411325411,partial,136.3,5.594711379601839,5.342334251964811,4.914858338702487,1.0838518730849893,0.9856254252752192,0.015527114164905598,0.0493839158240581,0.03333642026759165,0.03161775398755662,0.00463321292148855,-0.030919673679975723,,0.01669399871054633,0.8999415938726254,0.7457909140453673,segment
Nutritional supplements,1999,637,411,PCU325411325411,partial,143.2,6.456769655572163,6.018593214496234,4.964242254526545,0.8620582759703241,0.6762589625314233,0.0493839158240581,0.03161775398755662,0.015527114164905598,-0.030919673679975723,0.03333642026759165,-0.05302101367702772,0.00463321292148855,-0.017440977789815605,1.0838518730849893,0.9856254252752192,segment
Nutritional supplements,2000,1338,711,PCU325411325411,partial,147.8,7.198931240688173,6.566672429803241,4.995860008514102,0.7421615851160102,0.5480792153070064,0.03161775398755662,-0.030919673679975723,0.0493839158240581,-0.05302101367702772,0.015527114164905598,0.01895100447029474,0.03333642026759165,-0.0216632276289029,0.8620582759703241,0.6762589625314233,segment
Nutritional supplements,2001,1813,843,PCU325411325411,partial,143.3,7.502738210754851,6.736966958001855,4.964940334834126,0.30380697006667745,0.1702945281986148,-0.030919673679975723,-0.05302101367702772,0.03161775398755662,0.01895100447029474,0.0493839158240581,-0.015278580218031301,0.015527114164905598,-0.01644952980825476,0.7421615851160102,0.5480792153070064,segment
Nutritional supplements,2002,2101,844,PCU325411325411,partial,135.9,7.650168700845001,6.738152494595957,4.911919321157098,0.14743049009014975,0.0011855365941020324,-0.05302101367702772,0.01895100447029474,-0.030919673679975723,-0.015278580218031301,0.03161775398755662,-0.013284328198734485,0.0493839158240581,-0.003203967982157015,0.30380697006667745,0.1702945281986148,segment
Nutritional supplements,2003,2311,895,PCU325411325411,partial,138.5,7.745435610274381,6.796823718274855,4.930870325627393,0.09526690942938032,0.05867122367889799,0.01895100447029474,-0.015278580218031301,-0.05302101367702772,-0.013284328198734485,-0.030919673679975723,0.0029673612278022787,0.03161775398755662,-0.008531849062987835,0.14743049009014975,0.0011855365941020324,segment
Nutritional supplements,2004,2349,944,PCU325411325411,partial,136.4,7.761744984658913,6.8501261661455,4.915591745409362,0.01630937438453195,0.053302447870644976,-0.015278580218031301,-0.013284328198734485,0.01895100447029474,0.0029673612278022787,-0.05302101367702772,0.030636969461889763,-0.030919673679975723,0.006773334163652518,0.09526690942938032,0.05867122367889799,segment
Nutritional supplements,2005,2487,948,PCU325411325411,partial,134.6,7.818832443803404,6.854354502255021,4.902307417210627,0.057087459144491426,0.004228336109521003,-0.013284328198734485,0.0029673612278022787,-0.015278580218031301,0.030636969461889763,0.01895100447029474,0.10557600967870062,-0.05302101367702772,0.04639344678946422,0.01630937438453195,0.053302447870644976,segment
Nutritional supplements,2006,2771,1021,PCU325411325411,partial,135.0,7.9269635448629785,6.928537818164665,4.90527477843843,0.10813110105957424,0.07418331590964389,0.0029673612278022787,0.030636969461889763,-0.013284328198734485,0.10557600967870062,-0.015278580218031301,0.09666085681619574,0.01895100447029474,0.07762461198559537,0.057087459144491426,0.004228336109521003,segment
Nutritional supplements,2007,2748,1062,PCU325411325411,partial,139.2,7.91862865334224,6.967909201801884,4.935911747900319,-0.00833489152073863,0.039371383637218926,0.030636969461889763,0.10557600967870062,0.0029673612278022787,0.09666085681619574,-0.013284328198734485,0.04363493589686929,-0.015278580218031301,0.08195726746392187,0.10813110105957424,0.07418331590964389,segment
Nutritional supplements,2008,2806,1072,PCU325411325411,partial,154.7,7.939515260662406,6.977281341630747,5.04148775757902,0.02088660732016656,0.00937213982886309,0.10557600967870062,0.09666085681619574,0.030636969461889763,0.04363493589686929,0.0029673612278022787,-0.0005619556202951514,-0.013284328198734485,0.046577945697589954,-0.00833489152073863,0.039371383637218926,segment
Nutritional supplements,2009,3125,1141,PCU325411325411,partial,170.4,8.047189562170502,7.039660349862076,5.138148614395216,0.1076743015080952,0.06237900823132847,0.09666085681619574,0.04363493589686929,0.10557600967870062,-0.0005619556202951514,0.030636969461889763,0.00783878593929721,0.0029673612278022787,0.016970588738623782,0.02088660732016656,0.00937213982886309,segment
Nutritional supplements,2010,3263,1219,PCU325411325411,partial,178.0,8.09040229659332,7.105786129481271,5.181783550292085,0.043212734422818144,0.06612577961919541,0.04363493589686929,-0.0005619556202951514,0.09666085681619574,0.00783878593929721,0.10557600967870062,-0.02770886913620796,0.030636969461889763,-0.0068106796057353,0.1076743015080952,0.06237900823132847,segment
Nutritional supplements,2011,3484,1349,PCU325411325411,partial,177.9,8.155936337972394,7.207118856207756,5.18122159467179,0.06553404137907393,0.10133272672648452,-0.0005619556202951514,0.00783878593929721,0.04363493589686929,-0.02770886913620796,0.09666085681619574,0.0142330896908609,0.10557600967870062,-0.0018789978353499492,0.043212734422818144,0.06612577961919541,segment
Nutritional supplements,2012,3655,1432,PCU325411325411,partial,179.3,8.203851372183879,7.266827347520591,5.189060380611087,0.04791503421148491,0.0597084913128354,0.00783878593929721,-0.02770886913620796,-0.0005619556202951514,0.0142330896908609,0.04363493589686929,0.003386007749730524,0.09666085681619574,-0.003363257231872178,0.06553404137907393,0.10133272672648452,segment
Nutritional supplements,2013,3862,1424,PCU325411325411,partial,174.4,8.258940462988459,7.261225091971921,5.161351511474879,0.055089090804580465,-0.005602255548669888,-0.02770886913620796,0.0142330896908609,0.00783878593929721,0.003386007749730524,-0.0005619556202951514,-0.015328145694035733,0.04363493589686929,0.0007636505821852305,0.04791503421148491,0.0597084913128354,segment
Nutritional supplements,2014,3912,1568,PCU325411325411,partial,176.9,8.271804031154709,7.357556200910353,5.17558460116574,0.01286356816624945,0.09633110893843178,0.0142330896908609,0.003386007749730524,-0.02770886913620796,-0.015328145694035733,0.00783878593929721,-0.005737250390143167,-0.0005619556202951514,-0.005893129444816125,0.055089090804580465,-0.005602255548669888,segment
Nutritional supplements,2015,4048,1552,PCU325411325411,partial,177.5,8.305978210967302,7.347299700743164,5.178970608915471,0.03417417981259341,-0.010256500167188598,0.003386007749730524,-0.015328145694035733,0.0142330896908609,-0.005737250390143167,-0.02770886913620796,0.032826943036807776,0.00783878593929721,0.0039205156508762915,0.01286356816624945,0.09633110893843178,segment
Nutritional supplements,2016,4098,1691,PCU325411325411,partial,174.8,8.318254328798846,7.43307534889858,5.163642463221435,0.012276117831543587,0.0857756481554155,-0.015328145694035733,-0.005737250390143167,0.003386007749730524,0.032826943036807776,0.0142330896908609,,-0.02770886913620796,,0.03417417981259341,-0.010256500167188598,segment
Nutritional supplements,2017,3972,1711,PCU325411325411,partial,173.8,8.287025025165063,7.444833273892193,5.157905212831292,-0.031229303633782735,0.0117579249936135,-0.005737250390143167,0.032826943036807776,-0.015328145694035733,,0.003386007749730524,,0.0142330896908609,,0.012276117831543587,0.0857756481554155,segment
Nutritional supplements,2018,873,422,PCU325411325411,partial,179.6,6.771935555839602,6.045005314036012,5.190732155868099,-1.5150894693254608,-1.3998279598561814,0.032826943036807776,,-0.005737250390143167,,-0.015328145694035733,,0.003386007749730524,,-0.031229303633782735,0.0117579249936135,segment
"Paper, books and stationery",1995,32,26,WPU0915,partial,157.0,3.4657359027997265,3.258096538021482,5.056245805348308,,,,-0.023196916415152202,,-0.03313755819987563,,0.025284114694305693,,-0.010350119973574046,,,segment
"Paper, books and stationery",1996,48,44,WPU0915,partial,153.4,3.871201010907891,3.784189633918261,5.0330488889331555,0.4054651081081646,0.5260930958967789,-0.023196916415152202,-0.03313755819987563,,0.025284114694305693,,0.008505121599665877,,0.00021722603136531404,,,segment
"Paper, books and stationery",1997,178,147,WPU0915,partial,148.4,5.181783550292085,4.990432586778736,4.99991133073328,1.310582539384194,1.206242952860475,-0.03313755819987563,0.025284114694305693,-0.023196916415152202,0.008505121599665877,,0.058207447197740514,,0.030665561163904027,0.4054651081081646,0.5260930958967789,segment
"Paper, books and stationery",1998,461,375,WPU0915,partial,152.2,6.133398042996649,5.926926025970411,5.025195445427586,0.9516144927045636,0.9364934391916746,0.025284114694305693,0.008505121599665877,-0.03313755819987563,0.058207447197740514,-0.023196916415152202,0.011002555980434536,,0.025905041592613642,1.310582539384194,1.206242952860475,segment
"Paper, books and stationery",1999,1190,891,WPU0915,partial,153.5,7.081708586105575,6.792344427470809,5.033700567027251,0.948310543108926,0.8654184015003983,0.008505121599665877,0.058207447197740514,0.025284114694305693,0.011002555980434536,-0.03313755819987563,-0.004264398786457235,-0.023196916415152202,0.02164853479723927,0.9516144927045636,0.9364934391916746,segment
"Paper, books and stationery",2000,2756,1863,WPU0915,partial,162.7,7.9215356321335495,7.529943370601589,5.091908014224992,0.8398270460279749,0.7375989431307799,0.058207447197740514,0.011002555980434536,0.008505121599665877,-0.004264398786457235,0.025284114694305693,0.0091158334080097,-0.03313755819987563,0.0052846635339956665,0.948310543108926,0.8654184015003983,segment
"Paper, books and stationery",2001,3853,2331,WPU0915,partial,164.5,8.256607344626158,7.754052639035757,5.1029105702054265,0.33507171249260814,0.22410926843416856,0.011002555980434536,-0.004264398786457235,0.058207447197740514,0.0091158334080097,0.008505121599665877,0.0179860963697811,0.025284114694305693,0.007612510330444522,0.8398270460279749,0.7375989431307799,segment
"Paper, books and stationery",2002,4194,2423,WPU0915,partial,163.8,8.341410211461865,7.792761720816526,5.098646171418969,0.08480286683570704,0.038709081780768706,-0.004264398786457235,0.0091158334080097,0.011002555980434536,0.0179860963697811,0.058207447197740514,0.04530391430539993,0.008505121599665877,0.024135281361063576,0.33507171249260814,0.22410926843416856,segment
"Paper, books and stationery",2003,4192,2399,WPU0915,partial,165.3,8.340933226000878,7.782807262839695,5.107762004826979,-0.00047698546098651207,-0.009954457976831144,0.0091158334080097,0.0179860963697811,-0.004264398786457235,0.04530391430539993,0.011002555980434536,0.0444270727368723,0.058207447197740514,0.03590569447068444,0.08480286683570704,0.038709081780768706,segment
"Paper, books and stationery",2004,4372,2443,WPU0915,partial,168.3,8.382975849296429,7.8009820712577405,5.12574810119676,0.04204262329555064,0.01817480841804553,0.0179860963697811,0.04530391430539993,0.0091158334080097,0.0444270727368723,-0.004264398786457235,0.01989847853513016,0.011002555980434536,0.03654315519246746,-0.00047698546098651207,-0.009954457976831144,segment
"Paper, books and stationery",2005,4690,2558,WPU0915,partial,176.1,8.453187861440325,7.846980982138788,5.17105201550216,0.07021201214389627,0.045998910881047905,0.04530391430539993,0.0444270727368723,0.0179860963697811,0.01989847853513016,0.0091158334080097,0.05893177837633523,-0.004264398786457235,0.041085776549445896,0.04204262329555064,0.01817480841804553,segment
"Paper, books and stationery",2006,4628,2624,WPU0915,partial,184.1,8.439880088313567,7.8724551500639794,5.215479088239032,-0.013307773126758349,0.025474167925191082,0.0444270727368723,0.01989847853513016,0.04530391430539993,0.05893177837633523,0.0179860963697811,0.01840390168127115,0.0091158334080097,0.03241138619757884,0.07021201214389627,0.045998910881047905,segment
"Paper, books and stationery",2007,5169,2878,WPU0915,partial,187.8,8.550434525196039,7.964850887447313,5.235377566774162,0.11055443688247202,0.09239573738333373,0.01989847853513016,0.05893177837633523,0.0444270727368723,0.01840390168127115,0.04530391430539993,0.02962100513304211,0.0179860963697811,0.035652228396882826,-0.013307773126758349,0.025474167925191082,segment
"Paper, books and stationery",2008,4798,2713,WPU0915,partial,199.2,8.47595444339964,7.905810312658931,5.294309345150498,-0.07448008179639842,-0.05904057478838176,0.05893177837633523,0.01840390168127115,0.01989847853513016,0.02962100513304211,0.0444270727368723,0.03571808260207909,0.04530391430539993,0.027914329805464117,0.11055443688247202,0.09239573738333373,segment
"Paper, books and stationery",2009,4121,2412,WPU0915,partial,202.9,8.323851131338817,7.788211557847076,5.312713246831769,-0.15210331206082373,-0.11759875481185578,0.01840390168127115,0.02962100513304211,0.05893177837633523,0.03571808260207909,0.01989847853513016,0.00919124117554837,0.0444270727368723,0.02484344297022319,-0.07448008179639842,-0.05904057478838176,segment
"Paper, books and stationery",2010,4419,2530,WPU0915,partial,209.0,8.39366870513074,7.835974581721566,5.342334251964811,0.06981757379192288,0.04776302387449061,0.02962100513304211,0.03571808260207909,0.01840390168127115,0.00919124117554837,0.05893177837633523,0.02752260344884494,0.01989847853513016,0.024143975742157466,-0.15210331206082373,-0.11759875481185578,segment
"Paper, books and stationery",2011,4301,2430,WPU0915,partial,216.6,8.366602832783736,7.795646536334594,5.37805233456689,-0.02706587234700386,-0.0403280453869721,0.03571808260207909,0.00919124117554837,0.02962100513304211,0.02752260344884494,0.01840390168127115,0.01633229859057206,0.05893177837633523,0.01768204773832179,0.06981757379192288,0.04776302387449061,segment
"Paper, books and stationery",2012,4248,2430,WPU0915,partial,218.6,8.354203562921775,7.795646536334594,5.387243575742438,-0.012399269861960605,0.0,0.00919124117554837,0.02752260344884494,0.03571808260207909,0.01633229859057206,0.02962100513304211,-0.0008760403538801143,0.01840390168127115,0.014326287228512294,-0.02706587234700386,-0.0403280453869721,segment
"Paper, books and stationery",2013,3995,2281,WPU0915,partial,224.7,8.292798858200374,7.732369222284388,5.414766179191283,-0.061404704721400805,-0.06327731405020653,0.02752260344884494,0.01633229859057206,0.00919124117554837,-0.0008760403538801143,0.03571808260207909,0.0013137729062844272,0.02962100513304211,0.0055900103809921236,-0.012399269861960605,0.0,segment
"Paper, books and stationery",2014,4038,2309,WPU0915,partial,228.4,8.303504798872783,7.744569809354496,5.431098477781855,0.010705940672409042,0.012200587070108071,0.01633229859057206,-0.0008760403538801143,0.02752260344884494,0.0013137729062844272,0.00919124117554837,0.022929838703708683,0.03571808260207909,0.007789190418704331,-0.061404704721400805,-0.06327731405020653,segment
"Paper, books and stationery",2015,4089,2427,WPU0915,partial,228.2,8.316055720364643,7.794411205726601,5.430222437427975,0.012550921491859768,0.049841396372105606,-0.0008760403538801143,0.0013137729062844272,0.01633229859057206,0.022929838703708683,0.02752260344884494,0.015280433137599303,0.00919124117554837,0.013174681582530804,0.010705940672409042,0.012200587070108071,segment
"Paper, books and stationery",2016,4218,2572,WPU0915,partial,228.5,8.34711636103872,7.85243908535751,5.43153621033426,0.031060640674077433,0.05802787963090861,0.0013137729062844272,0.022929838703708683,-0.0008760403538801143,0.015280433137599303,0.01633229859057206,,0.02752260344884494,,0.012550921491859768,0.049841396372105606,segment
"Paper, books and stationery",2017,4129,2826,WPU0915,partial,233.8,8.32579052588609,7.946617563244473,5.454466049037968,-0.021325835152630646,0.09417847788696321,0.022929838703708683,0.015280433137599303,0.0013137729062844272,,-0.0008760403538801143,,0.01633229859057206,,0.031060640674077433,0.05802787963090861,segment
"Paper, books and stationery",2018,1109,818,WPU0915,partial,237.4,7.011213987350367,6.706862336602747,5.469746482175568,-1.3145765385357224,-1.2397552266417264,0.015280433137599303,,0.022929838703708683,,0.0013137729062844272,,-0.0008760403538801143,,-0.021325835152630646,0.09417847788696321,segment
Pets and animal feed,1995,1,1,PCU311111311111,good,124.6,0.0,0.0,4.825108606353353,,,,0.04779601427682323,,0.0106545908981035,,0.0015128595926308108,,0.019987821589185845,,,segment
Pets and animal feed,1996,8,7,PCU311111311111,good,130.7,2.0794415416798357,1.9459101490553132,4.872904620630176,2.0794415416798357,1.9459101490553132,0.04779601427682323,0.0106545908981035,,0.0015128595926308108,,-0.000756143703323886,,0.003803768929136808,,,segment
Pets and animal feed,1997,30,26,PCU311111311111,good,132.1,3.4011973816621555,3.258096538021482,4.883559211528279,1.3217558399823197,1.312186388966169,0.0106545908981035,0.0015128595926308108,0.04779601427682323,-0.000756143703323886,,-0.006831146108835284,,-0.00202481007317612,2.0794415416798357,1.9459101490553132,segment
Pets and animal feed,1998,64,58,PCU311111311111,good,132.3,4.1588830833596715,4.060443010546419,4.88507207112091,0.757685701697516,0.802346472524937,0.0015128595926308108,-0.000756143703323886,0.0106545908981035,-0.006831146108835284,0.04779601427682323,0.02556530210756769,,0.005992670765136173,1.3217558399823197,1.312186388966169,segment
Pets and animal feed,1999,191,147,PCU311111311111,good,132.2,5.25227342804663,4.990432586778736,4.884315927417586,1.0933903446869584,0.9299895762323169,-0.000756143703323886,-0.006831146108835284,0.0015128595926308108,0.02556530210756769,0.0106545908981035,0.007396483424504829,0.04779601427682323,0.008710213141079077,0.757685701697516,0.802346472524937,segment
Pets and animal feed,2000,577,354,PCU311111311111,good,131.3,6.3578422665081,5.869296913133774,4.877484781308751,1.10556883846147,0.8788643263550382,-0.006831146108835284,0.02556530210756769,-0.000756143703323886,0.007396483424504829,0.0015128595926308108,0.003677826874588064,0.0106545908981035,0.012213204135553527,1.0933903446869584,0.9299895762323169,segment
Pets and animal feed,2001,802,445,PCU311111311111,good,134.7,6.687108607866515,6.09807428216624,4.903050083416319,0.3292663413584149,0.22877736903246593,0.02556530210756769,0.007396483424504829,-0.006831146108835284,0.003677826874588064,-0.000756143703323886,0.055688905860589166,0.0015128595926308108,0.022254405386560684,1.10556883846147,0.8788643263550382,segment
Pets and animal feed,2002,1079,501,PCU311111311111,good,135.7,6.983789965258135,6.2166061010848646,4.9104465668408235,0.2966813573916198,0.11853181891862441,0.007396483424504829,0.003677826874588064,0.02556530210756769,0.055688905860589166,-0.006831146108835284,0.012422519998557036,-0.000756143703323886,0.023929750911244753,0.3292663413584149,0.22877736903246593,segment
Pets and animal feed,2003,1178,533,PCU311111311111,good,136.2,7.071573364211532,6.278521424165844,4.9141243937154115,0.08778339895339737,0.06191532308097969,0.003677826874588064,0.055688905860589166,0.007396483424504829,0.012422519998557036,0.02556530210756769,0.01362418893954409,-0.006831146108835284,0.027245204932896762,0.2966813573916198,0.11853181891862441,segment
Pets and animal feed,2004,1248,556,PCU311111311111,good,144.0,7.129297548929373,6.320768294250582,4.969813299576001,0.057724184717841354,0.04224687008473804,0.055688905860589166,0.012422519998557036,0.003677826874588064,0.01362418893954409,0.007396483424504829,0.04885459923501667,0.02556530210756769,0.024967102724372598,0.08778339895339737,0.06191532308097969,segment
Pets and animal feed,2005,1342,632,PCU311111311111,good,145.8,7.201916317531627,6.448889394146858,4.982235819574558,0.07261876860225414,0.1281210998962754,0.012422519998557036,0.01362418893954409,0.055688905860589166,0.04885459923501667,0.003677826874588064,0.12178418417807002,0.007396483424504829,0.06142099078421026,0.057724184717841354,0.04224687008473804,segment
Pets and animal feed,2006,1443,621,PCU311111311111,good,147.8,7.274479558773871,6.431331081933479,4.995860008514102,0.07256324124224367,-0.01755831221337889,0.01362418893954409,0.04885459923501667,0.012422519998557036,0.12178418417807002,0.055688905860589166,0.06032257291577814,0.003677826874588064,0.07698711877628828,0.07261876860225414,0.1281210998962754,segment
Pets and animal feed,2007,1553,686,PCU311111311111,good,155.2,7.347943823148687,6.530877627725885,5.0447146077491185,0.07346426437481579,0.09954654579240607,0.04885459923501667,0.12178418417807002,0.01362418893954409,0.06032257291577814,0.012422519998557036,0.0010735374085237837,0.055688905860589166,0.06106009816745731,0.07256324124224367,-0.01755831221337889,segment
Pets and animal feed,2008,1513,681,PCU311111311111,good,175.3,7.321849713788356,6.523562306149512,5.1664987919271885,-0.026094109360331075,-0.007315321576372824,0.12178418417807002,0.06032257291577814,0.04885459923501667,0.0010735374085237837,0.01362418893954409,0.03220125147634878,0.012422519998557036,0.0311991206002169,0.07346426437481579,0.09954654579240607,segment
Pets and animal feed,2009,1591,664,PCU311111311111,good,186.2,7.372118028337787,6.498282149476434,5.226821364842967,0.050268314549430926,-0.02528015667307848,0.06032257291577814,0.0010735374085237837,0.12178418417807002,0.03220125147634878,0.04885459923501667,0.030692946399406118,0.01362418893954409,0.021322578428092893,-0.026094109360331075,-0.007315321576372824,segment
Pets and animal feed,2010,1679,713,PCU311111311111,good,186.4,7.425953657077541,6.569481420414296,5.2278949022514904,0.053835628739753894,0.07119927093786238,0.0010735374085237837,0.03220125147634878,0.06032257291577814,0.030692946399406118,0.12178418417807002,0.04047936656047746,0.04885459923501667,0.03445785481207745,0.050268314549430926,-0.02528015667307848,segment
Pets and animal feed,2011,1653,737,PCU311111311111,good,192.5,7.410347097821024,6.602587892189336,5.260096153727839,-0.015606559256516661,0.03310647177504045,0.03220125147634878,0.030692946399406118,0.0010735374085237837,0.04047936656047746,0.06032257291577814,0.01631514116323185,0.12178418417807002,0.02916248470770514,0.053835628739753894,0.07119927093786238,segment
Pets and animal feed,2012,1732,759,PCU311111311111,good,198.5,7.4570320891223805,6.63200177739563,5.290789100127245,0.046684991301356504,0.029413885206293955,0.030692946399406118,0.04047936656047746,0.03220125147634878,0.01631514116323185,0.0010735374085237837,0.012299114355236895,0.06032257291577814,0.023031207359648732,-0.015606559256516661,0.03310647177504045,segment
Pets and animal feed,2013,1872,725,PCU311111311111,good,206.7,7.534762657037537,6.586171654854675,5.331268466687723,0.07773056791515653,-0.04583012254095564,0.04047936656047746,0.01631514116323185,0.030692946399406118,0.012299114355236895,0.03220125147634878,0.018631186336121708,0.0010735374085237837,0.015748480618196815,0.046684991301356504,0.029413885206293955,segment
Pets and animal feed,2014,1814,783,PCU311111311111,good,210.1,7.503289630675082,6.663132695990803,5.347583607850955,-0.031473026362455414,0.07696104113612812,0.01631514116323185,0.012299114355236895,0.04047936656047746,0.018631186336121708,0.030692946399406118,-0.0013853615699863653,0.03220125147634878,0.009848313040457413,0.07773056791515653,-0.04583012254095564,segment
Pets and animal feed,2015,1969,866,PCU311111311111,good,212.7,7.585281078639126,6.763884908562435,5.3598827222061916,0.081991447964044,0.10075221257163225,0.012299114355236895,0.018631186336121708,0.01631514116323185,-0.0013853615699863653,0.04047936656047746,0.019222559847075438,0.030692946399406118,0.012156128204403593,-0.031473026362455414,0.07696104113612812,segment
Pets and animal feed,2016,2076,1017,PCU311111311111,good,216.7,7.638198244285779,6.92461239604856,5.378513908542313,0.05291716564665361,0.16072748748612486,0.018631186336121708,-0.0013853615699863653,0.012299114355236895,0.019222559847075438,0.01631514116323185,,0.04047936656047746,,0.081991447964044,0.10075221257163225,segment
Pets and animal feed,2017,2209,1203,PCU311111311111,good,216.4,7.700295203420117,7.0925737159746784,5.377128546972327,0.06209695913433766,0.1679613199261185,-0.0013853615699863653,0.019222559847075438,0.018631186336121708,,0.012299114355236895,,0.01631514116323185,,0.05291716564665361,0.16072748748612486,segment
Pets and animal feed,2018,545,313,PCU311111311111,good,220.6,6.300785794663244,5.746203190540153,5.396351106819402,-1.399509408756873,-1.3463705254345255,0.019222559847075438,,-0.0013853615699863653,,0.018631186336121708,,0.012299114355236895,,0.06209695913433766,0.1679613199261185,segment
Pharmaceutical preparations,1995,6,5,PCU325412325412,good,249.9,1.791759469228055,1.6094379124341003,5.521060837840906,,,,0.015879650869726092,,0.02027359885743163,,0.1130116035592943,,0.04972161776215067,,,segment
Pharmaceutical preparations,1996,31,25,PCU325412325412,good,253.9,3.4339872044851463,3.2188758248682006,5.536940488710632,1.6422277352570913,1.6094379124341003,0.015879650869726092,0.02027359885743163,,0.1130116035592943,,0.028544241705298568,,0.05394314804067483,,,segment
Pharmaceutical preparations,1997,81,67,PCU325412325412,good,259.1,4.394449154672439,4.204692619390966,5.557214087568064,0.9604619501872929,0.9858167945227652,0.02027359885743163,0.1130116035592943,0.015879650869726092,0.028544241705298568,,0.026774033605057035,,0.05610995962321663,1.6422277352570913,1.6094379124341003,segment
Pharmaceutical preparations,1998,224,160,PCU325412325412,good,290.1,5.4116460518550396,5.075173815233827,5.670225691127358,1.0171968971826004,0.8704811958428609,0.1130116035592943,0.028544241705298568,0.02027359885743163,0.026774033605057035,0.015879650869726092,0.025440109702781655,,0.026919461671045752,0.9604619501872929,0.9858167945227652,segment
Pharmaceutical preparations,1999,444,302,PCU325412325412,good,298.5,6.095824562432225,5.71042701737487,5.698769932832657,0.6841785105771852,0.6352532021410431,0.028544241705298568,0.026774033605057035,0.1130116035592943,0.025440109702781655,0.02027359885743163,0.038058242466529,0.015879650869726092,0.03009079525812256,1.0171968971826004,0.8704811958428609,segment
Pharmaceutical preparations,2000,971,496,PCU325412325412,good,306.6,6.878326468291325,6.206575926724928,5.725543966437714,0.7825019058591005,0.4961489093500582,0.026774033605057035,0.025440109702781655,0.028544241705298568,0.038058242466529,0.1130116035592943,0.04956238185662176,0.02027359885743163,0.03768691134197747,0.6841785105771852,0.6352532021410431,segment
Pharmaceutical preparations,2001,1208,569,PCU325412325412,good,314.5,7.0967213784947605,6.343880434126331,5.750984076140496,0.21839491020343527,0.137304507401403,0.025440109702781655,0.038058242466529,0.026774033605057035,0.04956238185662176,0.028544241705298568,0.04777707019118349,0.1130116035592943,0.045132564838111414,0.7825019058591005,0.4961489093500582,segment
Pharmaceutical preparations,2002,1534,609,PCU325412325412,good,326.7,7.335633981927201,6.411818267709897,5.789042318607025,0.23891260343244092,0.06793783358356631,0.038058242466529,0.04956238185662176,0.025440109702781655,0.04777707019118349,0.026774033605057035,0.05036256425291974,0.028544241705298568,0.04923400543357499,0.21839491020343527,0.137304507401403,segment
Pharmaceutical preparations,2003,1507,579,PCU325412325412,good,343.3,7.317876198626496,6.361302477572996,5.838604700463646,-0.017757783300705654,-0.05051579013690155,0.04956238185662176,0.04777707019118349,0.038058242466529,0.05036256425291974,0.025440109702781655,0.04945638252513351,0.026774033605057035,0.04919867232307891,0.23891260343244092,0.06793783358356631,segment
Pharmaceutical preparations,2004,1708,614,PCU325412325412,good,360.1,7.443078374348516,6.419994928147142,5.88638177065483,0.12520217572201986,0.058692450574146626,0.04777707019118349,0.05036256425291974,0.04956238185662176,0.04945638252513351,0.038058242466529,0.039182047878560056,0.025440109702781655,0.046333664885537765,-0.017757783300705654,-0.05051579013690155,segment
Pharmaceutical preparations,2005,1632,551,PCU325412325412,good,378.7,7.397561535524052,6.311734809152915,5.9367443349077496,-0.045516838824463335,-0.10826011899422738,0.05036256425291974,0.04945638252513351,0.04777707019118349,0.039182047878560056,0.04956238185662176,0.06298160653649809,0.038058242466529,0.05054001231339722,0.12520217572201986,0.058692450574146626,segment
Pharmaceutical preparations,2006,1840,581,PCU325412325412,good,397.9,7.517520850603031,6.364750756851911,5.986200717432883,0.11995931507897861,0.05301594769899598,0.04945638252513351,0.039182047878560056,0.05036256425291974,0.06298160653649809,0.04777707019118349,0.06266474493137952,0.04956238185662176,0.05494279978214589,-0.045516838824463335,-0.10826011899422738,segment
Pharmaceutical preparations,2007,1913,581,PCU325412325412,good,413.8,7.556427969440253,6.364750756851911,6.025382765311443,0.038907118837221866,0.0,0.039182047878560056,0.06298160653649809,0.04945638252513351,0.06266474493137952,0.05036256425291974,0.055143502821769275,0.04777707019118349,0.06026328476321563,0.11995931507897861,0.05301594769899598,segment
Pharmaceutical preparations,2008,1938,543,PCU325412325412,good,440.7,7.569411792450712,6.297109319933935,6.088364371847941,0.012983823010459083,-0.06764143691797564,0.06298160653649809,0.06266474493137952,0.039182047878560056,0.055143502821769275,0.04945638252513351,0.04399565421965246,0.05036256425291974,0.05393463399093375,0.038907118837221866,0.0,segment
Pharmaceutical preparations,2009,1808,510,PCU325412325412,good,469.2,7.4999765409521215,6.234410725718371,6.151029116779321,-0.06943525149859031,-0.06269859421556401,0.06266474493137952,0.055143502821769275,0.06298160653649809,0.04399565421965246,0.039182047878560056,0.054097696531984596,0.04945638252513351,0.05107895119113544,0.012983823010459083,-0.06764143691797564,segment
Pharmaceutical preparations,2010,1972,587,PCU325412325412,good,495.8,7.586803535162581,6.375024819828097,6.20617261960109,0.08682699421045914,0.14061409410972558,0.055143502821769275,0.04399565421965246,0.06266474493137952,0.054097696531984596,0.06298160653649809,0.05478873243449289,0.039182047878560056,0.05096069439537665,-0.06943525149859031,-0.06269859421556401,segment
Pharmaceutical preparations,2011,1834,600,PCU325412325412,good,518.1,7.51425465281641,6.396929655216146,6.2501682738207425,-0.07254888234617063,0.02190483538804955,0.04399565421965246,0.054097696531984596,0.055143502821769275,0.05478873243449289,0.06266474493137952,0.05979950984471838,0.06298160653649809,0.05622864627039862,0.08682699421045914,0.14061409410972558,segment
Pharmaceutical preparations,2012,1873,558,PCU325412325412,good,546.9,7.5352967024440884,6.324358962381311,6.304265970352727,0.021042049627678416,-0.07257069283483553,0.054097696531984596,0.05478873243449289,0.04399565421965246,0.05979950984471838,0.055143502821769275,0.07459700957482962,0.06266474493137952,0.06306175061801363,-0.07254888234617063,0.02190483538804955,segment
Pharmaceutical preparations,2013,1945,574,PCU325412325412,good,577.7,7.573017256052546,6.352629396319567,6.35905470278722,0.03772055360845794,0.028270433938256012,0.05478873243449289,0.05979950984471838,0.054097696531984596,0.07459700957482962,0.04399565421965246,0.07757178634829653,0.055143502821769275,0.07065610192261484,0.021042049627678416,-0.07257069283483553,segment
Pharmaceutical preparations,2014,2218,593,PCU325412325412,good,613.3,7.704361167910313,6.385194398997726,6.418854212631938,0.1313439118577664,0.03256500267815898,0.05979950984471838,0.07459700957482962,0.05478873243449289,0.07757178634829653,0.054097696531984596,0.05715063400915987,0.04399565421965246,0.06977314331076201,0.03772055360845794,0.028270433938256012,segment
Pharmaceutical preparations,2015,2135,673,PCU325412325412,good,660.8,7.666221925662725,6.511745329644728,6.493451222206768,-0.03813924224758747,0.12655093064700207,0.07459700957482962,0.07757178634829653,0.05979950984471838,0.05715063400915987,0.05478873243449289,0.03980044395067939,0.054097696531984596,0.05817428810271193,0.1313439118577664,0.03256500267815898,segment
Pharmaceutical preparations,2016,1982,566,PCU325412325412,good,714.1,7.591861714889934,6.338594078203183,6.5710230085550645,-0.07436021077279165,-0.17315125144154475,0.07757178634829653,0.05715063400915987,0.07459700957482962,0.03980044395067939,0.05979950984471838,,0.05478873243449289,,-0.03813924224758747,0.12655093064700207,segment
Pharmaceutical preparations,2017,1661,598,PCU325412325412,good,756.1,7.415175109613295,6.393590753950631,6.628173642564224,-0.1766866052766387,0.054996675747448265,0.05715063400915987,0.03980044395067939,0.07757178634829653,,0.07459700957482962,,0.05979950984471838,,-0.07436021077279165,-0.17315125144154475,segment
Pharmaceutical preparations,2018,362,111,PCU325412325412,good,786.8,5.8916442118257715,4.709530201312334,6.667974086514904,-1.5235308977875235,-1.6840605526382975,0.03980044395067939,,0.05715063400915987,,0.07757178634829653,,0.07459700957482962,,-0.1766866052766387,0.054996675747448265,segment
"Plants, seeds and agriculture",1995,5,5,WPU01,partial,107.4,1.6094379124341003,1.6094379124341003,4.676560182074764,,,,0.13073418800346115,,-0.08079189892260885,,-0.07635891952479401,,-0.008805543481313904,,,segment
"Plants, seeds and agriculture",1996,10,10,WPU01,partial,122.4,2.302585092994046,2.302585092994046,4.807294370078226,0.6931471805599456,0.6931471805599456,0.13073418800346115,-0.08079189892260885,,-0.07635891952479401,,-0.06110274757261536,,-0.0727511886733394,,,segment
"Plants, seeds and agriculture",1997,43,35,WPU01,partial,112.9,3.7612001156935624,3.5553480614894135,4.726502471155617,1.4586150226995165,1.2527629684953676,-0.08079189892260885,-0.07635891952479401,0.13073418800346115,-0.06110274757261536,,0.01111684010633951,,-0.04211494233035662,0.6931471805599456,0.6931471805599456,segment
"Plants, seeds and agriculture",1998,117,90,WPU01,partial,104.6,4.762173934797756,4.499809670330265,4.650143551630823,1.000973819104194,0.9444616088408515,-0.07635891952479401,-0.06110274757261536,-0.08079189892260885,0.01111684010633951,0.13073418800346115,0.04230832656724104,,-0.0025591936330116027,1.4586150226995165,1.2527629684953676,segment
"Plants, seeds and agriculture",1999,354,249,WPU01,partial,98.4,5.869296913133774,5.517452896464707,4.589040804058207,1.107122978336018,1.0176432261344424,-0.06110274757261536,0.01111684010633951,-0.07635891952479401,0.04230832656724104,-0.08079189892260885,-0.047346120597198116,0.13073418800346115,0.0020263486921274776,1.000973819104194,0.9444616088408515,segment
"Plants, seeds and agriculture",2000,880,531,WPU01,partial,99.5,6.779921907472252,6.274762021241939,4.600157644164547,0.9106249943384777,0.7573091247772314,0.01111684010633951,0.04230832656724104,-0.06110274757261536,-0.047346120597198116,-0.07635891952479401,0.11890474076558366,-0.08079189892260885,0.03795564891187553,1.107122978336018,1.0176432261344424,segment
"Plants, seeds and agriculture",2001,1148,592,WPU01,partial,103.8,7.045776576879511,6.3835066348840055,4.642465970731788,0.26585466940725944,0.10874461364206667,0.04230832656724104,-0.047346120597198116,0.01111684010633951,0.11890474076558366,-0.06110274757261536,0.10059581927012484,-0.07635891952479401,0.057384813146170124,0.9106249943384777,0.7573091247772314,segment
"Plants, seeds and agriculture",2002,1254,603,WPU01,partial,99.0,7.134093721192866,6.401917196727186,4.59511985013459,0.08831714431335502,0.01841056184318024,-0.047346120597198116,0.11890474076558366,0.04230832656724104,0.10059581927012484,0.01111684010633951,-0.03970744959511219,-0.06110274757261536,0.0599310368135321,0.26585466940725944,0.10874461364206667,segment
"Plants, seeds and agriculture",2003,1263,587,WPU01,partial,111.5,7.141245122350491,6.375024819828097,4.7140245909001735,0.007151401157624804,-0.026892376899088966,0.11890474076558366,0.10059581927012484,-0.047346120597198116,-0.03970744959511219,0.04230832656724104,-0.012739025777429802,0.01111684010633951,0.016049781299194283,0.08831714431335502,0.01841056184318024,segment
"Plants, seeds and agriculture",2004,1342,562,WPU01,partial,123.3,7.201916317531627,6.331501849893691,4.814620410170298,0.060671195181136284,-0.043522969934405964,0.10059581927012484,-0.03970744959511219,0.11890474076558366,-0.012739025777429802,-0.047346120597198116,0.20346399336776333,0.04230832656724104,0.050339172665073775,0.007151401157624804,-0.026892376899088966,segment
"Plants, seeds and agriculture",2005,1425,573,WPU01,partial,118.5,7.261927092702751,6.35088571671474,4.774912960575186,0.060010775171123854,0.01938386682104909,-0.03970744959511219,-0.012739025777429802,0.10059581927012484,0.20346399336776333,0.11890474076558366,0.1176280569656436,-0.047346120597198116,0.10278434151865903,0.060671195181136284,-0.043522969934405964,segment
"Plants, seeds and agriculture",2006,1480,600,WPU01,partial,117.0,7.299797366758161,6.396929655216146,4.762173934797756,0.037870274055409325,0.04604393850140642,-0.012739025777429802,0.20346399336776333,-0.03970744959511219,0.1176280569656436,0.10059581927012484,-0.18095856792053588,0.11890474076558366,0.046711160804290344,0.060010775171123854,0.01938386682104909,segment
"Plants, seeds and agriculture",2007,1550,630,WPU01,partial,143.4,7.346010209913293,6.4457198193855785,4.96563792816552,0.04621284315513208,0.04879016416943216,0.20346399336776333,0.1176280569656436,-0.012739025777429802,-0.18095856792053588,-0.03970744959511219,0.11497241960429694,0.10059581927012484,0.01721396954980155,0.037870274055409325,0.04604393850140642,segment
"Plants, seeds and agriculture",2008,1663,583,WPU01,partial,161.3,7.416378479192928,6.368187186350492,5.083265985131163,0.07036826927963524,-0.07753263303508628,0.1176280569656436,-0.18095856792053588,0.20346399336776333,0.11497241960429694,-0.012739025777429802,0.21222321373275221,-0.03970744959511219,0.04874568847217109,0.04621284315513208,0.04879016416943216,segment
"Plants, seeds and agriculture",2009,1438,590,WPU01,partial,134.6,7.271008538280992,6.380122536899765,4.902307417210627,-0.14536994091193556,0.011935350549272528,-0.18095856792053588,0.11497241960429694,0.1176280569656436,0.21222321373275221,0.20346399336776333,0.03059310318016273,-0.012739025777429802,0.11926291217240395,0.07036826927963524,-0.07753263303508628,segment
"Plants, seeds and agriculture",2010,1610,656,WPU01,partial,151.0,7.383989457978509,6.486160788944089,5.017279836814924,0.11298091969751667,0.10603825204432393,0.11497241960429694,0.21222321373275221,-0.18095856792053588,0.03059310318016273,0.1176280569656436,0.014440684154793715,0.20346399336776333,0.08575233368923621,-0.14536994091193556,0.011935350549272528,segment
"Plants, seeds and agriculture",2011,1840,702,WPU01,partial,186.7,7.517520850603031,6.553933404025811,5.2295030505476765,0.13353139262452185,0.06777261508172217,0.21222321373275221,0.03059310318016273,0.11497241960429694,0.014440684154793715,-0.18095856792053588,0.010695289116748441,0.1176280569656436,0.01857635881723496,0.11298091969751667,0.10603825204432393,segment
"Plants, seeds and agriculture",2012,1802,707,WPU01,partial,192.5,7.496652438168283,6.561030665896573,5.260096153727839,-0.020868412434747796,0.007097261870762317,0.03059310318016273,0.014440684154793715,0.21222321373275221,0.010695289116748441,0.11497241960429694,-0.12732691416808972,-0.18095856792053588,-0.03406364696551585,0.13353139262452185,0.06777261508172217,segment
"Plants, seeds and agriculture",2013,1833,716,WPU01,partial,195.3,7.513709247839705,6.573680166960646,5.274536837882633,0.017056809671421647,0.012649501064072588,0.014440684154793715,0.010695289116748441,0.03059310318016273,-0.12732691416808972,0.21222321373275221,-0.10165940748298397,0.11497241960429694,-0.07276367751144175,-0.020868412434747796,0.007097261870762317,segment
"Plants, seeds and agriculture",2014,2021,739,WPU01,partial,197.4,7.611347717403621,6.6052979209482015,5.285232126999381,0.09763846956391653,0.03161775398755573,0.010695289116748441,-0.12732691416808972,0.014440684154793715,-0.10165940748298397,0.03059310318016273,0.03011519927608397,0.21222321373275221,-0.06629037412499657,0.017056809671421647,0.012649501064072588,segment
"Plants, seeds and agriculture",2015,1974,808,WPU01,partial,173.8,7.587817219993427,6.694562058521095,5.157905212831292,-0.023530497410193973,0.08926413757289353,-0.12732691416808972,-0.10165940748298397,0.010695289116748441,0.03011519927608397,0.014440684154793715,-0.00557795062605404,0.03059310318016273,-0.025707386277651345,0.09763846956391653,0.03161775398755573,segment
"Plants, seeds and agriculture",2016,2093,796,WPU01,partial,157.0,7.646353722445999,6.679599185844383,5.056245805348308,0.05853650245257214,-0.014962872676711925,-0.10165940748298397,0.03011519927608397,-0.12732691416808972,-0.00557795062605404,0.010695289116748441,,0.014440684154793715,,-0.023530497410193973,0.08926413757289353,segment
"Plants, seeds and agriculture",2017,1794,751,WPU01,partial,161.8,7.492203042618741,6.621405651764134,5.086361004624392,-0.15415067982725805,-0.05819353408024863,0.03011519927608397,-0.00557795062605404,-0.10165940748298397,,-0.12732691416808972,,0.010695289116748441,,0.05853650245257214,-0.014962872676711925,segment
"Plants, seeds and agriculture",2018,323,148,WPU01,partial,160.9,5.777652323222656,4.997212273764115,5.080783053998338,-1.714550719396085,-1.6241933780000197,-0.00557795062605404,,0.03011519927608397,,-0.10165940748298397,,-0.12732691416808972,,-0.15415067982725805,-0.05819353408024863,segment
"Plastics, textiles and packaging materials",1995,7,7,PCU326---326---,partial,123.3,1.9459101490553132,1.9459101490553132,4.814620410170298,,,,-0.0016233769798903452,,-0.0024400174773662187,,-0.005716634596383052,,-0.0032600096845465387,,,segment
"Plastics, textiles and packaging materials",1996,12,12,PCU326---326---,partial,123.1,2.4849066497880004,2.4849066497880004,4.812997033190408,0.5389965007326871,0.5389965007326871,-0.0016233769798903452,-0.0024400174773662187,,-0.005716634596383052,,0.000818665620836434,,-0.002445995484304279,,,segment
"Plastics, textiles and packaging materials",1997,76,70,PCU326---326---,partial,122.8,4.330733340286331,4.248495242049359,4.810557015713042,1.8458266904983307,1.763588592261359,-0.0024400174773662187,-0.005716634596383052,-0.0016233769798903452,0.000818665620836434,,0.01944955961585748,,0.004850530213436954,0.5389965007326871,0.5389965007326871,segment
"Plastics, textiles and packaging materials",1998,265,222,PCU326---326---,partial,122.1,5.579729825986222,5.402677381872279,4.804840381116659,1.248996485699891,1.15418213982292,-0.005716634596383052,0.000818665620836434,-0.0024400174773662187,0.01944955961585748,-0.0016233769798903452,0.010379334696948739,,0.010215853311214218,1.8458266904983307,1.763588592261359,segment
"Plastics, textiles and packaging materials",1999,606,442,PCU326---326---,partial,122.2,6.406879986069314,6.091309882077698,4.805659046737495,0.8271501600830922,0.6886325002054186,0.000818665620836434,0.01944955961585748,-0.005716634596383052,0.010379334696948739,-0.0024400174773662187,-0.0031821824784623587,-0.0016233769798903452,0.00888223727811462,1.248996485699891,1.15418213982292,segment
"Plastics, textiles and packaging materials",2000,1244,860,PCU326---326---,partial,124.6,7.126087273299125,6.756932389247553,4.825108606353353,0.7192072872298105,0.6656225071698554,0.01944955961585748,0.010379334696948739,0.000818665620836434,-0.0031821824784623587,-0.005716634596383052,0.022844632684021704,-0.0024400174773662187,0.010013928300836028,0.8271501600830922,0.6886325002054186,segment
"Plastics, textiles and packaging materials",2001,1649,985,PCU326---326---,partial,125.9,7.407924322559599,6.892641641172089,4.835487941050301,0.28183704926047426,0.13570925192453576,0.010379334696948739,-0.0031821824784623587,0.01944955961585748,0.022844632684021704,0.000818665620836434,0.02537621749337493,-0.005716634596383052,0.015012889232978091,0.7192072872298105,0.6656225071698554,segment
"Plastics, textiles and packaging materials",2002,1738,951,PCU326---326---,partial,125.5,7.460490305825338,6.85751406254539,4.832305758571839,0.05256598326573858,-0.035127578626698686,-0.0031821824784623587,0.022844632684021704,0.010379334696948739,0.02537621749337493,0.01944955961585748,0.06965071630990582,0.000818665620836434,0.03929052216243415,0.28183704926047426,0.13570925192453576,segment
"Plastics, textiles and packaging materials",2003,1641,891,PCU326---326---,partial,128.4,7.403061091090091,6.792344427470809,4.855150391255861,-0.057429214735246426,-0.0651696350745814,0.022844632684021704,0.02537621749337493,-0.0031821824784623587,0.06965071630990582,0.010379334696948739,0.05845596636644146,0.01944955961585748,0.05116096672324073,0.05256598326573858,-0.035127578626698686,segment
"Plastics, textiles and packaging materials",2004,1736,900,PCU326---326---,partial,131.7,7.459338895220296,6.802394763324311,4.880526608749236,0.05627780413020478,0.010050335853502013,0.02537621749337493,0.06965071630990582,0.022844632684021704,0.05845596636644146,-0.0031821824784623587,0.0059940239402100914,0.010379334696948739,0.044700235538852454,-0.057429214735246426,-0.0651696350745814,segment
"Plastics, textiles and packaging materials",2005,1747,873,PCU326---326---,partial,141.2,7.465655310134056,6.771935555839602,4.950177325059141,0.006316414913760227,-0.030459207484708983,0.06965071630990582,0.05845596636644146,0.02537621749337493,0.0059940239402100914,0.022844632684021704,0.06863866976537025,-0.0031821824784623587,0.04436288669067393,0.05627780413020478,0.010050335853502013,segment
"Plastics, textiles and packaging materials",2006,1704,837,PCU326---326---,partial,149.7,7.440733707389261,6.729824070489475,5.008633291425583,-0.02492160274479538,-0.04211148535012654,0.05845596636644146,0.0059940239402100914,0.06965071630990582,0.06863866976537025,0.02537621749337493,0.0,0.022844632684021704,0.02487756456852678,0.006316414913760227,-0.030459207484708983,segment
"Plastics, textiles and packaging materials",2007,1980,906,PCU326---326---,partial,150.6,7.590852123688581,6.80903930604298,5.014627315365793,0.15011841629932032,0.07921523555350429,0.0059940239402100914,0.06863866976537025,0.05845596636644146,0.0,0.06965071630990582,0.029324031488085822,0.02537621749337493,0.03265423375115202,-0.02492160274479538,-0.04211148535012654,segment
"Plastics, textiles and packaging materials",2008,1988,873,PCU326---326---,partial,161.3,7.59488438721652,6.771935555839602,5.083265985131163,0.004032263527938618,-0.03710375020337775,0.06863866976537025,0.0,0.0059940239402100914,0.029324031488085822,0.05845596636644146,0.05959707278457582,0.06965071630990582,0.029640368090887215,0.15011841629932032,0.07921523555350429,segment
"Plastics, textiles and packaging materials",2009,1836,828,PCU326---326---,partial,161.3,7.515344571180436,6.71901315438526,5.083265985131163,-0.07953981603608362,-0.05292240145434235,0.0,0.029324031488085822,0.06863866976537025,0.05959707278457582,0.0059940239402100914,0.024097551579060017,0.05845596636644146,0.03767288528390722,0.004032263527938618,-0.03710375020337775,segment
"Plastics, textiles and packaging materials",2010,1982,866,PCU326---326---,partial,166.1,7.591861714889934,6.763884908562435,5.112590016619249,0.07651714370949758,0.04487175417717548,0.029324031488085822,0.05959707278457582,0.0,0.024097551579060017,0.06863866976537025,0.021364822497696778,0.0059940239402100914,0.035019815620444206,-0.07953981603608362,-0.05292240145434235,segment
"Plastics, textiles and packaging materials",2011,1955,891,PCU326---326---,partial,176.3,7.578145472419466,6.792344427470809,5.172187089403825,-0.013716242470467321,0.028459518908373838,0.05959707278457582,0.024097551579060017,0.029324031488085822,0.021364822497696778,0.0,0.010781775603288857,0.06863866976537025,0.01874804989334855,0.07651714370949758,0.04487175417717548,segment
"Plastics, textiles and packaging materials",2012,1991,853,PCU326---326---,partial,180.6,7.596392304064196,6.748759547491679,5.196284640982885,0.01824683164472951,-0.04358487997912963,0.024097551579060017,0.021364822497696778,0.05959707278457582,0.010781775603288857,0.029324031488085822,-0.010239917015118394,0.0,0.007302227028622413,-0.013716242470467321,0.028459518908373838,segment
"Plastics, textiles and packaging materials",2013,2066,908,PCU326---326---,partial,184.5,7.633369649679584,6.811244378601294,5.217649463480582,0.036977345615388124,0.06248483110961445,0.021364822497696778,0.010781775603288857,0.024097551579060017,-0.010239917015118394,0.05959707278457582,-0.011441149046206078,0.029324031488085822,-0.003633096819345205,0.01824683164472951,-0.04358487997912963,segment
"Plastics, textiles and packaging materials",2014,1996,838,PCU326---326---,partial,186.5,7.59890045687141,6.731018100482083,5.2284312390838705,-0.0344691928081744,-0.0802262781192109,0.010781775603288857,-0.010239917015118394,0.021364822497696778,-0.011441149046206078,0.024097551579060017,0.01953399062565886,0.05959707278457582,-0.0007156918118885376,0.036977345615388124,0.06248483110961445,segment
"Plastics, textiles and packaging materials",2015,1994,876,PCU326---326---,partial,184.6,7.597897950521784,6.775366090936392,5.218191322068752,-0.0010025063496259534,0.04434799045430893,-0.010239917015118394,-0.011441149046206078,0.010781775603288857,0.01953399062565886,0.021364822497696778,0.031731906126306164,0.024097551579060017,0.013274915901919648,-0.0344691928081744,-0.0802262781192109,segment
"Plastics, textiles and packaging materials",2016,2116,912,PCU326---326---,partial,182.5,7.65728279297819,6.815639990074331,5.206750173022546,0.05938484245640652,0.04027389913793922,-0.011441149046206078,0.01953399062565886,-0.010239917015118394,0.031731906126306164,0.010781775603288857,,0.021364822497696778,,-0.0010025063496259534,0.04434799045430893,segment
"Plastics, textiles and packaging materials",2017,1867,939,PCU326---326---,partial,186.1,7.532088143541722,6.844815479208263,5.226284163648205,-0.12519464943646774,0.029175489133931976,0.01953399062565886,0.031731906126306164,-0.011441149046206078,,-0.010239917015118394,,0.010781775603288857,,0.05938484245640652,0.04027389913793922,segment
"Plastics, textiles and packaging materials",2018,336,176,PCU326---326---,partial,192.1,5.817111159963204,5.170483995038151,5.258016069774511,-1.7149769835785182,-1.6743314841701116,0.031731906126306164,,0.01953399062565886,,-0.011441149046206078,,-0.010239917015118394,,-0.12519464943646774,0.029175489133931976,segment
Precious metal and household glassware,1995,10,8,WPU1594,partial,125.8,2.302585092994046,2.0794415416798357,4.8346933442663405,,,,0.014207026644348808,,0.003910837991999649,,-0.006264703339327937,,0.003951053765673507,,,segment
Precious metal and household glassware,1996,31,30,WPU1594,partial,127.6,3.4339872044851463,3.4011973816621555,4.848900370910689,1.1314021114911004,1.3217558399823197,0.014207026644348808,0.003910837991999649,,-0.006264703339327937,,-0.011058564513059643,,-0.004470809953462643,,,segment
Precious metal and household glassware,1997,115,104,WPU1594,partial,128.1,4.74493212836325,4.6443908991413725,4.852811208902689,1.310944923878104,1.243193517479217,0.003910837991999649,-0.006264703339327937,0.014207026644348808,-0.011058564513059643,,0.004754367117273617,,-0.004189633578371321,1.1314021114911004,1.3217558399823197,segment
Precious metal and household glassware,1998,275,234,WPU1594,partial,127.3,5.616771097666572,5.455321115357702,4.846546505563361,0.8718389693033215,0.8109302162163292,-0.006264703339327937,-0.011058564513059643,0.003910837991999649,0.004754367117273617,0.014207026644348808,0.007874056430906329,,0.0005232863450401007,1.310944923878104,1.243193517479217,segment
Precious metal and household glassware,1999,758,574,WPU1594,partial,125.9,6.630683385642372,6.352629396319567,4.835487941050301,1.0139122879758,0.8973082809618651,-0.011058564513059643,0.004754367117273617,-0.006264703339327937,0.007874056430906329,0.003910837991999649,0.008590447205037322,0.014207026644348808,0.007072956917739089,0.8718389693033215,0.8109302162163292,segment
Precious metal and household glassware,2000,1712,1157,WPU1594,partial,126.5,7.445417556701687,7.053585727193677,4.840242308167575,0.8147341710593157,0.70095633087411,0.004754367117273617,0.007874056430906329,-0.011058564513059643,0.008590447205037322,-0.006264703339327937,0.013899837689034023,0.003910837991999649,0.01012144710832589,1.0139122879758,0.8973082809618651,segment
Precious metal and household glassware,2001,2227,1375,WPU1594,partial,127.5,7.708410667257367,7.226209010100671,4.848116364598481,0.26299311055568,0.17262328290699447,0.007874056430906329,0.008590447205037322,0.004754367117273617,0.013899837689034023,-0.011058564513059643,0.019742478729201096,-0.006264703339327937,0.014077587874424147,0.8147341710593157,0.70095633087411,segment
Precious metal and household glassware,2002,2568,1509,WPU1594,partial,128.6,7.850882664809852,7.319202458767849,4.856706811803519,0.14247199755248463,0.09299344866717796,0.008590447205037322,0.013899837689034023,0.007874056430906329,0.019742478729201096,0.004754367117273617,0.028901604072649967,-0.011058564513059643,0.020847973496961693,0.26299311055568,0.17262328290699447,segment
Precious metal and household glassware,2003,2700,1517,WPU1594,partial,130.4,7.90100705199242,7.324489979348532,4.870606649492553,0.050124387182568064,0.005287520580682603,0.013899837689034023,0.019742478729201096,0.008590447205037322,0.028901604072649967,0.007874056430906329,0.05333649416432262,0.004754367117273617,0.033993525655391224,0.14247199755248463,0.09299344866717796,segment
Precious metal and household glassware,2004,3021,1680,WPU1594,partial,133.0,8.013343181386672,7.426549072397305,4.890349128221754,0.11233612939425175,0.10205909304877281,0.019742478729201096,0.028901604072649967,0.013899837689034023,0.05333649416432262,0.008590447205037322,0.02597548640325975,0.007874056430906329,0.03607119488007744,0.050124387182568064,0.005287520580682603,segment
Precious metal and household glassware,2005,2996,1691,WPU1594,partial,136.9,8.005033344637111,7.43307534889858,4.919250732294404,-0.008309836749560873,0.006526276501275241,0.028901604072649967,0.05333649416432262,0.019742478729201096,0.02597548640325975,0.013899837689034023,0.06213178110700657,0.008590447205037322,0.04714792055819631,0.11233612939425175,0.10205909304877281,segment
Precious metal and household glassware,2006,3190,1761,WPU1594,partial,144.4,8.06777619577889,7.473637108496206,4.972587226458726,0.06274285114177935,0.04056175959762598,0.05333649416432262,0.02597548640325975,0.028901604072649967,0.06213178110700657,0.019742478729201096,0.03244202163900667,0.013899837689034023,0.04018309638309099,-0.008309836749560873,0.006526276501275241,segment
Precious metal and household glassware,2007,3491,1925,WPU1594,partial,148.2,8.157943507105037,7.562681246721884,4.998562712861986,0.0901673113261463,0.08904413822567836,0.02597548640325975,0.06213178110700657,0.05333649416432262,0.03244202163900667,0.028901604072649967,0.08976999942871,0.019742478729201096,0.061447934058241074,0.06274285114177935,0.04056175959762598,segment
Precious metal and household glassware,2008,3366,1828,WPU1594,partial,157.7,8.121480374750751,7.510977752014095,5.060694493968993,-0.03646313235428522,-0.05170349470778923,0.06213178110700657,0.03244202163900667,0.02597548640325975,0.08976999942871,0.05333649416432262,0.12931375668031908,0.028901604072649967,0.08384192591601192,0.0901673113261463,0.08904413822567836,segment
Precious metal and household glassware,2009,3274,1750,WPU1594,partial,162.9,8.09376775793108,7.4673710669175595,5.093136515607999,-0.027712616819671965,-0.043606685096535536,0.03244202163900667,0.08976999942871,0.06213178110700657,0.12931375668031908,0.02597548640325975,0.0690586155453552,0.05333649416432262,0.09604745721812809,-0.03646313235428522,-0.05170349470778923,segment
Precious metal and household glassware,2010,3590,1918,WPU1594,partial,178.2,8.185907481482324,7.559038255443384,5.182906515036709,0.09213972355124511,0.09166718852582445,0.08976999942871,0.12931375668031908,0.03244202163900667,0.0690586155453552,0.06213178110700657,-0.00276497872007031,0.02597548640325975,0.06520246450186798,-0.027712616819671965,-0.043606685096535536,segment
Precious metal and household glassware,2011,4003,2095,WPU1594,partial,202.8,8.294799358992574,7.647308832356238,5.312220271717028,0.1088918775102492,0.088270576912854,0.12931375668031908,0.0690586155453552,0.08976999942871,-0.00276497872007031,0.03244202163900667,-0.07123680062280435,0.06213178110700657,-0.0016477212658398224,0.09213972355124511,0.09166718852582445,segment
Precious metal and household glassware,2012,4077,2143,WPU1594,partial,217.3,8.313116702819253,7.669961995473577,5.381278887262384,0.018317343826678822,0.022653163117339226,0.0690586155453552,-0.00276497872007031,0.12931375668031908,-0.07123680062280435,0.08976999942871,-0.012465880700760046,0.03244202163900667,-0.028822553347878234,0.1088918775102492,0.088270576912854,segment
Precious metal and household glassware,2013,4287,2295,WPU1594,partial,216.7,8.363342466597977,7.738488122494646,5.378513908542313,0.0502257637787249,0.06852612702106864,-0.00276497872007031,-0.07123680062280435,0.0690586155453552,-0.012465880700760046,0.12931375668031908,0.04320750618084013,0.08976999942871,-0.013498391714241423,0.018317343826678822,0.022653163117339226,segment
Precious metal and household glassware,2014,4748,2501,WPU1594,partial,201.8,8.465478755729558,7.824445930877619,5.307277107919509,0.10213628913158068,0.08595780838297351,-0.07123680062280435,-0.012465880700760046,-0.00276497872007031,0.04320750618084013,0.0690586155453552,0.02748988268877106,0.12931375668031908,0.01941050272295038,0.0502257637787249,0.06852612702106864,segment
Precious metal and household glassware,2015,5607,3294,WPU1594,partial,199.3,8.631771096123673,8.099857910737585,5.294811227218749,0.166292340394115,0.2754119798599657,-0.012465880700760046,0.04320750618084013,-0.07123680062280435,0.02748988268877106,-0.00276497872007031,-0.013176661234084897,0.0690586155453552,0.019173575878508764,0.10213628913158068,0.08595780838297351,segment
Precious metal and household glassware,2016,7419,5223,WPU1594,partial,208.1,8.911799556189527,8.560827228436299,5.338018733399589,0.2800284600658536,0.46096931769871397,0.04320750618084013,0.02748988268877106,-0.012465880700760046,-0.013176661234084897,-0.07123680062280435,,-0.00276497872007031,,0.166292340394115,0.2754119798599657,segment
Precious metal and household glassware,2017,8587,6309,WPU1594,partial,213.9,9.058004710672485,8.74973246437081,5.36550861608836,0.14620515448295812,0.18890523593451114,0.02748988268877106,-0.013176661234084897,0.04320750618084013,,-0.012465880700760046,,-0.07123680062280435,,0.2800284600658536,0.46096931769871397,segment
Precious metal and household glassware,2018,2150,1682,WPU1594,partial,211.1,7.673223121121708,7.427738840532894,5.352331954854275,-1.3847815895507765,-1.3219936238379164,-0.013176661234084897,,0.02748988268877106,,0.04320750618084013,,-0.012465880700760046,,0.14620515448295812,0.18890523593451114,segment
Processed foods,1995,23,21,PCU311---311---,partial,121.7,3.1354942159291497,3.044522437723423,4.801558999993482,,,,0.04341517820192653,,0.006274530389388744,,-0.012588679228351829,,0.012367009787654482,,,segment
Processed foods,1996,29,27,PCU311---311---,partial,127.1,3.367295829986474,3.295836866004329,4.844974178195408,0.23180161405732447,0.2513144282809061,0.04341517820192653,0.006274530389388744,,-0.012588679228351829,,0.0,,-0.0021047162796543617,,,segment
Processed foods,1997,70,60,PCU311---311---,partial,127.9,4.248495242049359,4.0943445622221,4.851248708584797,0.8811994120628852,0.7985076962177713,0.006274530389388744,-0.012588679228351829,0.04341517820192653,0.0,,0.01726887497882945,,0.0015600652501592074,0.23180161405732447,0.2513144282809061,segment
Processed foods,1998,146,131,PCU311---311---,partial,126.3,4.983606621708336,4.875197323201151,4.838660029356445,0.735111379658977,0.7808527609790508,-0.012588679228351829,0.0,0.006274530389388744,0.01726887497882945,0.04341517820192653,0.032915332707059264,,0.016728069228629572,0.8811994120628852,0.7985076962177713,segment
Processed foods,1999,507,399,PCU311---311---,partial,126.3,6.2285110035911835,5.988961416889864,4.838660029356445,1.2449043818828471,1.1137640936887125,0.0,0.01726887497882945,-0.012588679228351829,0.032915332707059264,0.006274530389388744,-0.006042314455963371,0.04341517820192653,0.014713964409975114,0.735111379658977,0.7808527609790508,segment
Processed foods,2000,1351,883,PCU311---311---,partial,128.5,7.208600337960199,6.78332520060396,4.855928904335275,0.9800893343690156,0.794363783714096,0.01726887497882945,0.032915332707059264,0.0,-0.006042314455963371,-0.012588679228351829,0.04009445720187799,0.006274530389388744,0.02232249181765796,1.2449043818828471,1.1137640936887125,segment
Processed foods,2001,2030,1118,PCU311---311---,partial,132.8,7.615791072035833,7.0192966537150445,4.888844237042334,0.407190734075634,0.2359714531110848,0.032915332707059264,-0.006042314455963371,0.01726887497882945,0.04009445720187799,0.0,0.04899808599157662,-0.012588679228351829,0.027683409579163744,0.9800893343690156,0.794363783714096,segment
Processed foods,2002,2428,1280,PCU311---311---,partial,132.0,7.794823152179389,7.154615356913663,4.882801922586371,0.1790320801435561,0.13531870319861827,-0.006042314455963371,0.04009445720187799,0.032915332707059264,0.04899808599157662,0.01726887497882945,0.012396852976828576,0.0,0.03382979872342773,0.407190734075634,0.2359714531110848,segment
Processed foods,2003,2621,1255,PCU311---311---,partial,137.4,7.8713112033234065,7.134890851565884,4.922896379788249,0.07648805114401735,-0.01972450534777881,0.04009445720187799,0.04899808599157662,-0.006042314455963371,0.012396852976828576,0.032915332707059264,0.004779797423761778,0.01726887497882945,0.02205824546405566,0.1790320801435561,0.13531870319861827,segment
Processed foods,2004,2632,1324,PCU311---311---,partial,144.3,7.875499292445208,7.188412736496954,4.971894465779825,0.004188089121801575,0.053521884931069685,0.04899808599157662,0.012396852976828576,0.04009445720187799,0.004779797423761778,-0.006042314455963371,0.0773141930203316,0.032915332707059264,0.031496947806973985,0.07648805114401735,-0.01972450534777881,segment
Processed foods,2005,2718,1300,PCU311---311---,partial,146.1,7.907651594711089,7.170119543449628,4.984291318756654,0.03215230226588073,-0.018293193047325573,0.012396852976828576,0.004779797423761778,0.04899808599157662,0.0773141930203316,0.04009445720187799,0.09151990363054452,-0.006042314455963371,0.057871298024879295,0.004188089121801575,0.053521884931069685,segment
Processed foods,2006,2834,1372,PCU311---311---,partial,146.8,7.949444420250626,7.22402480828583,4.9890711161804155,0.041792825539537226,0.05390526483620217,0.004779797423761778,0.0773141930203316,0.012396852976828576,0.09151990363054452,0.04899808599157662,-0.025052286010787128,0.04009445720187799,0.047927270213362995,0.03215230226588073,-0.018293193047325573,segment
Processed foods,2007,2841,1240,PCU311---311---,partial,158.6,7.951911381854188,7.122866658599083,5.066385309200747,0.00246696160356219,-0.1011581496867473,0.0773141930203316,0.09151990363054452,0.004779797423761778,-0.025052286010787128,0.012396852976828576,0.034786116085416374,0.04899808599157662,0.03375124456839125,0.041792825539537226,0.05390526483620217,segment
Processed foods,2008,2714,1228,PCU311---311---,partial,173.8,7.906178840394815,7.113142108707088,5.157905212831292,-0.045732541459373444,-0.009724549891995338,0.09151990363054452,-0.025052286010787128,0.0773141930203316,0.034786116085416374,0.004779797423761778,0.08620383354028593,0.012396852976828576,0.03197922120497172,0.00246696160356219,-0.1011581496867473,segment
Processed foods,2009,2962,1431,PCU311---311---,partial,169.5,7.993619994827744,7.266128779556451,5.1328529268205045,0.08744115443292966,0.15298667084936302,-0.025052286010787128,0.034786116085416374,0.09151990363054452,0.08620383354028593,0.0773141930203316,0.03744987516486553,0.004779797423761778,0.05281327493018928,-0.045732541459373444,-0.009724549891995338,segment
Processed foods,2010,3224,1522,PCU311---311---,partial,175.5,8.07837810362652,7.3277805384216315,5.167639042905921,0.08475810879877521,0.06165175886518082,0.034786116085416374,0.08620383354028593,-0.025052286010787128,0.03744987516486553,0.09151990363054452,0.014000228673389792,0.0773141930203316,0.04588464579284708,0.08744115443292966,0.15298667084936302,segment
Processed foods,2011,3399,1661,PCU311---311---,partial,191.3,8.131236549696116,7.415175109613295,5.253842876446207,0.052858446069596,0.0873945711916635,0.08620383354028593,0.03744987516486553,0.034786116085416374,0.014000228673389792,-0.025052286010787128,0.03847564916749224,0.09151990363054452,0.029975251001915854,0.08475810879877521,0.06165175886518082,segment
Processed foods,2012,3490,1683,PCU311---311---,partial,198.6,8.157657015196472,7.428333194190806,5.291292751611072,0.02642046550035637,0.013158084577510998,0.03744987516486553,0.014000228673389792,0.08620383354028593,0.03847564916749224,0.034786116085416374,-0.03748309325474075,-0.025052286010787128,0.0049975948620470945,0.052858446069596,0.0873945711916635,segment
Processed foods,2013,3723,1811,PCU311---311---,partial,201.4,8.222285073872717,7.501634457883413,5.305292980284462,0.0646280586762451,0.07330126369260714,0.014000228673389792,0.03847564916749224,0.03744987516486553,-0.03748309325474075,0.08620383354028593,-0.03226086221822122,0.034786116085416374,-0.01042276876848991,0.02642046550035637,0.013158084577510998,segment
Processed foods,2014,3614,1781,PCU311---311---,partial,209.3,8.192570471152173,7.484930283289661,5.343768629451954,-0.029714602720543937,-0.01670417459375173,0.03847564916749224,-0.03748309325474075,0.014000228673389792,-0.03226086221822122,0.03744987516486553,0.013737178629527946,0.08620383354028593,-0.018668925614478006,0.0646280586762451,0.07330126369260714,segment
Processed foods,2015,3619,1791,PCU311---311---,partial,201.6,8.193953023563742,7.490529402060711,5.306285536197214,0.0013825524115684829,0.005599118771050016,-0.03748309325474075,-0.03226086221822122,0.03847564916749224,0.013737178629527946,0.014000228673389792,0.0020191829172295783,0.03744987516486553,-0.005501500223821232,-0.029714602720543937,-0.01670417459375173,segment
Processed foods,2016,3730,1767,PCU311---311---,partial,195.2,8.224163512637862,7.4770384723196965,5.274024673978992,0.03021048907412016,-0.013490929741014845,-0.03226086221822122,0.013737178629527946,-0.03748309325474075,0.0020191829172295783,0.03847564916749224,,0.014000228673389792,,0.0013825524115684829,0.005599118771050016,segment
Processed foods,2017,3163,1632,PCU311---311---,partial,197.9,8.059276223305648,7.397561535524052,5.28776185260852,-0.16488728933221353,-0.07947693679564427,0.013737178629527946,0.0020191829172295783,-0.03226086221822122,,-0.03748309325474075,,0.03847564916749224,,0.03021048907412016,-0.013490929741014845,segment
Processed foods,2018,752,399,PCU311---311---,partial,198.3,6.62273632394984,5.988961416889864,5.28978103552575,-1.4365398993558083,-1.4086001186341885,0.0020191829172295783,,0.013737178629527946,,-0.03226086221822122,,-0.03748309325474075,,-0.16488728933221353,-0.07947693679564427,segment
Retail store services,2007,4207,2727,PCUARETTRARETTR,partial,104.5,8.344505083590521,7.910957382845589,4.6491870714048655,,,,0.03109058707003154,,0.004627495532047554,,0.017391742711869718,,0.017703275104649602,,,segment
Retail store services,2008,4397,2816,PCUARETTRARETTR,partial,107.8,8.388677769180811,7.943072717277933,4.680277658474897,0.04417268559028997,0.032115334432344156,0.03109058707003154,0.004627495532047554,,0.017391742711869718,,0.026859269050268253,,0.016292835764728508,,,segment
Retail store services,2009,4097,2650,PCUARETTRARETTR,partial,108.3,8.318010277546872,7.882314918980268,4.684905154006945,-0.07066749163393915,-0.06075779829766503,0.004627495532047554,0.017391742711869718,0.03109058707003154,0.026859269050268253,,0.02959310814730909,,0.024614706636482353,0.04417268559028997,0.032115334432344156,segment
Retail store services,2010,4617,3001,PCUARETTRARETTR,partial,110.2,8.43750042250699,8.006700845440367,4.702296896718814,0.11949014496011756,0.12438592646009905,0.017391742711869718,0.026859269050268253,0.004627495532047554,0.02959310814730909,0.03109058707003154,0.01953352978034495,,0.02532863565930743,-0.07066749163393915,-0.06075779829766503,segment
Retail store services,2011,4976,3235,PCUARETTRARETTR,partial,113.2,8.512381634419015,8.081784206935001,4.729156165769083,0.07488121191202524,0.07508336149463446,0.026859269050268253,0.02959310814730909,0.017391742711869718,0.01953352978034495,0.004627495532047554,0.020808074928661213,0.03109058707003154,0.023311570952105082,0.11949014496011756,0.12438592646009905,segment
Retail store services,2012,4988,3200,PCUARETTRARETTR,partial,116.6,8.514790306799927,8.070906088787819,4.758749273916392,0.002408672380912691,-0.010878118147182647,0.02959310814730909,0.01953352978034495,0.026859269050268253,0.020808074928661213,0.017391742711869718,0.01957648162509784,0.004627495532047554,0.019972695444701333,0.07488121191202524,0.07508336149463446,segment
Retail store services,2013,4952,3204,PCUARETTRARETTR,partial,118.9,8.507546814364431,8.07215530818825,4.778282803696737,-0.007243492435495824,0.001249219400431656,0.01953352978034495,0.020808074928661213,0.02959310814730909,0.01957648162509784,0.026859269050268253,0.011245098415502142,0.017391742711869718,0.017209884989753732,0.002408672380912691,-0.010878118147182647,segment
Retail store services,2014,5112,3316,PCUARETTRARETTR,partial,121.4,8.53934599605737,8.106514516255185,4.799090878625398,0.03179918169293927,0.0343592080669346,0.020808074928661213,0.01957648162509784,0.01953352978034495,0.011245098415502142,0.02959310814730909,0.011120051044078316,0.026859269050268253,0.013980543694892766,-0.007243492435495824,0.001249219400431656,segment
Retail store services,2015,5326,3410,PCUARETTRARETTR,partial,123.8,8.580355766373877,8.134467570277563,4.818667360250496,0.04100977031650643,0.0279530540223778,0.01957648162509784,0.011245098415502142,0.020808074928661213,0.011120051044078316,0.01953352978034495,0.01567430209344245,0.02959310814730909,0.012679817184340969,0.03179918169293927,0.0343592080669346,segment
Retail store services,2016,5161,3392,PCUARETTRARETTR,partial,125.2,8.548885638148727,8.129174996911793,4.829912458665998,-0.03147012822515016,-0.005292573365769826,0.011245098415502142,0.011120051044078316,0.01957648162509784,0.01567430209344245,0.020808074928661213,,0.01953352978034495,,0.04100977031650643,0.0279530540223778,segment
Retail store services,2017,4704,3190,PCUARETTRARETTR,partial,126.6,8.456168489578463,8.06777619577889,4.841032509710076,-0.09271714857026403,-0.06139880113290275,0.011120051044078316,0.01567430209344245,0.011245098415502142,,0.01957648162509784,,0.020808074928661213,,-0.03147012822515016,-0.005292573365769826,segment
Retail store services,2018,1098,764,PCUARETTRARETTR,partial,128.6,7.001245622069476,6.638567789166521,4.856706811803519,-1.4549228675089871,-1.4292084066123696,0.01567430209344245,,0.011120051044078316,,0.011245098415502142,,0.01957648162509784,,-0.09271714857026403,-0.06139880113290275,segment
"Toys, games and sporting goods",1995,25,25,PCU339920339920,partial,123.6,3.2188758248682006,3.2188758248682006,4.817050545023591,,,,0.013660316878431722,,0.017405502696458797,,0.011696039763190669,,0.014253953112693729,,,segment
"Toys, games and sporting goods",1996,42,35,PCU339920339920,partial,125.3,3.7376696182833684,3.5553480614894135,4.8307108619020225,0.5187937934151678,0.33647223662121295,0.013660316878431722,0.017405502696458797,,0.011696039763190669,,-0.0015515906914185251,,0.009183317256076979,,,segment
"Toys, games and sporting goods",1997,203,150,PCU339920339920,partial,127.5,5.313205979041787,5.0106352940962555,4.848116364598481,1.5755363607584187,1.455287232606842,0.017405502696458797,0.011696039763190669,0.013660316878431722,-0.0015515906914185251,,-0.007012105085456355,,0.0010441146621052628,0.5187937934151678,0.33647223662121295,segment
"Toys, games and sporting goods",1998,432,310,PCU339920339920,partial,129.0,6.068425588244111,5.736572297479192,4.859812404361672,0.7552196092023236,0.7259370033829367,0.011696039763190669,-0.0015515906914185251,0.017405502696458797,-0.007012105085456355,0.013660316878431722,-0.0007821666413629913,,-0.003115287472745957,1.5755363607584187,1.455287232606842,segment
"Toys, games and sporting goods",1999,1201,753,PCU339920339920,partial,128.8,7.0909098220799835,6.6240652277998935,4.858260813670253,1.0224842338358728,0.8874929303207013,-0.0015515906914185251,-0.007012105085456355,0.011696039763190669,-0.0007821666413629913,0.017405502696458797,-0.010224233775859126,0.013660316878431722,-0.006006168500892824,0.7552196092023236,0.7259370033829367,segment
"Toys, games and sporting goods",2000,2607,1357,PCU339920339920,partial,127.9,7.865955413933502,7.213031659834869,4.851248708584797,0.7750455918535186,0.5889664320349759,-0.007012105085456355,-0.0007821666413629913,-0.0015515906914185251,-0.010224233775859126,0.011696039763190669,-0.011128890694709348,0.017405502696458797,-0.007378430370643821,1.0224842338358728,0.8874929303207013,segment
"Toys, games and sporting goods",2001,3956,1669,PCU339920339920,partial,127.8,8.282988692742602,7.419979923661835,4.850466541943434,0.41703327880910024,0.2069482638269653,-0.0007821666413629913,-0.010224233775859126,-0.007012105085456355,-0.011128890694709348,-0.0015515906914185251,-0.008831851867828533,0.011696039763190669,-0.010061658779465668,0.7750455918535186,0.5889664320349759,segment
"Toys, games and sporting goods",2002,3971,1704,PCU339920339920,partial,126.5,8.286773231131251,7.440733707389261,4.840242308167575,0.0037845383886487838,0.02075378372742609,-0.010224233775859126,-0.011128890694709348,-0.0007821666413629913,-0.008831851867828533,-0.007012105085456355,0.007231851526494637,-0.0015515906914185251,-0.004242963678681081,0.41703327880910024,0.2069482638269653,segment
"Toys, games and sporting goods",2003,3990,1662,PCU339920339920,partial,125.1,8.29154650988391,7.415776975415394,4.829113417472866,0.0047732787526584275,-0.02495673197386683,-0.011128890694709348,-0.008831851867828533,-0.010224233775859126,0.007231851526494637,-0.0007821666413629913,0.015097624871593496,-0.007012105085456355,0.0044992081767532,0.0037845383886487838,0.02075378372742609,segment
"Toys, games and sporting goods",2004,4349,1666,PCU339920339920,partial,124.0,8.37770121259764,7.418180822726788,4.820281565605037,0.08615470271372949,0.0024038473113936476,-0.008831851867828533,0.007231851526494637,-0.011128890694709348,0.015097624871593496,-0.010224233775859126,0.03791556674611041,-0.0007821666413629913,0.02008168104806618,0.0047732787526584275,-0.02495673197386683,segment
"Toys, games and sporting goods",2005,4290,1762,PCU339920339920,partial,124.9,8.364042011922063,7.474204806496124,4.827513417131532,-0.013659200675576244,0.056023983769336816,0.007231851526494637,0.015097624871593496,-0.008831851867828533,0.03791556674611041,-0.011128890694709348,-0.01299215829365341,-0.010224233775859126,0.013340344441350164,0.08615470271372949,0.0024038473113936476,segment
"Toys, games and sporting goods",2006,4137,1714,PCU339920339920,partial,126.8,8.327726166461412,7.446585099157725,4.842611042003125,-0.03631584546065092,-0.027619707338399024,0.015097624871593496,0.03791556674611041,0.007231851526494637,-0.01299215829365341,-0.008831851867828533,0.019048194970694432,-0.011128890694709348,0.014657201141050475,-0.013659200675576244,0.056023983769336816,segment
"Toys, games and sporting goods",2007,4612,1925,PCU339920339920,partial,131.7,8.436416881388949,7.562681246721884,4.880526608749236,0.1086907149275369,0.11609614756415887,0.03791556674611041,-0.01299215829365341,0.015097624871593496,0.019048194970694432,0.007231851526494637,0.008267615676269102,-0.008831851867828533,0.004774550784436707,-0.03631584546065092,-0.027619707338399024,segment
"Toys, games and sporting goods",2008,4363,1860,PCU339920339920,partial,130.0,8.38091517312361,7.528331766707247,4.867534450455582,-0.05550170826533929,-0.03434948001463756,-0.01299215829365341,0.019048194970694432,0.03791556674611041,0.008267615676269102,0.015097624871593496,-0.010534333684959485,0.007231851526494637,0.00559382565400135,0.1086907149275369,0.11609614756415887,segment
"Toys, games and sporting goods",2009,4075,1785,PCU339920339920,partial,132.5,8.312626025674962,7.487173694213739,4.886582645426277,-0.06828914744864711,-0.04115807249350745,0.019048194970694432,0.008267615676269102,-0.01299215829365341,-0.010534333684959485,0.03791556674611041,0.017991489793041104,0.015097624871593496,0.005241590594783574,-0.05550170826533929,-0.03434948001463756,segment
"Toys, games and sporting goods",2010,4497,1853,PCU339920339920,partial,133.6,8.411165786770708,7.52456122628536,4.894850261102546,0.09853976109574525,0.03738753207162038,0.008267615676269102,-0.010534333684959485,0.019048194970694432,0.017991489793041104,-0.01299215829365341,0.014749529926062266,0.03791556674611041,0.007402228678047962,-0.06828914744864711,-0.04115807249350745,segment
"Toys, games and sporting goods",2011,4712,2015,PCU339920339920,partial,132.2,8.457867725331422,7.608374474380783,4.884315927417586,0.04670193856071414,0.08381324809542345,-0.010534333684959485,0.017991489793041104,0.008267615676269102,0.014749529926062266,0.019048194970694432,0.03382834255379219,-0.01299215829365341,0.02218978742429852,0.09853976109574525,0.03738753207162038,segment
"Toys, games and sporting goods",2012,4780,2027,PCU339920339920,partial,134.6,8.472195825485501,7.614312146452,4.902307417210627,0.014328100154079593,0.00593767207121676,0.017991489793041104,0.014749529926062266,-0.010534333684959485,0.03382834255379219,0.008267615676269102,0.017538155596464655,0.019048194970694432,0.022038676025439703,0.04670193856071414,0.08381324809542345,segment
"Toys, games and sporting goods",2013,4872,2151,PCU339920339920,partial,136.6,8.491259809389733,7.67368812926773,4.91705694713669,0.019063983904231918,0.05937598281573031,0.014749529926062266,0.03382834255379219,0.017991489793041104,0.017538155596464655,-0.010534333684959485,0.011065119812472268,0.008267615676269102,0.020810539320909704,0.014328100154079593,0.00593767207121676,segment
"Toys, games and sporting goods",2014,4900,2179,PCU339920339920,partial,141.3,8.496990484098719,7.68662133494462,4.950885289690482,0.005730674708985362,0.012933205676890047,0.03382834255379219,0.017538155596464655,0.014749529926062266,0.011065119812472268,0.017991489793041104,-0.013850636933899096,-0.010534333684959485,0.004917546158345942,0.019063983904231918,0.05937598281573031,segment
"Toys, games and sporting goods",2015,5339,2705,PCU339920339920,partial,143.8,8.582793648500186,7.902857191280582,4.9684234452869465,0.08580316440146696,0.21623585633596143,0.017538155596464655,0.011065119812472268,0.03382834255379219,-0.013850636933899096,0.014749529926062266,0.010405921161116716,0.017991489793041104,0.002540134679896629,0.005730674708985362,0.012933205676890047,segment
"Toys, games and sporting goods",2016,6198,3318,PCU339920339920,partial,145.4,8.731981938347694,8.10711747075039,4.979488565099419,0.14918828984750832,0.20426027946980874,0.011065119812472268,-0.013850636933899096,0.017538155596464655,0.010405921161116716,0.03382834255379219,,0.014749529926062266,,0.08580316440146696,0.21623585633596143,segment
"Toys, games and sporting goods",2017,6951,4390,PCU339920339920,partial,143.4,8.846640813100485,8.387084506069217,4.96563792816552,0.11465887475279146,0.27996703531882616,-0.013850636933899096,0.010405921161116716,0.011065119812472268,,0.017538155596464655,,0.03382834255379219,,0.14918828984750832,0.20426027946980874,segment
"Toys, games and sporting goods",2018,1570,1070,PCU339920339920,partial,144.9,7.358830898342354,6.975413927455952,4.976043849326636,-1.4878099147581318,-1.4116705786132648,0.010405921161116716,,-0.013850636933899096,,0.011065119812472268,,0.017538155596464655,,0.11465887475279146,0.27996703531882616,segment
