unit,year,filings,first_filers,series_id,fit,ppi,lf,lff,lp,g_filings,g_first,pi,pi_f1,pi_l1,pi_f2,pi_l2,pi_f3,pi_l3,pi_f123,g_filings_l1,g_first_l1
001,1980,1402,501,WPU061,good,91.9,7.2456550675945355,6.2166061010848646,4.520701029361642,,,,0.11499836166127242,,-0.030529205034822482,,-0.027371196796132757,,0.019032653276772393,,
001,1981,1649,604,WPU061,good,103.1,7.407924322559599,6.403574197934815,4.635699391022914,0.1622692549650635,0.18696809684995053,0.11499836166127242,-0.030529205034822482,,-0.027371196796132757,,-0.005151994909427415,,-0.02101746558012755,,
001,1982,2053,670,WPU061,good,100.0,7.627057417018934,6.507277712385012,4.605170185988092,0.21913309445933482,0.10370351445019654,-0.030529205034822482,-0.027371196796132757,0.11499836166127242,-0.005151994909427415,,-0.008298802814695527,,-0.0136073315067519,0.1622692549650635,0.18696809684995053
001,1983,1590,568,WPU061,good,97.3,7.371489295214277,6.342121418721152,4.577798989191959,-0.2555681218046564,-0.16515629366385998,-0.027371196796132757,-0.005151994909427415,-0.030529205034822482,-0.008298802814695527,0.11499836166127242,-0.04800921918636014,,-0.02048667230349436,0.21913309445933482,0.10370351445019654
001,1984,1681,594,WPU061,good,96.8,7.427144133408616,6.386879319362645,4.572646994282532,0.055654838194338474,0.04475790064149354,-0.005151994909427415,-0.008298802814695527,-0.027371196796132757,-0.04800921918636014,-0.030529205034822482,0.04278727520520853,0.11499836166127242,-0.004506915598615713,-0.2555681218046564,-0.16515629366385998
001,1985,1716,573,WPU061,good,96.0,7.447751280047908,6.35088571671474,4.564348191467836,0.020607146639291862,-0.0359936026479053,-0.008298802814695527,-0.04800921918636014,-0.005151994909427415,0.04278727520520853,-0.027371196796132757,0.11183167903941005,-0.030529205034822482,0.03553657835275281,0.055654838194338474,0.04475790064149354
001,1986,1739,588,WPU061,good,91.5,7.461065514354283,6.376726947898627,4.516338972281476,0.013314234306375461,0.025841231183886926,-0.04800921918636014,0.04278727520520853,-0.008298802814695527,0.11183167903941005,-0.005151994909427415,0.07223355735937176,-0.027371196796132757,0.07561750386799677,0.020607146639291862,-0.0359936026479053
001,1987,1795,598,WPU061,good,95.5,7.492760300922379,6.393590753950631,4.5591262474866845,0.03169478656809588,0.01686380605200455,0.04278727520520853,0.11183167903941005,-0.04800921918636014,0.07223355735937176,-0.008298802814695527,-0.0140353181163837,-0.005151994909427415,0.056676639427466036,0.013314234306375461,0.025841231183886926
001,1988,1947,677,WPU061,good,106.8,7.5740450053721995,6.517671272912275,4.6709579265260945,0.08128470444982039,0.12408051896164363,0.11183167903941005,0.07223355735937176,0.04278727520520853,-0.0140353181163837,-0.04800921918636014,-0.012444605048083979,-0.008298802814695527,0.01525121139830136,0.03169478656809588,0.01686380605200455
001,1989,2279,717,WPU061,good,114.8,7.731492029245684,6.57507584059962,4.743191483885466,0.15744702387348486,0.05740456768734514,0.07223355735937176,-0.0140353181163837,0.11183167903941005,-0.012444605048083979,0.04278727520520853,-0.02261516553850562,-0.04800921918636014,-0.016365029567657764,0.08128470444982039,0.12408051896164363
001,1990,2855,967,WPU061,good,113.2,7.956827122090111,6.874198495453294,4.729156165769083,0.22533509284442665,0.29912265485367406,-0.0140353181163837,-0.012444605048083979,0.07223355735937176,-0.02261516553850562,0.11183167903941005,0.01001373866050237,0.04278727520520853,-0.008348677308695743,0.15744702387348486,0.05740456768734514
001,1991,2653,889,WPU061,good,111.8,7.88344635413774,6.790097235513905,4.716711560720999,-0.07338076795237125,-0.08410125993938955,-0.012444605048083979,-0.02261516553850562,-0.0140353181163837,0.01001373866050237,0.07223355735937176,0.034716436957769936,0.11183167903941005,0.007371670026588895,0.22533509284442665,0.29912265485367406
001,1992,2554,828,WPU061,good,109.3,7.845416036592485,6.71901315438526,4.694096395182493,-0.03803031754525499,-0.07108408112864506,-0.02261516553850562,0.01001373866050237,-0.012444605048083979,0.034716436957769936,-0.0140353181163837,0.11632382045509537,0.07223355735937176,0.05368466535778922,-0.07338076795237125,-0.08410125993938955
001,1993,2785,847,WPU061,good,110.4,7.932003152361385,6.741700694652055,4.704110133842995,0.08658711576889999,0.022687540266795203,0.01001373866050237,0.034716436957769936,-0.02261516553850562,0.11632382045509537,-0.012444605048083979,-0.013328303928767049,-0.0140353181163837,0.045903984494699415,-0.03803031754525499,-0.07108408112864506
001,1994,2752,885,WPU061,good,114.3,7.920083199053234,6.785587645007929,4.738826570800765,-0.011919953308150433,0.04388695035587453,0.034716436957769936,0.11632382045509537,0.01001373866050237,-0.013328303928767049,-0.02261516553850562,-0.0023706056143364407,-0.012444605048083979,0.03354163697066396,0.08658711576889999,0.022687540266795203
001,1995,3094,980,WPU061,good,128.4,8.037220031133012,6.887552571664617,4.855150391255861,0.11713683207977788,0.10196492665668799,0.11632382045509537,-0.013328303928767049,0.034716436957769936,-0.0023706056143364407,0.01001373866050237,-0.04036060308735934,-0.02261516553850562,-0.018686504210154276,-0.011919953308150433,0.04388695035587453
001,1996,2982,960,WPU061,good,126.7,8.000349495324684,6.866933284461882,4.841822087327094,-0.03687053580832789,-0.020619287202735315,-0.013328303928767049,-0.0023706056143364407,0.11632382045509537,-0.04036060308735934,0.034716436957769936,-0.020808074928661213,0.01001373866050237,-0.021179761210118997,0.11713683207977788,0.10196492665668799
001,1997,3431,1085,WPU061,good,126.4,8.14060704285845,6.98933526597456,4.839451481712757,0.14025754753376596,0.12240198151267823,-0.0023706056143364407,-0.04036060308735934,-0.013328303928767049,-0.020808074928661213,0.11632382045509537,0.08230449415585994,0.034716436957769936,0.00704527204661313,-0.03687053580832789,-0.020619287202735315
001,1998,3713,1170,WPU061,good,121.4,8.21959545417708,7.064759027791802,4.799090878625398,0.07898841131862966,0.07542376181724197,-0.04036060308735934,-0.020808074928661213,-0.0023706056143364407,0.08230449415585994,-0.013328303928767049,-0.005436906596735902,0.11632382045509537,0.018686504210154276,0.14025754753376596,0.12240198151267823
001,1999,3972,1306,WPU061,good,118.9,8.287025025165063,7.174724309836376,4.778282803696737,0.06742957098798286,0.10996528204457423,-0.020808074928661213,0.08230449415585994,-0.04036060308735934,-0.005436906596735902,-0.0023706056143364407,-0.008603885692499702,-0.013328303928767049,0.022754567288874778,0.07898841131862966,0.07542376181724197
001,2000,4032,1341,WPU061,good,129.1,8.302017809751204,7.201170883281678,4.860587297852597,0.014992784586141283,0.02644657344530188,0.08230449415585994,-0.005436906596735902,-0.020808074928661213,-0.008603885692499702,-0.04036060308735934,0.10716564113327376,-0.0023706056143364407,0.03104161628134605,0.06742957098798286,0.10996528204457423
001,2001,4115,1240,WPU061,good,128.4,8.32239411311117,7.122866658599083,4.855150391255861,0.02037630335996532,-0.07830422468259535,-0.005436906596735902,-0.008603885692499702,0.08230449415585994,0.10716564113327376,-0.020808074928661213,0.13881030687180562,-0.04036060308735934,0.07912402077085989,0.014992784586141283,0.02644657344530188
001,2002,3855,1200,WPU061,good,127.3,8.25712628599743,7.090076835776092,4.846546505563361,-0.06526782711373968,-0.032789822822991255,-0.008603885692499702,0.10716564113327376,-0.005436906596735902,0.13881030687180562,0.08230449415585994,0.14657555331962513,-0.020808074928661213,0.13085050044156815,0.02037630335996532,-0.07830422468259535
001,2003,3934,1237,WPU061,good,141.7,8.277411998949004,7.1204443723924875,4.953712146696635,0.020285712951574553,0.030367536616395796,0.10716564113327376,0.13881030687180562,-0.008603885692499702,0.14657555331962513,-0.005436906596735902,0.11937328247971823,0.08230449415585994,0.13491971422371632,-0.06526782711373968,-0.032789822822991255
001,2004,4196,1343,WPU061,good,162.8,8.341886969516187,7.202661196523238,5.09252245356844,0.06447497056718277,0.08221682413075015,0.13881030687180562,0.14657555331962513,0.10716564113327376,0.11937328247971823,-0.008603885692499702,0.06383205696124428,-0.005436906596735902,0.10992696425352921,0.020285712951574553,0.030367536616395796
001,2005,4263,1421,WPU061,good,188.5,8.35772841676521,7.259116128097101,5.2390980068880655,0.015841447249023588,0.05645493157386294,0.14657555331962513,0.11937328247971823,0.13881030687180562,0.06383205696124428,0.10716564113327376,0.19301214700484248,-0.008603885692499702,0.12540582881526832,0.06447497056718277,0.08221682413075015
001,2006,4502,1426,WPU061,good,212.4,8.412277021466677,7.262628600974241,5.358471289367784,0.054548604701466274,0.0035124728771407376,0.11937328247971823,0.06383205696124428,0.14657555331962513,0.19301214700484248,0.13881030687180562,-0.15956711883700514,0.10716564113327376,0.032425695043027204,0.015841447249023588,0.05645493157386294
001,2007,4810,1529,WPU061,good,226.4,8.478452363099807,7.332369205929062,5.422303346329028,0.0661753416331301,0.06974060495482082,0.06383205696124428,0.19301214700484248,0.11937328247971823,-0.15956711883700514,0.14657555331962513,0.1397062232737074,0.13881030687180562,0.05771708381384825,0.054548604701466274,0.0035124728771407376
001,2008,4947,1500,WPU061,good,274.6,8.506536611227709,7.313220387090301,5.6153154933338705,0.028084248127902,-0.01914881883876074,0.19301214700484248,-0.15956711883700514,0.06383205696124428,0.1397062232737074,0.11937328247971823,0.1874470813382274,0.14657555331962513,0.05586206192497656,0.0661753416331301,0.06974060495482082
001,2009,4412,1377,WPU061,good,234.1,8.392083380373393,7.227662498728654,5.455748374496865,-0.11445323085431625,-0.08555788836164702,-0.15956711883700514,0.1397062232737074,0.19301214700484248,0.1874470813382274,0.06383205696124428,-0.05637971748310999,0.11937328247971823,0.09025786237627494,0.028084248127902,-0.01914881883876074
001,2010,4821,1525,WPU061,good,269.2,8.480736654405622,7.329749689041512,5.595454597770573,0.08865327403222878,0.10208719031285796,0.1397062232737074,0.1874470813382274,-0.15956711883700514,-0.05637971748310999,0.19301214700484248,-0.018747465699951782,0.06383205696124428,0.037439966051721875,-0.11445323085431625,-0.08555788836164702
001,2011,5120,1573,WPU061,good,324.7,8.540909718033554,7.360739903058278,5.7829016791088,0.060173063627932066,0.030990214016765272,0.1874470813382274,-0.05637971748310999,0.1397062232737074,-0.018747465699951782,-0.15956711883700514,-0.04169388845354849,0.19301214700484248,-0.038940357212203416,0.08865327403222878,0.10208719031285796
001,2012,5170,1601,WPU061,good,306.9,8.550627967502475,7.3783837129967145,5.72652196162569,0.009718249468921414,0.01764380993843684,-0.05637971748310999,-0.018747465699951782,0.1874470813382274,-0.04169388845354849,0.1397062232737074,-0.17631677635319765,-0.15956711883700514,-0.07891937683556596,0.060173063627932066,0.030990214016765272
001,2013,5177,1637,WPU061,good,301.2,8.551981016901902,7.400620577371135,5.707774495925738,0.001353049399426709,0.022236864374420406,-0.018747465699951782,-0.04169388845354849,-0.05637971748310999,-0.17631677635319765,0.1874470813382274,-0.059979701828649645,0.1397062232737074,-0.09266345554513192,0.009718249468921414,0.01764380993843684
001,2014,5778,1804,WPU061,good,288.9,8.661812881026181,7.4977617006225685,5.66608060747219,0.10983186412427948,0.09714112325143365,-0.04169388845354849,-0.17631677635319765,-0.018747465699951782,-0.059979701828649645,-0.05637971748310999,0.107550137728194,0.1874470813382274,-0.04291544681788443,0.001353049399426709,0.022236864374420406
001,2015,5798,1747,WPU061,good,242.2,8.6652683094816,7.465655310134056,5.489763831118992,0.0034554284554193515,-0.03210639048851238,-0.17631677635319765,-0.059979701828649645,-0.04169388845354849,0.107550137728194,-0.018747465699951782,0.07579383936953388,-0.05637971748310999,0.04112142508969274,0.10983186412427948,0.09714112325143365
001,2016,5726,1700,WPU061,good,228.1,8.65277248565806,7.438383530044307,5.429784129290343,-0.01249582382354042,-0.027271780089749065,-0.059979701828649645,0.107550137728194,-0.17631677635319765,0.07579383936953388,-0.04169388845354849,-0.08132089647167984,-0.018747465699951782,0.03400769354201601,0.0034554284554193515,-0.03210639048851238
001,2017,6280,1815,WPU061,good,254.0,8.745125259462244,7.503840746698951,5.537334267018537,0.09235277380418339,0.06545721665464388,0.107550137728194,0.07579383936953388,-0.059979701828649645,-0.08132089647167984,-0.17631677635319765,-0.10994565727689931,-0.04169388845354849,-0.03849090479301509,-0.01249582382354042,-0.027271780089749065
001,2018,6018,1804,WPU061,good,274.0,8.70251025718999,7.4977617006225685,5.6131281063880705,-0.04261500227225312,-0.006079046076382433,0.07579383936953388,-0.08132089647167984,0.107550137728194,-0.10994565727689931,-0.059979701828649645,0.3124727585445495,-0.17631677635319765,0.04040206826532344,0.09235277380418339,0.06545721665464388
001,2019,6967,2009,WPU061,good,252.6,8.848939995030118,7.605392364814935,5.531807209916391,0.14642973784012803,0.10763066419236633,-0.08132089647167984,-0.10994565727689931,0.07579383936953388,0.3124727585445495,0.107550137728194,0.13390271843769064,-0.059979701828649645,0.1121432732351136,-0.04261500227225312,-0.006079046076382433
001,2020,7276,2157,WPU061,good,226.3,8.892336539638013,7.676473646389156,5.421861552639491,0.04339654460789433,0.07108128157422122,-0.10994565727689931,0.3124727585445495,-0.08132089647167984,0.13390271843769064,0.07579383936953388,-0.10512331823069943,0.107550137728194,0.11375071958384689,0.14642973784012803,0.10763066419236633
001,2021,7455,2257,WPU061,good,309.307,8.916640227198839,7.721791776817535,5.734334311184041,0.024303687560825793,0.04531813042837918,0.3124727585445495,0.13390271843769064,-0.10994565727689931,-0.10512331823069943,-0.08132089647167984,-0.053730284725185484,0.07579383936953388,-0.008316961506064757,0.04339654460789433,0.07108128157422122
001,2022,6838,2060,WPU061,good,353.625,8.830250570199247,7.630461261783627,5.868237029621731,-0.08638965699959122,-0.0913305150339081,0.13390271843769064,-0.10512331823069943,0.3124727585445495,-0.053730284725185484,-0.10994565727689931,-0.012340276997789168,-0.08132089647167984,-0.05706462665122469,0.024303687560825793,0.04531813042837918
001,2023,6649,2088,WPU061,good,318.338,8.802221746402456,7.643961949002529,5.763113711391032,-0.028028823796791613,0.013500687218901852,-0.10512331823069943,-0.053730284725185484,0.13390271843769064,-0.012340276997789168,0.3124727585445495,,-0.10994565727689931,,-0.08638965699959122,-0.0913305150339081
001,2024,6809,2225,WPU061,good,301.685,8.826000545482966,7.707512194600341,5.7093834266658465,0.023778799080510282,0.06355024559781164,-0.053730284725185484,-0.012340276997789168,-0.10512331823069943,,0.13390271843769064,,0.3124727585445495,,-0.028028823796791613,0.013500687218901852
001,2025,6834,2286,WPU061,good,297.985,8.829665432675236,7.734558844354756,5.697043149668057,0.0036648871922704274,0.027046649754415064,-0.012340276997789168,,-0.053730284725185484,,-0.10512331823069943,,0.13390271843769064,,0.023778799080510282,0.06355024559781164
002,1984,458,166,PCU325510325510,good,102.9,6.126869184114185,5.111987788356544,4.633757642840004,,,,0.01924987256224764,,0.012316593405587106,,0.00937213982886309,,0.01364620193223261,,
002,1985,546,183,PCU325510325510,good,104.9,6.302618975744905,5.209486152841421,4.653007515402251,0.1757497916307198,0.0974983644848777,0.01924987256224764,0.012316593405587106,,0.00937213982886309,,0.041120457438453606,,0.020936396890967934,,
002,1986,456,171,PCU325510325510,good,106.2,6.1224928095143865,5.14166355650266,4.665324108807838,-0.1801261662305187,-0.06782259633876109,0.012316593405587106,0.00937213982886309,0.01924987256224764,0.041120457438453606,,0.0674996652964106,,0.0393307541879091,0.1757497916307198,0.0974983644848777
002,1987,440,176,PCU325510325510,good,107.2,6.0867747269123065,5.170483995038151,4.674696248636701,-0.03571808260207998,0.0288204385354911,0.00937213982886309,0.041120457438453606,0.012316593405587106,0.0674996652964106,0.01924987256224764,0.04499736593073589,,0.05120582955520003,-0.1801261662305187,-0.06782259633876109
002,1988,475,170,PCU325510325510,good,111.7,6.163314804034641,5.135798437050262,4.715816706075155,0.0765400771223348,-0.034685557987889304,0.041120457438453606,0.0674996652964106,0.00937213982886309,0.04499736593073589,0.012316593405587106,0.041525746828497745,0.01924987256224764,0.051340926018548075,-0.03571808260207998,0.0288204385354911
002,1989,611,222,PCU325510325510,good,119.5,6.415096959171596,5.402677381872279,4.783316371371566,0.25178215513695434,0.26687894482201724,0.0674996652964106,0.04499736593073589,0.041120457438453606,0.041525746828497745,0.00937213982886309,0.015232586990110875,0.012316593405587106,0.03391856658311483,0.0765400771223348,-0.034685557987889304
002,1990,760,256,PCU325510325510,good,125.0,6.633318433280377,5.545177444479562,4.8283137373023015,0.21822147410878134,0.14250006260728298,0.04499736593073589,0.041525746828497745,0.0674996652964106,0.015232586990110875,0.041120457438453606,0.009029406719394117,0.00937213982886309,0.02192924684600091,0.25178215513695434,0.26687894482201724
002,1991,719,238,PCU325510325510,good,130.3,6.577861357721047,5.472270673671475,4.869839484130799,-0.055457075559329994,-0.07290677080808727,0.041525746828497745,0.015232586990110875,0.04499736593073589,0.009029406719394117,0.0674996652964106,0.01855340789574811,0.041120457438453606,0.014271800535084367,0.21822147410878134,0.14250006260728298
002,1992,774,285,PCU325510325510,good,132.3,6.651571873589727,5.652489180268651,4.88507207112091,0.07371051586868038,0.18021850659717575,0.015232586990110875,0.009029406719394117,0.041525746828497745,0.01855340789574811,0.04499736593073589,0.05088880082635239,0.0674996652964106,0.02615720514716487,-0.055457075559329994,-0.07290677080808727
002,1993,876,288,PCU325510325510,good,133.5,6.775366090936392,5.662960480135946,4.894101477840304,0.1237942173466644,0.010471299867295336,0.009029406719394117,0.01855340789574811,0.015232586990110875,0.05088880082635239,0.041525746828497745,0.029606293192831146,0.04499736593073589,0.03301616730497721,0.07371051586868038,0.18021850659717575
002,1994,785,257,PCU325510325510,good,136.0,6.665683717782408,5.54907608489522,4.912654885736052,-0.10968237315398355,-0.11388439524072602,0.01855340789574811,0.05088880082635239,0.009029406719394117,0.029606293192831146,0.015232586990110875,0.031388219510010806,0.041525746828497745,0.03729443784306478,0.1237942173466644,0.010471299867295336
002,1995,1032,321,PCU325510325510,good,143.1,6.939253946041508,5.771441123130016,4.963543686562405,0.27357022825909993,0.2223650382347957,0.05088880082635239,0.029606293192831146,0.01855340789574811,0.031388219510010806,0.009029406719394117,0.01824154815757595,0.015232586990110875,0.026412020286805966,-0.10968237315398355,-0.11388439524072602
002,1996,919,328,PCU325510325510,good,147.4,6.823286122355687,5.793013608384144,4.993149979755236,-0.11596782368582126,0.02157248525412836,0.029606293192831146,0.031388219510010806,0.05088880082635239,0.01824154815757595,0.01855340789574811,0.015375062641409976,0.009029406719394117,0.021668276769665575,0.27357022825909993,0.2223650382347957
002,1997,953,324,PCU325510325510,good,152.1,6.859614903654202,5.780743515792329,5.024538199265247,0.03632878129851491,-0.012270092591815107,0.031388219510010806,0.01824154815757595,0.029606293192831146,0.015375062641409976,0.05088880082635239,0.020139132505837765,0.01855340789574811,0.017918581101607895,-0.11596782368582126,0.02157248525412836
002,1998,1098,400,PCU325510325510,good,154.9,7.001245622069476,5.991464547107982,5.042779747422823,0.14163071841527408,0.21072103131565267,0.01824154815757595,0.015375062641409976,0.031388219510010806,0.020139132505837765,0.029606293192831146,0.020962543179713578,0.05088880082635239,0.01882557944232044,0.03632878129851491,-0.012270092591815107
002,1999,1206,451,PCU325510325510,good,157.3,7.095064377287131,6.111467339502679,5.058154810064233,0.09381875521765526,0.12000279239469691,0.015375062641409976,0.020139132505837765,0.01824154815757595,0.020962543179713578,0.031388219510010806,0.01152575695141067,0.029606293192831146,0.017542477545654002,0.14163071841527408,0.21072103131565267
002,2000,1227,451,PCU325510325510,good,160.5,7.112327444710911,6.111467339502679,5.07829394257007,0.017263067423780143,0.0,0.020139132505837765,0.020962543179713578,0.015375062641409976,0.01152575695141067,0.01824154815757595,0.019708013203340258,0.031388219510010806,0.017398771111488166,0.09381875521765526,0.12000279239469691
002,2001,1108,433,PCU325510325510,good,163.9,7.010311867307229,6.07073772800249,5.099256485749784,-0.10201557740368195,-0.040729611500188945,0.020962543179713578,0.01152575695141067,0.020139132505837765,0.019708013203340258,0.015375062641409976,0.03257996123547624,0.01824154815757595,0.02127124379674239,0.017263067423780143,0.0
002,2002,1129,389,PCU325510325510,good,165.8,7.029087564149662,5.963579343618446,5.110782242701195,0.01877569684243241,-0.10715838438404379,0.01152575695141067,0.019708013203340258,0.020962543179713578,0.03257996123547624,0.020139132505837765,0.06910734690348086,0.015375062641409976,0.04046510711409912,-0.10201557740368195,-0.040729611500188945
002,2003,1301,469,PCU325510325510,good,169.1,7.170888478512505,6.150602768446279,5.130490255904535,0.14180091436284314,0.1870234248278333,0.019708013203340258,0.03257996123547624,0.01152575695141067,0.06910734690348086,0.020962543179713578,0.07013182377408178,0.020139132505837765,0.05727304397101296,0.01877569684243241,-0.10715838438404379
002,2004,1400,450,PCU325510325510,good,174.7,7.24422751560335,6.1092475827643655,5.163070217140011,0.07333903709084488,-0.04135518568191365,0.03257996123547624,0.06910734690348086,0.019708013203340258,0.07013182377408178,0.01152575695141067,0.04002486414723716,0.020962543179713578,0.05975467827493326,0.14180091436284314,0.1870234248278333
002,2005,1441,523,PCU325510325510,good,187.2,7.273092595999522,6.259581464064923,5.232177564043492,0.028865080396172083,0.1503338813005577,0.06910734690348086,0.07013182377408178,0.03257996123547624,0.04002486414723716,0.019708013203340258,0.06573397854234475,0.01152575695141067,0.05863022215455456,0.07333903709084488,-0.04135518568191365
002,2006,1353,470,PCU325510325510,good,200.8,7.210079628170788,6.152732694704104,5.302309387817574,-0.06301296782873411,-0.10684876936081888,0.07013182377408178,0.04002486414723716,0.06910734690348086,0.06573397854234475,0.03257996123547624,0.059147672502694704,0.019708013203340258,0.054968838397425536,0.028865080396172083,0.1503338813005577
002,2007,1451,491,PCU325510325510,good,209.0,7.280008252884188,6.19644412779452,5.342334251964811,0.06992862471340011,0.04371143309041603,0.04002486414723716,0.06573397854234475,0.07013182377408178,0.059147672502694704,0.06910734690348086,0.0021092604318670993,0.03257996123547624,0.04233030382563552,-0.06301296782873411,-0.10684876936081888
002,2008,1469,524,PCU325510325510,good,223.2,7.292337176173877,6.261491684321042,5.408068230507156,0.012328923289689264,0.06504755652652161,0.06573397854234475,0.059147672502694704,0.04002486414723716,0.0021092604318670993,0.07013182377408178,0.050133751749855904,0.06910734690348086,0.03713022822813923,0.06992862471340011,0.04371143309041603
002,2009,1220,417,PCU325510325510,good,236.8,7.106606137727303,6.0330862217988015,5.46721590300985,-0.18573103844657446,-0.22840546252224048,0.059147672502694704,0.0021092604318670993,0.06573397854234475,0.050133751749855904,0.04002486414723716,0.07822202858208183,0.07013182377408178,0.043488346921268274,0.012328923289689264,0.06504755652652161
002,2010,1316,465,PCU325510325510,good,237.3,7.182352111885263,6.142037405587356,5.4693251634417175,0.07574597415796003,0.1089511837885544,0.0021092604318670993,0.050133751749855904,0.059147672502694704,0.07822202858208183,0.06573397854234475,0.012523183922979797,0.04002486414723716,0.04695965475163917,-0.18573103844657446,-0.22840546252224048
002,2011,1467,508,PCU325510325510,good,249.5,7.2909747781429814,6.230481447578482,5.519458915191573,0.10862266625771877,0.0884440419911261,0.050133751749855904,0.07822202858208183,0.0021092604318670993,0.012523183922979797,0.059147672502694704,0.008020458597919777,0.06573397854234475,0.03292189036766047,0.07574597415796003,0.1089511837885544
002,2012,1308,461,PCU325510325510,good,269.8,7.176254532017144,6.133398042996649,5.597680943773655,-0.1147202461258372,-0.0970834045818334,0.07822202858208183,0.012523183922979797,0.050133751749855904,0.008020458597919777,0.0021092604318670993,-0.010585972191256232,0.059147672502694704,0.0033192234432144474,0.10862266625771877,0.0884440419911261
002,2013,1346,453,PCU325510325510,good,273.2,7.204892510204673,6.115892125483034,5.610204127696635,0.028637978187529,-0.0175059175136143,0.012523183922979797,0.008020458597919777,0.07822202858208183,-0.010585972191256232,0.050133751749855904,-0.0055197932235975244,0.0021092604318670993,-0.0026951022723113263,-0.1147202461258372,-0.0970834045818334
002,2014,1595,552,PCU325510325510,good,275.4,7.374629015218945,6.313548046277095,5.618224586294555,0.16973650501427162,0.1976559207940607,0.008020458597919777,-0.010585972191256232,0.012523183922979797,-0.0055197932235975244,0.07822202858208183,0.011374182429038981,0.050133751749855904,-0.001577194328604925,0.028637978187529,-0.0175059175136143
002,2015,1590,550,PCU325510325510,good,272.5,7.371489295214277,6.309918278226516,5.607638614103299,-0.0031397200046674456,-0.0036297680505787966,-0.010585972191256232,-0.0055197932235975244,0.008020458597919777,0.011374182429038981,0.012523183922979797,0.03618521235426009,0.07822202858208183,0.014013200519900515,0.16973650501427162,0.1976559207940607
002,2016,1623,627,PCU325510325510,good,271.0,7.392031567514591,6.440946540632921,5.602118820879701,0.02054227230031369,0.13102826240640475,-0.0055197932235975244,0.011374182429038981,-0.010585972191256232,0.03618521235426009,0.008020458597919777,0.04338029563022516,0.012523183922979797,0.03031323013784141,-0.0031397200046674456,-0.0036297680505787966
002,2017,1746,640,PCU325510325510,good,274.1,7.465082736399547,6.461468176353717,5.61349300330874,0.07305116888495622,0.02052163572079646,0.011374182429038981,0.03618521235426009,-0.0055197932235975244,0.04338029563022516,-0.010585972191256232,0.01902276617767118,0.008020458597919777,0.032862758054052144,0.02054227230031369,0.13102826240640475
002,2018,1668,659,PCU325510325510,good,284.2,7.419380582918692,6.490723534502507,5.649678215663,-0.045702153480855046,0.029255358148789767,0.03618521235426009,0.04338029563022516,0.011374182429038981,0.01902276617767118,-0.0055197932235975244,0.07826108337941307,-0.010585972191256232,0.0468880483957698,0.07305116888495622,0.02052163572079646
002,2019,2072,781,PCU325510325510,good,296.8,7.6362696033793735,6.660575149839686,5.693058511293225,0.21688902046068126,0.16985161533717896,0.04338029563022516,0.01902276617767118,0.03618521235426009,0.07826108337941307,0.011374182429038981,0.2063982433580165,-0.0055197932235975244,0.10122736430503357,-0.045702153480855046,0.029255358148789767
002,2020,2190,910,PCU325510325510,good,302.5,7.691656822810547,6.813444599510896,5.7120812774708964,0.05538721943117331,0.15286944967120952,0.01902276617767118,0.07826108337941307,0.04338029563022516,0.2063982433580165,0.03618521235426009,0.0347880502960054,0.011374182429038981,0.10648245901114498,0.21688902046068126,0.16985161533717896
002,2021,2158,982,PCU325510325510,good,327.125,7.67693714581808,6.889591308354466,5.7903423608503095,-0.014719676992466901,0.07614670884357011,0.07826108337941307,0.2063982433580165,0.01902276617767118,0.0347880502960054,0.04338029563022516,-0.0055153485377612554,0.03618521235426009,0.0785569817054202,0.05538721943117331,0.15286944967120952
002,2022,1743,771,PCU325510325510,good,402.116,7.463363045520021,6.647688373563329,5.996740604208326,-0.21357410029805912,-0.24190293479113656,0.2063982433580165,0.0347880502960054,0.07826108337941307,-0.0055153485377612554,0.01902276617767118,0.018427867929657893,0.04338029563022516,0.015900189895967344,-0.014719676992466901,0.07614670884357011
002,2023,1888,923,PCU325510325510,good,416.351,7.543273346705446,6.827629234502852,6.031528654504331,0.07991030118542497,0.17994086093952255,0.0347880502960054,-0.0055153485377612554,0.2063982433580165,0.018427867929657893,0.07826108337941307,,0.01902276617767118,,-0.21357410029805912,-0.24190293479113656
002,2024,2004,981,PCU325510325510,good,414.061,7.602900462204755,6.8885724595653635,6.02601330596657,0.059627115499309546,0.06094322506251171,-0.0055153485377612554,0.018427867929657893,0.0347880502960054,,0.2063982433580165,,0.07826108337941307,,0.07991030118542497,0.17994086093952255
002,2025,2013,1007,PCU325510325510,good,421.762,7.607381425639791,6.914730892718563,6.044441173896228,0.00448096343503579,0.026158433153199212,0.018427867929657893,,-0.0055153485377612554,,0.0347880502960054,,0.2063982433580165,,0.059627115499309546,0.06094322506251171
003,1985,2742,970,PCU3256--3256--,good,102.5,7.91644286012226,6.877296071497429,4.629862798578463,,,,0.016449330740803347,,0.012398823596854847,,0.03812642159779411,,0.02232485864515077,,
003,1986,2721,1036,PCU3256--3256--,good,104.2,7.908754738783246,6.943122422819428,4.646312129319266,-0.007688121339013421,0.06582635132199943,0.016449330740803347,0.012398823596854847,,0.03812642159779411,,0.04023788235411452,,0.030254375849587824,,
003,1987,2821,1023,PCU3256--3256--,good,105.5,7.944846711001996,6.930494765951626,4.658710952916121,0.036091972218749824,-0.012627656867802095,0.012398823596854847,0.03812642159779411,0.016449330740803347,0.04023788235411452,,0.01478930827086522,,0.03105120407425795,-0.007688121339013421,0.06582635132199943
003,1988,3079,1052,PCU3256--3256--,good,109.6,8.0323601479245,6.9584483932976555,4.696837374513915,0.0875134369225039,0.027953627346029464,0.03812642159779411,0.04023788235411452,0.012398823596854847,0.01478930827086522,0.016449330740803347,0.01966715806442121,,0.024898116229800316,0.036091972218749824,-0.012627656867802095
003,1989,3519,1179,PCU3256--3256--,good,114.1,8.165932137321585,7.072421900537371,4.73707525686803,0.13357198939708503,0.11397350723971567,0.04023788235411452,0.01478930827086522,0.03812642159779411,0.01966715806442121,0.012398823596854847,0.020947561089768918,0.016449330740803347,0.018468009141685116,0.0875134369225039,0.027953627346029464
003,1990,4552,1600,PCU3256--3256--,good,115.8,8.423321975806166,7.3777589082278725,4.751864565138895,0.2573898384845812,0.3053370076905013,0.01478930827086522,0.01966715806442121,0.04023788235411452,0.020947561089768918,0.03812642159779411,0.0180777314199565,0.012398823596854847,0.019564150191382208,0.13357198939708503,0.11397350723971567
003,1991,4362,1396,PCU3256--3256--,good,118.1,8.380685946761574,7.241366283322318,4.771531723203316,-0.042636029044592405,-0.1363926249055547,0.01966715806442121,0.020947561089768918,0.01478930827086522,0.0180777314199565,0.04023788235411452,0.0016273396593753375,0.03812642159779411,0.01355087738970025,0.2573898384845812,0.3053370076905013
003,1992,4514,1390,PCU3256--3256--,good,120.6,8.414938957377482,7.237059026124737,4.792479284293085,0.0342530106159078,-0.004307257197580405,0.020947561089768918,0.0180777314199565,0.01966715806442121,0.0016273396593753375,0.01478930827086522,0.016129381929884445,0.04023788235411452,0.011944817669738761,-0.042636029044592405,-0.1363926249055547
003,1993,4782,1588,PCU3256--3256--,good,122.8,8.47261414801827,7.370230641807081,4.810557015713042,0.05767519064078819,0.13317161568234326,0.0180777314199565,0.0016273396593753375,0.020947561089768918,0.016129381929884445,0.01966715806442121,0.012718772407774637,0.01478930827086522,0.010158497999011473,0.0342530106159078,-0.004307257197580405
003,1994,5401,1711,PCU3256--3256--,good,123.0,8.594339400592892,7.444833273892193,4.812184355372417,0.12172525257462219,0.07460263208511275,0.0016273396593753375,0.016129381929884445,0.0180777314199565,0.012718772407774637,0.020947561089768918,0.0055139958532848254,0.01966715806442121,0.01145405006364797,0.05767519064078819,0.13317161568234326
003,1995,6079,1743,PCU3256--3256--,good,125.0,8.712595487748722,7.463363045520021,4.8283137373023015,0.1182560871558298,0.01852977162782743,0.016129381929884445,0.012718772407774637,0.0016273396593753375,0.0055139958532848254,0.0180777314199565,0.010937609038720097,0.020947561089768918,0.009723459099926519,0.12172525257462219,0.07460263208511275
003,1996,6245,1870,PCU3256--3256--,good,126.6,8.739536422559677,7.533693709848633,4.841032509710076,0.026940934810955497,0.0703306643286119,0.012718772407774637,0.0055139958532848254,0.016129381929884445,0.010937609038720097,0.0016273396593753375,0.012355369528718185,0.0180777314199565,0.009602324806907703,0.1182560871558298,0.01852977162782743
003,1997,6994,2043,PCU3256--3256--,good,127.3,8.852807917623322,7.622174594817622,4.846546505563361,0.11327149506364442,0.08848088496898932,0.0055139958532848254,0.010937609038720097,0.012718772407774637,0.012355369528718185,0.016129381929884445,0.01674316129547737,0.0016273396593753375,0.013345379954305217,0.026940934810955497,0.0703306643286119
003,1998,7275,2216,PCU3256--3256--,good,128.7,8.892199092039693,7.703459047867175,4.857484114602081,0.0393911744163713,0.08128445304955267,0.010937609038720097,0.012355369528718185,0.0055139958532848254,0.01674316129547737,0.012718772407774637,0.012748579111304892,0.016129381929884445,0.013949036645166816,0.11327149506364442,0.08848088496898932
003,1999,8501,2636,PCU3256--3256--,good,130.3,9.04793908261736,7.877017895622398,4.869839484130799,0.15573999057766663,0.17355884775522323,0.012355369528718185,0.01674316129547737,0.010937609038720097,0.012748579111304892,0.0055139958532848254,0.0,0.012718772407774637,0.009830580135594087,0.0393911744163713,0.08128445304955267
003,2000,8394,2621,PCU3256--3256--,good,132.5,9.035272443893536,7.8713112033234065,4.886582645426277,-0.012666638723823453,-0.005706692298991456,0.01674316129547737,0.012748579111304892,0.012355369528718185,0.0,0.010937609038720097,0.005202538676128299,0.0055139958532848254,0.005983705929144397,0.15573999057766663,0.17355884775522323
003,2001,8549,2404,PCU3256--3256--,good,134.2,9.053569596026234,7.784889295655098,4.8993312245375815,0.018297152132698002,-0.08642190766830815,0.012748579111304892,0.0,0.01674316129547737,0.005202538676128299,0.012355369528718185,0.014716969080693865,0.010937609038720097,0.006639835918940721,-0.012666638723823453,-0.005706692298991456
003,2002,9029,2660,PCU3256--3256--,good,134.2,9.10819689830748,7.886081401775745,4.8993312245375815,0.05462730228124535,0.10119210612064666,0.0,0.005202538676128299,0.012748579111304892,0.014716969080693865,0.01674316129547737,0.025956756479397214,0.012355369528718185,0.015292088078739791,0.018297152132698002,-0.08642190766830815
003,2003,9937,3032,PCU3256--3256--,good,134.9,9.204020443231363,8.016977746762262,4.90453376321371,0.09582354492388312,0.1308963449865166,0.005202538676128299,0.014716969080693865,0.0,0.025956756479397214,0.012748579111304892,0.028763820950863384,0.01674316129547737,0.02314584883698482,0.05462730228124535,0.10119210612064666
003,2004,11053,3551,PCU3256--3256--,good,136.9,9.310457163310955,8.174984532943087,4.919250732294404,0.10643672007959282,0.15800678618082564,0.014716969080693865,0.025956756479397214,0.005202538676128299,0.028763820950863384,0.0,0.017820896570111877,0.012748579111304892,0.02418049133345749,0.09582354492388312,0.1308963449865166
003,2005,12113,3601,PCU3256--3256--,good,140.5,9.402034535016803,8.188966863648876,4.945207488773801,0.09157737170584745,0.01398233070578847,0.025956756479397214,0.028763820950863384,0.014716969080693865,0.017820896570111877,0.005202538676128299,0.03864571509765913,0.0,0.028410144206211463,0.10643672007959282,0.15800678618082564
003,2006,11728,3817,PCU3256--3256--,good,144.6,9.369734424126433,8.247220052745229,4.973971309724664,-0.03230011089036999,0.05825318909635335,0.028763820950863384,0.017820896570111877,0.025956756479397214,0.03864571509765913,0.014716969080693865,0.025807883955872413,0.005202538676128299,0.027424831874547806,0.09157737170584745,0.01398233070578847
003,2007,12638,4200,PCU3256--3256--,good,147.2,9.444463427333401,8.34283980427146,4.991792206294776,0.07472900320696851,0.0956197515262307,0.017820896570111877,0.03864571509765913,0.028763820950863384,0.025807883955872413,0.025956756479397214,-0.0038289772370969644,0.014716969080693865,0.020208207272144858,-0.03230011089036999,0.05825318909635335
003,2008,12026,3943,PCU3256--3256--,good,153.0,9.394826251599515,8.279697133877628,5.030437921392435,-0.04963717573388671,-0.06314267039383203,0.03864571509765913,0.025807883955872413,0.017820896570111877,-0.0038289772370969644,0.028763820950863384,0.025253867321203494,0.025956756479397214,0.015744258013326313,0.07472900320696851,0.0956197515262307
003,2009,10868,3579,PCU3256--3256--,good,157.0,9.293577970546238,8.182838710766026,5.056245805348308,-0.10124828105327666,-0.09685842311160187,0.025807883955872413,-0.0038289772370969644,0.03864571509765913,0.025253867321203494,0.017820896570111877,0.03130049938470325,0.028763820950863384,0.017575129822936592,-0.04963717573388671,-0.06314267039383203
003,2010,11468,3775,PCU3256--3256--,good,156.4,9.34731582700326,8.236155661683124,5.052416828111211,0.05373785645702256,0.05331695091709854,-0.0038289772370969644,0.025253867321203494,0.025807883955872413,0.03130049938470325,0.03864571509765913,0.0036188218021315777,0.017820896570111877,0.02005772950267944,-0.10124828105327666,-0.09685842311160187
003,2011,12351,4066,PCU3256--3256--,good,160.4,9.421492310438014,8.310414994188292,5.077670695432414,0.07417648343475314,0.07425933250516792,0.025253867321203494,0.03130049938470325,-0.0038289772370969644,0.0036188218021315777,0.025807883955872413,0.014345733173167119,0.03864571509765913,0.016421684786667314,0.05373785645702256,0.05331695091709854
003,2012,12618,4396,PCU3256--3256--,good,165.5,9.442879644930755,8.388450315523512,5.1089711948171175,0.021387334492741772,0.07803532133521962,0.03130049938470325,0.0036188218021315777,0.025253867321203494,0.014345733173167119,-0.0038289772370969644,0.005917177028088361,0.025807883955872413,0.007960577334462352,0.07417648343475314,0.07425933250516792
003,2013,13096,4565,PCU3256--3256--,good,166.1,9.48006211905097,8.426173793029069,5.112590016619249,0.03718247412021469,0.0377234775055566,0.0036188218021315777,0.014345733173167119,0.03130049938470325,0.005917177028088361,0.025253867321203494,0.005295687574711216,-0.0038289772370969644,0.008519532591988899,0.021387334492741772,0.07803532133521962
003,2014,13915,4900,PCU3256--3256--,good,168.5,9.54072267395999,8.496990484098719,5.126935749792416,0.06066055490902045,0.07081669106965016,0.014345733173167119,0.005917177028088361,0.0036188218021315777,0.005295687574711216,0.03130049938470325,0.00701757265864611,0.025253867321203494,0.006076812420481895,0.03718247412021469,0.0377234775055566
003,2015,15359,5842,PCU3256--3256--,good,169.5,9.639456900415627,8.672828482947686,5.1328529268205045,0.09873422645563679,0.17583799884896756,0.005917177028088361,0.005295687574711216,0.014345733173167119,0.00701757265864611,0.0036188218021315777,0.020191052237944263,0.03130049938470325,0.010834770823767196,0.06066055490902045,0.07081669106965016
003,2016,16385,6530,PCU3256--3256--,good,170.4,9.704121561132915,8.784162222270476,5.138148614395216,0.0646646607172876,0.11133373932278978,0.005295687574711216,0.00701757265864611,0.005917177028088361,0.020191052237944263,0.014345733173167119,0.008530048878053087,0.0036188218021315777,0.011912891258214486,0.09873422645563679,0.17583799884896756
003,2017,19431,8338,PCU3256--3256--,good,171.6,9.874625007851026,9.028578658440741,5.145166187053862,0.17050344671811146,0.24441643617026543,0.00701757265864611,0.020191052237944263,0.005295687574711216,0.008530048878053087,0.005917177028088361,0.00226244440396961,0.014345733173167119,0.010327848506655652,0.0646646607172876,0.11133373932278978
003,2018,22309,9905,PCU3256--3256--,good,175.1,10.01274546347265,9.20079495913265,5.165357239291806,0.1381204556216229,0.1722163006919093,0.020191052237944263,0.008530048878053087,0.00701757265864611,0.00226244440396961,0.005295687574711216,0.029306452922920556,0.005917177028088361,0.01336631540164775,0.17050344671811146,0.24441643617026543
003,2019,25522,11715,PCU3256--3256--,good,176.6,10.147296104293922,9.368625350941896,5.173887288169859,0.13455064082127244,0.16783039180924497,0.008530048878053087,0.00226244440396961,0.020191052237944263,0.029306452922920556,0.00701757265864611,0.09441996551528042,0.005295687574711216,0.04199628761405686,0.1381204556216229,0.1722163006919093
003,2020,33800,19093,PCU3256--3256--,good,177.0,10.42821608147111,9.857077054713464,5.176149732573829,0.280919977177188,0.48845170377156855,0.00226244440396961,0.029306452922920556,0.008530048878053087,0.09441996551528042,0.020191052237944263,0.060589382050940443,0.00701757265864611,0.06143860016304714,0.13455064082127244,0.16783039180924497
003,2021,29229,15408,PCU3256--3256--,good,182.264,10.282916646093451,9.642642134037906,5.205456185496749,-0.14529943537765888,-0.2144349206755578,0.029306452922920556,0.09441996551528042,0.00226244440396961,0.060589382050940443,0.008530048878053087,0.013441564434653053,0.020191052237944263,0.05615030400029131,0.280919977177188,0.48845170377156855
003,2022,22580,11052,PCU3256--3256--,good,200.312,10.024819837703653,9.310366686043308,5.29987615101203,-0.25809680838979787,-0.33227544799459885,0.09441996551528042,0.060589382050940443,0.029306452922920556,0.013441564434653053,0.00226244440396961,0.01380297509070072,0.008530048878053087,0.02927797385876474,-0.14529943537765888,-0.2144349206755578
003,2023,23879,12259,PCU3256--3256--,good,212.824,10.080754690582811,9.414015640094995,5.36046553306297,0.055934852879158115,0.10364895405168717,0.060589382050940443,0.013441564434653053,0.09441996551528042,0.01380297509070072,0.029306452922920556,,0.00226244440396961,,-0.25809680838979787,-0.33227544799459885
003,2024,29337,15776,PCU3256--3256--,good,215.704,10.286604796980384,9.666245076842417,5.373907097497623,0.20585010639757328,0.25222943674742204,0.013441564434653053,0.01380297509070072,0.060589382050940443,,0.09441996551528042,,0.029306452922920556,,0.055934852879158115,0.10364895405168717
003,2025,33224,17712,PCU3256--3256--,good,218.702,10.411027785310589,9.781997654948418,5.387710072588324,0.12442298833020438,0.11575257810600093,0.01380297509070072,,0.013441564434653053,,0.060589382050940443,,0.09441996551528042,,0.20585010639757328,0.25222943674742204
004,1980,437,184,WPU0576,partial,87.8,6.07993319509559,5.214935757608986,4.475061500641071,,,,0.10273748855088805,,0.027371196796132757,,0.009950330853167877,,0.046686338733396227,,
004,1981,432,211,WPU0576,partial,97.3,6.068425588244111,5.351858133476067,4.577798989191959,-0.011507606851479224,0.13692237586708078,0.10273748855088805,0.027371196796132757,,0.009950330853167877,,0.04074278346234994,,0.026021437037216856,,
004,1982,444,213,WPU0576,partial,100.0,6.095824562432225,5.3612921657094255,4.605170185988092,0.02739897418811399,0.009434032233358813,0.027371196796132757,0.009950330853167877,0.10273748855088805,0.04074278346234994,,0.0018993358036523134,,0.01753081670639004,-0.011507606851479224,0.13692237586708078
004,1983,323,167,WPU0576,partial,101.0,5.777652323222656,5.117993812416755,4.61512051684126,-0.3181722392095683,-0.24329835329267002,0.009950330853167877,0.04074278346234994,0.027371196796132757,0.0018993358036523134,0.10273748855088805,-0.008575564702396399,,0.011355518187868618,0.02739897418811399,0.009434032233358813
004,1984,356,178,WPU0576,partial,105.2,5.87493073085203,5.181783550292085,4.65586330030361,0.09727840762937401,0.0637897378753296,0.04074278346234994,0.0018993358036523134,0.009950330853167877,-0.008575564702396399,0.027371196796132757,-0.056089466651043196,0.10273748855088805,-0.02092189851659576,-0.3181722392095683,-0.24329835329267002
004,1985,416,159,WPU0576,partial,105.4,6.030685260261263,5.0689042022202315,4.657762636107262,0.15575452940923284,-0.11287934807185351,0.0018993358036523134,-0.008575564702396399,0.04074278346234994,-0.056089466651043196,0.009950330853167877,0.0646650313534396,0.027371196796132757,0.0,0.09727840762937401,0.0637897378753296
004,1986,372,157,WPU0576,partial,104.5,5.918893854273146,5.056245805348308,4.6491870714048655,-0.1117914059881171,-0.012658396871923827,-0.008575564702396399,-0.056089466651043196,0.0018993358036523134,0.0646650313534396,0.04074278346234994,0.03907473840665343,0.009950330853167877,0.015883434369683275,0.15575452940923284,-0.11287934807185351
004,1987,362,180,WPU0576,partial,98.8,5.8916442118257715,5.19295685089021,4.593097604753822,-0.02724964244737471,0.13671104554190272,-0.056089466651043196,0.0646650313534396,-0.008575564702396399,0.03907473840665343,0.0018993358036523134,0.08647899685765026,0.04074278346234994,0.06340625553924775,-0.1117914059881171,-0.012658396871923827
004,1988,371,171,WPU0576,partial,105.4,5.916202062607435,5.14166355650266,4.657762636107262,0.024557850781663504,-0.05129329438755015,0.0646650313534396,0.03907473840665343,-0.056089466651043196,0.08647899685765026,-0.008575564702396399,0.09111730154428876,0.0018993358036523134,0.07222367893619748,-0.02724964244737471,0.13671104554190272
004,1989,464,211,WPU0576,partial,109.6,6.139884552226255,5.351858133476067,4.696837374513915,0.2236824896188203,0.21019457697340638,0.03907473840665343,0.08647899685765026,0.0646650313534396,0.09111730154428876,-0.056089466651043196,-0.0038270234233017675,-0.008575564702396399,0.05792309165954575,0.024557850781663504,-0.05129329438755015
004,1990,578,226,WPU0576,partial,119.5,6.359573868672378,5.420534999272286,4.783316371371566,0.21968931644612244,0.06867686579621957,0.08647899685765026,0.09111730154428876,0.03907473840665343,-0.0038270234233017675,0.0646650313534396,-0.005382558170154539,-0.056089466651043196,0.02730257331694415,0.2236824896188203,0.21019457697340638
004,1991,573,225,WPU0576,partial,130.9,6.35088571671474,5.41610040220442,4.874433672915854,-0.008688151957637835,-0.004434597067866086,0.09111730154428876,-0.0038270234233017675,0.08647899685765026,-0.005382558170154539,0.03907473840665343,-0.02973615027209675,0.0646650313534396,-0.012981910621851018,0.21968931644612244,0.06867686579621957
004,1992,564,217,WPU0576,partial,130.4,6.335054251498059,5.37989735354046,4.870606649492553,-0.015831465216680662,-0.0362030486639604,-0.0038270234233017675,-0.005382558170154539,0.09111730154428876,-0.02973615027209675,0.08647899685765026,0.00158730192057277,0.03907473840665343,-0.011177135507226172,-0.008688151957637835,-0.004434597067866086
004,1993,627,245,WPU0576,partial,129.7,6.440946540632921,5.501258210544727,4.865224091322398,0.1058922891348617,0.12136085700426769,-0.005382558170154539,-0.02973615027209675,-0.0038270234233017675,0.00158730192057277,0.09111730154428876,-0.0055666147720536685,0.08647899685765026,-0.011238487707859216,-0.015831465216680662,-0.0362030486639604
004,1994,664,294,WPU0576,partial,125.9,6.498282149476434,5.683579767338681,4.835487941050301,0.05733560884351263,0.182321556793954,-0.02973615027209675,0.00158730192057277,-0.005382558170154539,-0.0055666147720536685,-0.0038270234233017675,0.008733679968754515,0.09111730154428876,0.0015847890390912056,0.1058922891348617,0.12136085700426769
004,1995,813,317,WPU0576,partial,126.1,6.70073110954781,5.75890177387728,4.837075242970874,0.20244896007137658,0.07532200653859888,0.00158730192057277,-0.0055666147720536685,-0.02973615027209675,0.008733679968754515,-0.005382558170154539,-0.017544309650909362,-0.0038270234233017675,-0.0047924148180695045,0.05733560884351263,0.182321556793954
004,1996,923,360,WPU0576,partial,125.4,6.827629234502852,5.886104031450156,4.83150862819882,0.1268981249550416,0.1272022575728755,-0.0055666147720536685,0.008733679968754515,0.00158730192057277,-0.017544309650909362,-0.02973615027209675,0.07215226258588014,-0.005382558170154539,0.021113877634575097,0.20244896007137658,0.07532200653859888
004,1997,1004,380,WPU0576,partial,126.5,6.911747300251674,5.940171252720432,4.840242308167575,0.08411806574882252,0.054067221270275745,0.008733679968754515,-0.017544309650909362,-0.0055666147720536685,0.07215226258588014,0.00158730192057277,0.006713937939347936,-0.02973615027209675,0.02044063029143957,0.1268981249550416,0.1272022575728755
004,1998,1204,489,WPU0576,partial,124.3,7.093404625868766,6.192362489474872,4.822697998516666,0.1816573256170919,0.2521912367544408,-0.017544309650909362,0.07215226258588014,0.008733679968754515,0.006713937939347936,-0.0055666147720536685,0.05496683606116104,0.00158730192057277,0.04461101219546304,0.08411806574882252,0.054067221270275745
004,1999,1347,566,WPU0576,partial,133.6,7.205635176410364,6.338594078203183,4.894850261102546,0.11223055054159747,0.14623158872831077,0.07215226258588014,0.006713937939347936,-0.017544309650909362,0.05496683606116104,0.008733679968754515,0.08560292605257214,-0.0055666147720536685,0.049094566684360366,0.1816573256170919,0.2521912367544408
004,2000,1314,522,WPU0576,partial,134.5,7.1808311990445555,6.257667587882639,4.901564199041894,-0.024803977365808194,-0.080926490320544,0.006713937939347936,0.05496683606116104,0.07215226258588014,0.08560292605257214,-0.017544309650909362,0.08063883287747942,0.008733679968754515,0.07373619833040419,0.11223055054159747,0.14623158872831077
004,2001,1238,475,WPU0576,partial,142.1,7.121252453244542,6.163314804034641,4.956531035103055,-0.05957874580001388,-0.09435278384799783,0.05496683606116104,0.08560292605257214,0.006713937939347936,0.08063883287747942,0.07215226258588014,0.03972484937239518,-0.017544309650909362,0.06865553610081557,-0.024803977365808194,-0.080926490320544
004,2002,1259,498,WPU0576,partial,154.8,7.138073034044347,6.210600077024653,5.042133961155627,0.01682058079980564,0.047285272990011507,0.08560292605257214,0.08063883287747942,0.05496683606116104,0.03972484937239518,0.006713937939347936,0.15660226232506336,0.07215226258588014,0.09232198152497931,-0.05957874580001388,-0.09435278384799783
004,2003,1140,502,WPU0576,partial,167.8,7.038783541388542,6.218600119691729,5.122772794033106,-0.09928949265580567,0.008000042667076102,0.08063883287747942,0.03972484937239518,0.08560292605257214,0.15660226232506336,0.05496683606116104,0.21980792573540242,0.006713937939347936,0.13871167914428698,0.01682058079980564,0.047285272990011507
004,2004,1403,561,WPU0576,partial,174.6,7.246368080102461,6.329720905522696,5.162497643405501,0.20758453871391946,0.11112078583096707,0.03972484937239518,0.15660226232506336,0.08063883287747942,0.21980792573540242,0.08560292605257214,0.07202809282388145,0.05496683606116104,0.14947942696144906,-0.09928949265580567,0.008000042667076102
004,2005,1514,645,WPU0576,partial,204.2,7.322510433997394,6.4692503167957724,5.319099905730565,0.07614235389493285,0.1395294112730765,0.15660226232506336,0.21980792573540242,0.03972484937239518,0.07202809282388145,0.08063883287747942,0.15613428960227083,0.08560292605257214,0.14932343605385157,0.20758453871391946,0.11112078583096707
004,2006,1683,753,WPU0576,partial,254.4,7.428333194190806,6.6240652277998935,5.538907831465967,0.10582276019341208,0.15481491100412104,0.21980792573540242,0.07202809282388145,0.15660226232506336,0.15613428960227083,0.03972484937239518,0.017062613417739847,0.08063883287747942,0.08174166528129737,0.07614235389493285,0.1395294112730765
004,2007,1691,785,WPU0576,partial,273.4,7.43307534889858,6.665683717782408,5.610935924289849,0.004742154707773949,0.04161848998251472,0.07202809282388145,0.15613428960227083,0.21980792573540242,0.017062613417739847,0.15660226232506336,0.04745635183399788,0.03972484937239518,0.07355108495133618,0.10582276019341208,0.15481491100412104
004,2008,1780,781,WPU0576,partial,319.6,7.484368643286131,6.660575149839686,5.7670702138921195,0.051293294387551036,-0.005108567942722075,0.15613428960227083,0.017062613417739847,0.07202809282388145,0.04745635183399788,0.21980792573540242,0.16784353761330184,0.15660226232506336,0.07745416762167985,0.004742154707773949,0.04161848998251472
004,2009,1566,623,WPU0576,partial,325.1,7.356279876550748,6.434546518787453,5.784132827309859,-0.12808876673538272,-0.22602863105223303,0.017062613417739847,0.04745635183399788,0.15613428960227083,0.16784353761330184,0.07202809282388145,0.03628792160536065,0.21980792573540242,0.08386260368422012,0.051293294387551036,-0.005108567942722075
004,2010,1667,673,WPU0576,partial,340.9,7.418780882750794,6.511745329644728,5.831589179143857,0.06250100620004595,0.07719881085727476,0.04745635183399788,0.16784353761330184,0.017062613417739847,0.03628792160536065,0.15613428960227083,-0.03802554150390147,0.07202809282388145,0.05536863923825367,-0.12808876673538272,-0.22602863105223303
004,2011,1830,699,WPU0576,partial,403.2,7.512071245835466,6.54965074223381,5.999432716757159,0.0932903630846722,0.03790541258908231,0.16784353761330184,0.03628792160536065,0.04745635183399788,-0.03802554150390147,0.017062613417739847,0.0002484163470732881,0.15613428960227083,-0.0004964011838225109,0.06250100620004595,0.07719881085727476
004,2012,1630,714,WPU0576,partial,418.1,7.396335293800808,6.570882962339584,6.03572063836252,-0.11573595203465814,0.02123222010577397,0.03628792160536065,-0.03802554150390147,0.16784353761330184,0.0002484163470732881,0.04745635183399788,-0.03154039669308073,0.017062613417739847,-0.023105840616636304,0.0932903630846722,0.03790541258908231
004,2013,1696,796,WPU0576,partial,402.5,7.4360278163518485,6.679599185844383,5.997695096858618,0.03969252255104028,0.10871622350479893,-0.03802554150390147,0.0002484163470732881,0.03628792160536065,-0.03154039669308073,0.16784353761330184,-0.022554423346291763,0.04745635183399788,-0.0179488012307664,-0.11573595203465814,0.02123222010577397
004,2014,1894,759,WPU0576,partial,402.6,7.546446273746024,6.63200177739563,5.9979435132056915,0.1104184573941751,-0.04759740844875271,0.0002484163470732881,-0.03154039669308073,-0.03802554150390147,-0.022554423346291763,0.03628792160536065,0.022041602822232775,0.16784353761330184,-0.010684405739046571,0.03969252255104028,0.10871622350479893
004,2015,1958,862,WPU0576,partial,390.1,7.579678823090456,6.759255270663693,5.966403116512611,0.033232549344432094,0.12725349326806246,-0.03154039669308073,-0.022554423346291763,0.0002484163470732881,0.022041602822232775,-0.03802554150390147,0.0734115805335902,0.03628792160536065,0.024299586669843738,0.1104184573941751,-0.04759740844875271
004,2016,2145,933,WPU0576,partial,381.4,7.6708948313621175,6.838405200847344,5.943848693166319,0.09121600827166176,0.07914993018365113,-0.022554423346291763,0.022041602822232775,-0.03154039669308073,0.0734115805335902,0.0002484163470732881,0.03466389209758347,-0.03802554150390147,0.04337235848446881,0.033232549344432094,0.12725349326806246
004,2017,2378,1074,WPU0576,partial,389.9,7.774015077250727,6.97914527506881,5.965890295988552,0.10312024588860957,0.1407400742214664,0.022041602822232775,0.0734115805335902,-0.022554423346291763,0.03466389209758347,-0.03154039669308073,0.00550965581096996,0.0002484163470732881,0.037861709480714545,0.09121600827166176,0.07914993018365113
004,2018,2420,1148,WPU0576,partial,419.6,7.791522819150732,7.045776576879511,6.039301876522142,0.017507741900004703,0.06663130181070098,0.0734115805335902,0.03466389209758347,0.022041602822232775,0.00550965581096996,-0.022554423346291763,0.07557585686865576,-0.03154039669308073,0.038583134925736395,0.10312024588860957,0.1407400742214664
004,2019,2879,1245,WPU0576,partial,434.4,7.965198290612176,7.126890808898808,6.0739657686197255,0.17367547146144435,0.08111423201929657,0.03466389209758347,0.00550965581096996,0.0734115805335902,0.07557585686865576,0.022041602822232775,0.1809263026613106,-0.022554423346291763,0.0873372717803121,0.017507741900004703,0.06663130181070098
004,2020,3847,2249,WPU0576,partial,436.8,8.255048902752295,7.718240951959316,6.079475424430695,0.28985061214011854,0.5913501430605077,0.00550965581096996,0.07557585686865576,0.03466389209758347,0.1809263026613106,0.0734115805335902,0.08003875605147392,0.022041602822232775,0.11218030519381342,0.17367547146144435,0.08111423201929657
004,2021,4721,2791,WPU0576,partial,471.091,8.459775920546287,7.934155233536322,6.155051281299351,0.20472701779399216,0.21591428157700676,0.07557585686865576,0.1809263026613106,0.00550965581096996,0.08003875605147392,0.03466389209758347,-0.004725304860960122,0.0734115805335902,0.08541325128394146,0.28985061214011854,0.5913501430605077
004,2022,3721,2140,WPU0576,partial,564.521,8.221747728346623,7.668561108015897,6.335977583960662,-0.2380281921996641,-0.2655941255204253,0.1809263026613106,0.08003875605147392,0.07557585686865576,-0.004725304860960122,0.00550965581096996,-0.004889711477214398,0.03466389209758347,0.023474579904433135,0.20472701779399216,0.21591428157700676
004,2023,3762,2214,WPU0576,partial,611.562,8.232706009860976,7.7025561132685825,6.416016340012136,0.01095828151435363,0.033995005252685395,0.08003875605147392,-0.004725304860960122,0.1809263026613106,-0.004889711477214398,0.07557585686865576,,0.00550965581096996,,-0.2380281921996641,-0.2655941255204253
004,2024,3688,2103,WPU0576,partial,608.679,8.212839584676484,7.6511201757027,6.411291035151176,-0.019866425184492442,-0.051435937565882384,-0.004725304860960122,-0.004889711477214398,0.08003875605147392,,0.1809263026613106,,0.07557585686865576,,0.01095828151435363,0.033995005252685395
004,2025,3493,2014,WPU0576,partial,605.71,8.158516244806831,7.607878073278507,6.406401323673961,-0.05432333986965254,-0.04324210242419291,-0.004889711477214398,,-0.004725304860960122,,0.08003875605147392,,0.1809263026613106,,-0.019866425184492442,-0.051435937565882384
005,1982,2464,687,PCU325412325412,good,110.9,7.80954132465341,6.532334292222349,4.7086288943563215,,,,0.08963792159368289,,0.07463780468017145,,0.07798066906030598,,0.08075213177805343,,
005,1983,2015,541,PCU325412325412,good,121.3,7.608374474380783,6.293419278846481,4.798266815950004,-0.20116685027262715,-0.23891501337586796,0.08963792159368289,0.07463780468017145,,0.07798066906030598,,0.07627930635698466,,0.07629926003248735,,
005,1984,2008,595,PCU325412325412,good,130.7,7.60489448081162,6.38856140554563,4.872904620630176,-0.0034799935691633976,0.09514212669914901,0.07463780468017145,0.07798066906030598,0.08963792159368289,0.07627930635698466,,0.0720918897023175,,0.07545062170653605,-0.20116685027262715,-0.23891501337586796
005,1985,2317,622,PCU325412325412,good,141.3,7.748028524432376,6.432940092739179,4.950885289690482,0.14313404362075666,0.044378687193549204,0.07798066906030598,0.07627930635698466,0.07463780468017145,0.0720918897023175,0.08963792159368289,0.06895219545123243,,0.07244113050351153,-0.0034799935691633976,0.09514212669914901
005,1986,2594,690,PCU325412325412,good,152.5,7.860956364876389,6.536691597591305,5.0271645960474665,0.11292784044401305,0.10375150485212536,0.07627930635698466,0.0720918897023175,0.07798066906030598,0.06895219545123243,0.07463780468017145,0.07986746891027341,0.08963792159368289,0.07363718468794112,0.14313404362075666,0.044378687193549204
005,1987,2618,684,PCU325412325412,good,163.9,7.870165946469845,6.52795791762255,5.099256485749784,0.009209581593455418,-0.008733679968754515,0.0720918897023175,0.06895219545123243,0.07627930635698466,0.07986746891027341,0.07798066906030598,0.06758985477136026,0.07463780468017145,0.07213650637762203,0.11292784044401305,0.10375150485212536
005,1988,2691,761,PCU325412325412,good,175.6,7.897668150726906,6.634633357861686,5.168208681201016,0.02750220425706118,0.10667544023913589,0.06895219545123243,0.07986746891027341,0.0720918897023175,0.06758985477136026,0.07627930635698466,0.0656128823797335,0.07798066906030598,0.07102340202045572,0.009209581593455418,-0.008733679968754515
005,1989,3220,830,PCU325412325412,good,190.2,8.077136638538454,6.721425700790643,5.24807615011129,0.17946848781154756,0.08679234292895721,0.07986746891027341,0.06758985477136026,0.06895219545123243,0.0656128823797335,0.0720918897023175,0.06200424953583905,0.07627930635698466,0.06506899556231094,0.02750220425706118,0.10667544023913589
005,1990,3818,1071,PCU325412325412,good,203.5,8.247482004285693,6.976348070447749,5.31566600488265,0.1703453657472398,0.25492236965710546,0.06758985477136026,0.0656128823797335,0.07986746891027341,0.06200424953583905,0.06895219545123243,0.04026820799080344,0.0720918897023175,0.055961779968791994,0.17946848781154756,0.08679234292895721
005,1991,3962,1022,PCU325412325412,good,217.3,8.284504227258497,6.92951677076365,5.381278887262384,0.03702222297280322,-0.04683129968409894,0.0656128823797335,0.06200424953583905,0.06758985477136026,0.04026820799080344,0.07986746891027341,0.016072878464045814,0.06895219545123243,0.03944844533022943,0.1703453657472398,0.25492236965710546
005,1992,4593,1114,PCU325412325412,good,231.2,8.432288684325794,7.01571242048723,5.443283136798223,0.14778445706729748,0.08619564972357985,0.06200424953583905,0.04026820799080344,0.0656128823797335,0.016072878464045814,0.06758985477136026,0.021436614587834413,0.07986746891027341,0.02592590034756122,0.03702222297280322,-0.04683129968409894
005,1993,5024,1291,PCU325412325412,good,240.7,8.521981708148035,7.1631723908466425,5.483551344789026,0.08969302382224065,0.14745997035941283,0.04026820799080344,0.016072878464045814,0.06200424953583905,0.021436614587834413,0.0656128823797335,0.015879650869726092,0.06758985477136026,0.017796381307202104,0.14778445706729748,0.08619564972357985
005,1994,5142,1289,PCU325412325412,good,244.6,8.545197387825835,7.161622002939187,5.499624223253072,0.023215679677800694,-0.0015503879074554305,0.016072878464045814,0.021436614587834413,0.04026820799080344,0.015879650869726092,0.06200424953583905,0.02027359885743163,0.0656128823797335,0.01919662143833071,0.08969302382224065,0.14745997035941283
005,1995,6257,1627,PCU325412325412,good,249.9,8.741456115998364,7.394493107219038,5.521060837840906,0.19625872817252876,0.2328711042798508,0.021436614587834413,0.015879650869726092,0.016072878464045814,0.02027359885743163,0.04026820799080344,0.1130116035592943,0.06200424953583905,0.04972161776215067,0.023215679677800694,-0.0015503879074554305
005,1996,7604,1861,PCU325412325412,good,253.9,8.93642970360832,7.528869256642251,5.536940488710632,0.1949735876099563,0.13437614942321296,0.015879650869726092,0.02027359885743163,0.021436614587834413,0.1130116035592943,0.016072878464045814,0.028544241705298568,0.04026820799080344,0.05394314804067483,0.19625872817252876,0.2328711042798508
005,1997,9123,2120,PCU325412325412,good,259.1,9.118553976345474,7.659171367666058,5.557214087568064,0.1821242727371537,0.1303021110238074,0.02027359885743163,0.1130116035592943,0.015879650869726092,0.028544241705298568,0.021436614587834413,0.026774033605057035,0.016072878464045814,0.05610995962321663,0.1949735876099563,0.13437614942321296
005,1998,9847,2347,PCU325412325412,good,290.1,9.194922119247803,7.760893195851024,5.670225691127358,0.07636814290232863,0.10172182818496545,0.1130116035592943,0.028544241705298568,0.02027359885743163,0.026774033605057035,0.015879650869726092,0.025440109702781655,0.021436614587834413,0.026919461671045752,0.1821242727371537,0.1303021110238074
005,1999,10937,2863,PCU325412325412,good,298.5,9.299906815335225,7.959625305098115,5.698769932832657,0.10498469608742234,0.19873210924709106,0.028544241705298568,0.026774033605057035,0.1130116035592943,0.025440109702781655,0.02027359885743163,0.038058242466529,0.015879650869726092,0.03009079525812256,0.07636814290232863,0.10172182818496545
005,2000,11077,2800,PCU325412325412,good,306.6,9.312626165516933,7.937374696163295,5.725543966437714,0.012719350181708222,-0.02225060893481956,0.026774033605057035,0.025440109702781655,0.028544241705298568,0.038058242466529,0.1130116035592943,0.04956238185662176,0.02027359885743163,0.03768691134197747,0.10498469608742234,0.19873210924709106
005,2001,10683,2507,PCU325412325412,good,314.5,9.276408971945887,7.826842098158293,5.750984076140496,-0.036217193571046025,-0.11053259800500204,0.025440109702781655,0.038058242466529,0.026774033605057035,0.04956238185662176,0.028544241705298568,0.04777707019118349,0.1130116035592943,0.045132564838111414,0.012719350181708222,-0.02225060893481956
005,2002,11130,2632,PCU325412325412,good,326.7,9.31739944426959,7.875499292445208,5.789042318607025,0.040990472323702676,0.04865719428691495,0.038058242466529,0.04956238185662176,0.025440109702781655,0.04777707019118349,0.026774033605057035,0.05036256425291974,0.028544241705298568,0.04923400543357499,-0.036217193571046025,-0.11053259800500204
005,2003,11368,2810,PCU325412325412,good,343.3,9.338557669776936,7.940939762327791,5.838604700463646,0.021158225507345918,0.06544046988258323,0.04956238185662176,0.04777707019118349,0.038058242466529,0.05036256425291974,0.025440109702781655,0.04945638252513351,0.026774033605057035,0.04919867232307891,0.040990472323702676,0.04865719428691495
005,2004,12821,3112,PCU325412325412,good,360.1,9.4588397305527,8.043020885298283,5.88638177065483,0.12028206077576442,0.10208112297049166,0.04777707019118349,0.05036256425291974,0.04956238185662176,0.04945638252513351,0.038058242466529,0.039182047878560056,0.025440109702781655,0.046333664885537765,0.021158225507345918,0.06544046988258323
005,2005,13196,3259,PCU325412325412,good,378.7,9.487669032348473,8.089175678837561,5.9367443349077496,0.028829301795772366,0.046154793539278316,0.05036256425291974,0.04945638252513351,0.04777707019118349,0.039182047878560056,0.04956238185662176,0.06298160653649809,0.038058242466529,0.05054001231339722,0.12028206077576442,0.10208112297049166
005,2006,14107,3449,PCU325412325412,good,397.9,9.554426407074502,8.145839612936841,5.986200717432883,0.06675737472602883,0.056663934099280056,0.04945638252513351,0.039182047878560056,0.05036256425291974,0.06298160653649809,0.04777707019118349,0.06266474493137952,0.04956238185662176,0.05494279978214589,0.028829301795772366,0.046154793539278316
005,2007,14540,3760,PCU325412325412,good,413.8,9.58465875108751,8.23217423638394,6.025382765311443,0.030232344013008117,0.08633462344709919,0.039182047878560056,0.06298160653649809,0.04945638252513351,0.06266474493137952,0.05036256425291974,0.055143502821769275,0.04777707019118349,0.06026328476321563,0.06675737472602883,0.056663934099280056
005,2008,14590,3715,PCU325412325412,good,440.7,9.588091641516831,8.220133957151859,6.088364371847941,0.003432890429321489,-0.01204027923208173,0.06298160653649809,0.06266474493137952,0.039182047878560056,0.055143502821769275,0.04945638252513351,0.04399565421965246,0.05036256425291974,0.05393463399093375,0.030232344013008117,0.08633462344709919
005,2009,13999,3590,PCU325412325412,good,469.2,9.546741177474825,8.185907481482324,6.151029116779321,-0.04135046404200615,-0.034226475669534295,0.06266474493137952,0.055143502821769275,0.06298160653649809,0.04399565421965246,0.039182047878560056,0.054097696531984596,0.04945638252513351,0.05107895119113544,0.003432890429321489,-0.01204027923208173
005,2010,14627,3747,PCU325412325412,good,495.8,9.590624414887088,8.228710798793687,6.20617261960109,0.0438832374122633,0.04280331731136222,0.055143502821769275,0.04399565421965246,0.06266474493137952,0.054097696531984596,0.06298160653649809,0.05478873243449289,0.039182047878560056,0.05096069439537665,-0.04135046404200615,-0.034226475669534295
005,2011,15566,4037,PCU325412325412,good,518.1,9.652844327519334,8.30325712085294,6.2501682738207425,0.06221991263224602,0.07454632205925371,0.04399565421965246,0.054097696531984596,0.055143502821769275,0.05478873243449289,0.06266474493137952,0.05979950984471838,0.06298160653649809,0.05622864627039862,0.0438832374122633,0.04280331731136222
005,2012,14937,4045,PCU325412325412,good,546.9,9.611596635310292,8.305236829492593,6.304265970352727,-0.04124769220904234,0.0019797086396522445,0.054097696531984596,0.05478873243449289,0.04399565421965246,0.05979950984471838,0.055143502821769275,0.07459700957482962,0.06266474493137952,0.06306175061801363,0.06221991263224602,0.07454632205925371
005,2013,15863,4229,PCU325412325412,good,577.7,9.671744632408455,8.34972083747249,6.35905470278722,0.060147997098162875,0.04448400797989649,0.05478873243449289,0.05979950984471838,0.054097696531984596,0.07459700957482962,0.04399565421965246,0.07757178634829653,0.055143502821769275,0.07065610192261484,-0.04124769220904234,0.0019797086396522445
005,2014,16592,4563,PCU325412325412,good,613.3,9.716675930469309,8.425735580927402,6.418854212631938,0.044931298060854274,0.07601474345491255,0.05979950984471838,0.07459700957482962,0.05478873243449289,0.07757178634829653,0.054097696531984596,0.05715063400915987,0.04399565421965246,0.06977314331076201,0.060147997098162875,0.04448400797989649
005,2015,17594,5109,PCU325412325412,good,660.8,9.77531321381262,8.538758969330798,6.493451222206768,0.05863728334331064,0.11302338840339665,0.07459700957482962,0.07757178634829653,0.05979950984471838,0.05715063400915987,0.05478873243449289,0.03980044395067939,0.054097696531984596,0.05817428810271193,0.044931298060854274,0.07601474345491255
005,2016,18310,5454,PCU325412325412,good,714.1,9.815202637668557,8.604104563405533,6.5710230085550645,0.03988942385593752,0.06534559407473495,0.07757178634829653,0.05715063400915987,0.07459700957482962,0.03980044395067939,0.05979950984471838,0.03041726456139493,0.05478873243449289,0.04245611417374473,0.05863728334331064,0.11302338840339665
005,2017,20354,6489,PCU325412325412,good,756.1,9.921032731751877,8.77786371462117,6.628173642564224,0.10583009408331989,0.173759151215636,0.05715063400915987,0.03980044395067939,0.07757178634829653,0.03041726456139493,0.07459700957482962,0.015293624077335366,0.05979950984471838,0.028503777529803227,0.03988942385593752,0.06534559407473495
005,2018,22591,7771,PCU325412325412,good,786.8,10.025306875857222,8.958154135209242,6.667974086514904,0.10427414410534475,0.1802904205880722,0.03980044395067939,0.03041726456139493,0.05715063400915987,0.015293624077335366,0.07757178634829653,0.012548427205112844,0.07459700957482962,0.019419771947947712,0.10583009408331989,0.173759151215636
005,2019,25559,8855,PCU325412325412,good,811.1,10.148744784095449,9.088737550216933,6.698391351076299,0.12343790823822687,0.13058341500769188,0.03041726456139493,0.015293624077335366,0.03980044395067939,0.012548427205112844,0.05715063400915987,0.03133483120858305,0.07757178634829653,0.019725627497010418,0.10427414410534475,0.1802904205880722
005,2020,31433,12795,PCU325412325412,good,823.6,10.355613575443341,9.456809748593889,6.713684975153634,0.20686879134789216,0.3680721983769555,0.015293624077335366,0.012548427205112844,0.03041726456139493,0.03133483120858305,0.03980044395067939,0.038941468929284184,0.05715063400915987,0.027608242447660025,0.12343790823822687,0.13058341500769188
005,2021,26474,9687,PCU325412325412,good,834.0,10.183918398273716,9.178540059426386,6.726233402358747,-0.17169517716962446,-0.2782696891675034,0.012548427205112844,0.03133483120858305,0.015293624077335366,0.038941468929284184,0.03041726456139493,0.02175512913871014,0.03980044395067939,0.030677143092192456,0.20686879134789216,0.3680721983769555
005,2022,22404,7384,PCU325412325412,good,860.547,10.016994793329722,8.907070776182689,6.75756823356733,-0.16692360494399416,-0.2714692832436967,0.03133483120858305,0.038941468929284184,0.012548427205112844,0.02175512913871014,0.015293624077335366,0.0025590671573541,0.03041726456139493,0.021085221741782807,-0.17169517716962446,-0.2782696891675034
005,2023,22667,8256,PCU325412325412,good,894.719,10.028665401264357,9.018695487721343,6.796509702496614,0.011670607934634702,0.11162471153865461,0.038941468929284184,0.02175512913871014,0.03133483120858305,0.0025590671573541,0.012548427205112844,,0.015293624077335366,,-0.16692360494399416,-0.2714692832436967
005,2024,28309,12142,PCU325412325412,good,914.397,10.250935054274718,9.40442579569038,6.818264831635324,0.22226965301036117,0.38573030796903574,0.02175512913871014,0.0025590671573541,0.038941468929284184,,0.03133483120858305,,0.012548427205112844,,0.011670607934634702,0.11162471153865461
005,2025,33286,14388,PCU325412325412,good,916.74,10.412892167146671,9.574149804815514,6.820823898792678,0.1619571128719528,0.16972400912513486,0.0025590671573541,,0.02175512913871014,,0.038941468929284184,,0.03133483120858305,,0.22226965301036117,0.38573030796903574
006,1986,1074,535,PCU332510332510,partial,98.7,6.97914527506881,6.282266746896006,4.592084946439436,,,,-0.016343571142156677,,0.03640442442723746,,0.055999185424963294,,0.025353346236681357,,
006,1987,970,514,PCU332510332510,partial,97.1,6.877296071497429,6.2422232654551655,4.575741375297279,-0.10184920357138161,-0.0400434814408408,-0.016343571142156677,0.03640442442723746,,0.055999185424963294,,0.037775103938754384,,0.04339290459698504,,
006,1988,1171,560,PCU332510332510,partial,100.7,7.065613363597717,6.327936783729195,4.612145799724517,0.18831729210028847,0.08571351827402918,0.03640442442723746,0.055999185424963294,-0.016343571142156677,0.037775103938754384,,0.02411907894572618,,0.03929778943648128,-0.10184920357138161,-0.0400434814408408
006,1989,1323,656,PCU332510332510,partial,106.5,7.187657164114956,6.486160788944089,4.66814498514948,0.12204380051723884,0.158224005214894,0.055999185424963294,0.037775103938754384,0.03640442442723746,0.02411907894572618,-0.016343571142156677,0.014023016820749135,,0.025305733235076566,0.18831729210028847,0.08571351827402918
006,1990,1703,795,PCU332510332510,partial,110.6,7.440146680662688,6.678342114654332,4.7059200890882344,0.25248951654773233,0.19218132571024338,0.037775103938754384,0.02411907894572618,0.055999185424963294,0.014023016820749135,0.03640442442723746,0.01725668362331323,-0.016343571142156677,0.01846625979659618,0.12204380051723884,0.158224005214894
006,1991,1619,776,PCU332510332510,partial,113.3,7.389563953677635,6.654152520183219,4.730039168033961,-0.05058272698505295,-0.02418959447111302,0.02411907894572618,0.014023016820749135,0.037775103938754384,0.01725668362331323,0.055999185424963294,0.014437618085602288,0.03640442442723746,0.015239106176554884,0.25248951654773233,0.19218132571024338
006,1992,1730,756,PCU332510332510,partial,114.9,7.455876687491824,6.628041376179533,4.74406218485471,0.0663127338141889,-0.026111144003685638,0.014023016820749135,0.01725668362331323,0.02411907894572618,0.014437618085602288,0.037775103938754384,0.02580251342985651,0.055999185424963294,0.01916560504625734,-0.05058272698505295,-0.02418959447111302
006,1993,1954,898,PCU332510332510,partial,116.9,7.577633832602728,6.8001700683022,4.761318868478023,0.12175714511090341,0.17212869212266657,0.01725668362331323,0.014437618085602288,0.014023016820749135,0.02580251342985651,0.02411907894572618,0.016300279404960705,0.037775103938754384,0.018846803640139832,0.0663127338141889,-0.026111144003685638
006,1994,1918,919,PCU332510332510,partial,118.6,7.559038255443384,6.823286122355687,4.775756486563625,-0.01859557715934379,0.023116054053486934,0.014437618085602288,0.02580251342985651,0.01725668362331323,0.016300279404960705,0.014023016820749135,0.010454457903859016,0.02411907894572618,0.017519083579558743,0.12175714511090341,0.17212869212266657
006,1995,2162,978,PCU332510332510,partial,121.7,7.6787889981991535,6.885509670034818,4.801558999993482,0.11975074275576958,0.06222354767913085,0.02580251342985651,0.016300279404960705,0.014437618085602288,0.010454457903859016,0.01725668362331323,0.00796816964917646,0.014023016820749135,0.011574302319332059,-0.01859557715934379,0.023116054053486934
006,1996,2335,1079,PCU332510332510,partial,123.7,7.755767170102998,6.983789965258135,4.8178592793984425,0.07697817190384448,0.09828029522331683,0.016300279404960705,0.010454457903859016,0.02580251342985651,0.00796816964917646,0.014437618085602288,0.011049836186584727,0.01725668362331323,0.009824154579873401,0.11975074275576958,0.06222354767913085
006,1997,2838,1224,PCU332510332510,partial,125.0,7.950854857719988,7.1098794630722715,4.8283137373023015,0.19508768761699002,0.12608949781413692,0.010454457903859016,0.00796816964917646,0.016300279404960705,0.011049836186584727,0.02580251342985651,0.017892348184335383,0.014437618085602288,0.01230345134003219,0.07697817190384448,0.09828029522331683
006,1998,2971,1371,PCU332510332510,partial,126.0,7.9966538754626075,7.223295679562314,4.836281906951478,0.04579901774261952,0.11341621649004274,0.00796816964917646,0.011049836186584727,0.010454457903859016,0.017892348184335383,0.016300279404960705,0.0175778312639725,0.02580251342985651,0.015506671878297535,0.19508768761699002,0.12608949781413692
006,1999,2970,1369,PCU332510332510,partial,127.4,7.996317231796746,7.221835825288449,4.847331743138063,-0.00033664366586183547,-0.001459854273865524,0.011049836186584727,0.017892348184335383,0.00796816964917646,0.0175778312639725,0.010454457903859016,0.009049835519918226,0.016300279404960705,0.014840004989408701,0.04579901774261952,0.11341621649004274
006,2000,3080,1436,PCU332510332510,partial,129.7,8.03268487596762,7.269616749608169,4.865224091322398,0.036367644170874236,0.0477809243197207,0.017892348184335383,0.0175778312639725,0.011049836186584727,0.009049835519918226,0.00796816964917646,0.004494389587839542,0.010454457903859016,0.010374018790576756,-0.00033664366586183547,-0.001459854273865524
006,2001,2800,1252,PCU332510332510,partial,132.0,7.937374696163295,7.132497551660044,4.882801922586371,-0.09531017980432477,-0.13711919794812566,0.0175778312639725,0.009049835519918226,0.017892348184335383,0.004494389587839542,0.011049836186584727,0.03596717962665785,0.00796816964917646,0.01650380157813854,0.036367644170874236,0.0477809243197207
006,2002,2898,1265,PCU332510332510,partial,133.2,7.971776122880628,7.142827401161621,4.891851758106289,0.034401426717332484,0.010329849501577115,0.009049835519918226,0.004494389587839542,0.0175778312639725,0.03596717962665785,0.017892348184335383,0.03611011796616026,0.011049836186584727,0.025523895726885883,-0.09531017980432477,-0.13711919794812566
006,2003,2942,1253,PCU332510332510,partial,133.8,7.9868449011613825,7.133295954896068,4.896346147694128,0.015068778280754813,-0.009531446265552468,0.004494389587839542,0.03596717962665785,0.009049835519918226,0.03611011796616026,0.0175778312639725,0.032161512955807936,0.017892348184335383,0.03474627018287535,0.034401426717332484,0.010329849501577115
006,2004,3178,1421,PCU332510332510,partial,138.7,8.064007347096661,7.259116128097101,4.932313327320786,0.07716244593527843,0.12582017320103223,0.03596717962665785,0.03611011796616026,0.004494389587839542,0.032161512955807936,0.009049835519918226,0.040902799336265616,0.0175778312639725,0.0363914767527446,0.015068778280754813,-0.009531446265552468
006,2005,3702,1619,PCU332510332510,partial,143.8,8.216628493133443,7.389563953677635,4.9684234452869465,0.15262114603678256,0.1304478255805348,0.03611011796616026,0.032161512955807936,0.03596717962665785,0.040902799336265616,0.004494389587839542,0.059597439439308175,0.009049835519918226,0.044220583910460576,0.07716244593527843,0.12582017320103223
006,2006,3688,1600,PCU332510332510,partial,148.5,8.212839584676484,7.3777589082278725,5.000584958242754,-0.003788908456959561,-0.011805045449762908,0.032161512955807936,0.040902799336265616,0.03611011796616026,0.059597439439308175,0.03596717962665785,0.02168759701477807,0.004494389587839542,0.04072927859678395,0.15262114603678256,0.1304478255805348
006,2007,4024,1752,PCU332510332510,partial,154.7,8.300031711779575,7.468513271496337,5.04148775757902,0.08719212710309066,0.09075436326846464,0.040902799336265616,0.059597439439308175,0.032161512955807936,0.02168759701477807,0.03611011796616026,0.012437234644780304,0.03596717962665785,0.031240757032955514,-0.003788908456959561,-0.011805045449762908
006,2008,3893,1668,PCU332510332510,partial,164.2,8.266935347610456,7.419380582918692,5.101085197018328,-0.03309636416911843,-0.049132688577644856,0.059597439439308175,0.02168759701477807,0.040902799336265616,0.012437234644780304,0.032161512955807936,0.03242901422803435,0.03611011796616026,0.02218461529586424,0.08719212710309066,0.09075436326846464
006,2009,3523,1570,PCU332510332510,partial,167.8,8.167068178341237,7.358830898342354,5.122772794033106,-0.09986716926921879,-0.06054968457633869,0.02168759701477807,0.012437234644780304,0.059597439439308175,0.03242901422803435,0.040902799336265616,0.013020280173883236,0.032161512955807936,0.019295509682232627,-0.03309636416911843,-0.049132688577644856
006,2010,3695,1537,PCU332510332510,partial,169.9,8.214735833382303,7.337587743538596,5.135210028677887,0.047667655041065515,-0.02124315480375749,0.012437234644780304,0.03242901422803435,0.02168759701477807,0.013020280173883236,0.059597439439308175,0.002808201789290976,0.040902799336265616,0.016085832063736184,-0.09986716926921879,-0.06054968457633869
006,2011,3809,1575,PCU332510332510,partial,175.5,8.245121966478605,7.362010551259734,5.167639042905921,0.030386133096302004,0.024422807721137474,0.03242901422803435,0.013020280173883236,0.012437234644780304,0.002808201789290976,0.02168759701477807,0.0183389412980981,0.059597439439308175,0.01138914108709077,0.047667655041065515,-0.02124315480375749
006,2012,3621,1539,PCU332510332510,partial,177.8,8.19450550976564,7.338888133838879,5.180659323079804,-0.05061645671296411,-0.02312241742085419,0.013020280173883236,0.002808201789290976,0.03242901422803435,0.0183389412980981,0.012437234644780304,0.04521760599329294,0.02168759701477807,0.022121583026894005,0.030386133096302004,0.024422807721137474
006,2013,3928,1718,PCU332510332510,partial,178.3,8.275885669474356,7.4489161025442,5.183467524869095,0.08138015970871493,0.11002796870532094,0.002808201789290976,0.0183389412980981,0.013020280173883236,0.04521760599329294,0.03242901422803435,0.006295928456814259,0.012437234644780304,0.0232841585827351,-0.05061645671296411,-0.02312241742085419
006,2014,4117,1671,PCU332510332510,partial,181.6,8.322880021769905,7.421177528595393,5.201806466167193,0.046994352295548936,-0.027738573948806966,0.0183389412980981,0.04521760599329294,0.002808201789290976,0.006295928456814259,0.013020280173883236,0.019166605896214328,0.03242901422803435,0.023560046782107175,0.08138015970871493,0.11002796870532094
006,2015,4087,1724,PCU332510332510,partial,190.0,8.315566483564277,7.452402451223638,5.247024072160486,-0.007313538205627523,0.031224922628244833,0.04521760599329294,0.006295928456814259,0.0183389412980981,0.019166605896214328,0.002808201789290976,0.023327629816403572,0.013020280173883236,0.016263388056477385,0.046994352295548936,-0.027738573948806966
006,2016,4555,1994,PCU332510332510,partial,191.2,8.423980809694058,7.597897950521784,5.2533200006173,0.10841432612978075,0.14549549929814543,0.006295928456814259,0.019166605896214328,0.04521760599329294,0.023327629816403572,0.0183389412980981,0.030118297251092052,0.002808201789290976,0.024204177654569982,-0.007313538205627523,0.031224922628244833
006,2017,4939,2231,PCU332510332510,partial,194.9,8.504918160540624,7.7102051944325325,5.272486606513515,0.0809373508465665,0.11230724391074887,0.019166605896214328,0.023327629816403572,0.006295928456814259,0.030118297251092052,0.04521760599329294,0.016880072853577843,0.0183389412980981,0.023441999973691154,0.10841432612978075,0.14549549929814543
006,2018,5017,2336,PCU332510332510,partial,199.5,8.520587424484253,7.756195343948118,5.295814236329918,0.015669263943628664,0.04599014951558544,0.023327629816403572,0.030118297251092052,0.019166605896214328,0.016880072853577843,0.006295928456814259,0.1022336809820148,0.04521760599329294,0.049744017028894895,0.0809373508465665,0.11230724391074887
006,2019,5744,2660,PCU332510332510,partial,205.6,8.65591111072806,7.886081401775745,5.32593253358101,0.1353236862438063,0.12988605782762708,0.030118297251092052,0.016880072853577843,0.023327629816403572,0.1022336809820148,0.019166605896214328,0.13916780880682467,0.006295928456814259,0.08609385421413909,0.015669263943628664,0.04599014951558544
006,2020,6961,3965,PCU332510332510,partial,209.1,8.848078421168667,8.285261134068948,5.342812606434588,0.19216731044060786,0.39917973229320314,0.016880072853577843,0.1022336809820148,0.030118297251092052,0.13916780880682467,0.023327629816403572,0.023567626905340866,0.019166605896214328,0.0883230388980601,0.1353236862438063,0.12988605782762708
006,2021,7827,4503,PCU332510332510,partial,231.608,8.965334573804839,8.412499120301572,5.445046287416603,0.1172561526361715,0.1272379862326236,0.1022336809820148,0.13916780880682467,0.016880072853577843,0.023567626905340866,0.030118297251092052,-0.008637802585137244,0.023327629816403572,0.051365877709009425,0.19216731044060786,0.39917973229320314
006,2022,6873,3719,PCU332510332510,partial,266.191,8.835355971121606,8.22121009392507,5.584214096223428,-0.12997860268323258,-0.19128902637650214,0.13916780880682467,0.023567626905340866,0.1022336809820148,-0.008637802585137244,0.016880072853577843,0.04008581065163952,0.030118297251092052,0.01833854499061438,0.1172561526361715,0.1272379862326236
006,2023,7252,4149,PCU332510332510,partial,272.539,8.889032571874742,8.330622620332868,5.6077817231287685,0.05367660075313552,0.10941252640779808,0.023567626905340866,-0.008637802585137244,0.13916780880682467,0.04008581065163952,0.1022336809820148,,0.016880072853577843,,-0.12997860268323258,-0.19128902637650214
006,2024,8440,5037,PCU332510332510,partial,270.195,9.040737587590003,8.52456594574565,5.599143920543631,0.15170501571526174,0.19394332541278203,-0.008637802585137244,0.04008581065163952,0.023567626905340866,,0.13916780880682467,,0.1022336809820148,,0.05367660075313552,0.10941252640779808
006,2025,7542,4395,PCU332510332510,partial,281.246,8.928242677818302,8.388222810119277,5.639229731195271,-0.1124949097717014,-0.13634313562637246,0.04008581065163952,,-0.008637802585137244,,0.023567626905340866,,0.13916780880682467,,0.15170501571526174,0.19394332541278203
007,1980,1682,766,WPU114,partial,87.0,7.427738840532894,6.641182169740591,4.465908118654584,,,,0.08796877294595706,,0.051293294387551036,,0.013902905168991175,,0.051054990834166425,,
007,1981,1942,959,WPU114,partial,95.0,7.571473648851271,6.8658910748834385,4.553876891600541,0.14373480831837693,0.22470890514284747,0.08796877294595706,0.051293294387551036,,0.013902905168991175,,0.018564284968509703,,0.027920161508350638,,
007,1982,2329,1094,WPU114,partial,100.0,7.753194269884341,6.9975959829819265,4.605170185988092,0.18172062103307063,0.131704908098488,0.051293294387551036,0.013902905168991175,0.08796877294595706,0.018564284968509703,,0.02296751675059916,,0.01847823562936668,0.14373480831837693,0.22470890514284747
007,1983,1672,805,WPU114,partial,101.4,7.421775793644647,6.690842277418564,4.619073091157083,-0.3314184762396941,-0.3067537055633629,0.013902905168991175,0.018564284968509703,0.051293294387551036,0.02296751675059916,0.08796877294595706,0.014091355760509572,,0.018541052493206145,0.18172062103307063,0.131704908098488
007,1984,1743,881,WPU114,partial,103.3,7.463363045520021,6.78105762593618,4.637637376125593,0.04158725187537371,0.09021534851761626,0.018564284968509703,0.02296751675059916,0.013902905168991175,0.014091355760509572,0.051293294387551036,0.010208905370243215,0.08796877294595706,0.015755925960450647,-0.3314184762396941,-0.3067537055633629
007,1985,1948,897,WPU114,partial,105.7,7.5745584842024805,6.799055862058796,4.660604892876192,0.11119543868245962,0.017998236122616085,0.02296751675059916,0.014091355760509572,0.018564284968509703,0.010208905370243215,0.013902905168991175,0.0407111850570141,0.051293294387551036,0.02167048206258896,0.04158725187537371,0.09021534851761626
007,1986,1958,908,WPU114,partial,107.2,7.579678823090456,6.811244378601294,4.674696248636701,0.005120338887975251,0.012188516542497752,0.014091355760509572,0.010208905370243215,0.02296751675059916,0.0407111850570141,0.018564284968509703,0.05350715404757089,0.013902905168991175,0.0348090814916094,0.11119543868245962,0.017998236122616085
007,1987,1996,912,WPU114,partial,108.3,7.59890045687141,6.815639990074331,4.684905154006945,0.019221633780953873,0.004395611473037242,0.010208905370243215,0.0407111850570141,0.014091355760509572,0.05350715404757089,0.02296751675059916,0.03873578628691288,0.018564284968509703,0.044318041797165954,0.005120338887975251,0.012188516542497752
007,1988,2091,923,WPU114,partial,112.8,7.645397699428633,6.827629234502852,4.725616339063959,0.04649724255722365,0.011989244428520784,0.0407111850570141,0.05350715404757089,0.010208905370243215,0.03873578628691288,0.014091355760509572,0.03260726254499158,0.02296751675059916,0.041616734293158444,0.019221633780953873,0.004395611473037242
007,1989,2318,1007,WPU114,partial,119.0,7.748460023899697,6.914730892718563,4.77912349311153,0.10306232447106378,0.08710165821571092,0.05350715404757089,0.03873578628691288,0.0407111850570141,0.03260726254499158,0.010208905370243215,0.016298381733119705,0.014091355760509572,0.029213810188341384,0.04649724255722365,0.011989244428520784
007,1990,2910,1264,WPU114,partial,123.7,7.975908360165538,7.142036574706803,4.8178592793984425,0.22744833626584082,0.22730568198824042,0.03873578628691288,0.03260726254499158,0.05350715404757089,0.016298381733119705,0.0407111850570141,0.017551003741032467,0.010208905370243215,0.02215221600638125,0.10306232447106378,0.08710165821571092
007,1991,2621,1121,WPU114,partial,127.8,7.8713112033234065,7.02197642307216,4.850466541943434,-0.10459715684213133,-0.12006015163464312,0.03260726254499158,0.016298381733119705,0.03873578628691288,0.017551003741032467,0.05350715404757089,0.01947627106062022,0.0407111850570141,0.01777521884492413,0.22744833626584082,0.22730568198824042
007,1992,2749,1087,WPU114,partial,129.9,7.918992488165245,6.99117688712121,4.866764923676554,0.04768128484183887,-0.030799535950950307,0.016298381733119705,0.017551003741032467,0.03260726254499158,0.01947627106062022,0.03873578628691288,0.031400900451190594,0.05350715404757089,0.02280939175094776,-0.10459715684213133,-0.12006015163464312
007,1993,2797,1236,WPU114,partial,132.2,7.936302693201959,7.119635638017636,4.884315927417586,0.017310205036713988,0.1284587508964261,0.017551003741032467,0.01947627106062022,0.016298381733119705,0.031400900451190594,0.03260726254499158,0.024148900779308313,0.03873578628691288,0.025008690763706376,0.04768128484183887,-0.030799535950950307
007,1994,3041,1263,WPU114,partial,134.8,8.019941687677365,7.141245122350491,4.9037921984782065,0.08363899447540568,0.021609484332855367,0.01947627106062022,0.031400900451190594,0.017551003741032467,0.024148900779308313,0.016298381733119705,0.01739174271186883,0.03260726254499158,0.024313847980789245,0.017310205036713988,0.1284587508964261
007,1995,3452,1345,WPU114,partial,139.1,8.146709052203319,7.20414929203594,4.935193098929397,0.1267673645259535,0.06290416968544843,0.031400900451190594,0.024148900779308313,0.01947627106062022,0.01739174271186883,0.017551003741032467,0.015058463874201955,0.016298381733119705,0.01886636912179303,0.08363899447540568,0.021609484332855367
007,1996,3858,1503,WPU114,partial,142.5,8.257904193465674,7.315218389752975,4.959341999708705,0.11119514126235508,0.11106909771703499,0.024148900779308313,0.01739174271186883,0.031400900451190594,0.015058463874201955,0.01947627106062022,0.01416549825036828,0.017551003741032467,0.01553856827881302,0.1267673645259535,0.06290416968544843
007,1997,4173,1574,WPU114,partial,145.0,8.336390480591552,7.3613754289773485,4.976733742420574,0.07848628712587846,0.046157039224373975,0.01739174271186883,0.015058463874201955,0.024148900779308313,0.01416549825036828,0.031400900451190594,0.009333401087305404,0.01947627106062022,0.012852454403958546,0.11119514126235508,0.11106909771703499
007,1998,4503,1731,WPU114,partial,147.2,8.412499120301572,7.456454555176209,4.991792206294776,0.07610863971001969,0.09507912619886039,0.015058463874201955,0.01416549825036828,0.01739174271186883,0.009333401087305404,0.024148900779308313,0.013184106592136757,0.031400900451190594,0.012227668643270146,0.07848628712587846,0.046157039224373975
007,1999,4856,1867,WPU114,partial,149.3,8.487970332739334,7.532088143541722,5.005957704545144,0.07547121243776189,0.07563358836551348,0.01416549825036828,0.009333401087305404,0.015058463874201955,0.013184106592136757,0.01739174271186883,0.009775248904642098,0.024148900779308313,0.010764252194694752,0.07610863971001969,0.09507912619886039
007,2000,5049,1903,WPU114,partial,150.7,8.526945482858915,7.551186867296149,5.01529110563245,0.038975150119581414,0.019098723754426672,0.009333401087305404,0.013184106592136757,0.01416549825036828,0.009775248904642098,0.015058463874201955,0.00903815061506208,0.01739174271186883,0.010665835370613644,0.07547121243776189,0.07563358836551348
007,2001,4830,1774,WPU114,partial,152.7,8.482601746646619,7.480992162869525,5.028475212224587,-0.04434373621229604,-0.07019470442662445,0.013184106592136757,0.009775248904642098,0.009333401087305404,0.00903815061506208,0.01416549825036828,0.028510008258377795,0.015058463874201955,0.015774469259360657,0.038975150119581414,0.019098723754426672
007,2002,4689,1695,WPU114,partial,154.2,8.452974619089586,7.43543801981455,5.038250461129229,-0.029627127557033006,-0.04555414305497418,0.009775248904642098,0.00903815061506208,0.013184106592136757,0.028510008258377795,0.009333401087305404,0.051730425565086335,0.01416549825036828,0.029759528146175402,-0.04434373621229604,-0.07019470442662445
007,2003,4720,1708,WPU114,partial,155.6,8.459564078579602,7.443078374348516,5.047288611744291,0.00658945949001577,0.007640354533965166,0.00903815061506208,0.028510008258377795,0.009775248904642098,0.051730425565086335,0.013184106592136757,0.040109997338166004,0.009333401087305404,0.040116810387210045,-0.029627127557033006,-0.04555414305497418
007,2004,5145,1939,WPU114,partial,160.1,8.545780648268149,7.569927655242652,5.075798620002669,0.0862165696885473,0.12684928089413638,0.028510008258377795,0.051730425565086335,0.00903815061506208,0.040109997338166004,0.009775248904642098,0.046209167015665464,0.013184106592136757,0.0460165299729726,0.00658945949001577,0.007640354533965166
007,2005,5427,1976,WPU114,partial,168.6,8.599141774063405,7.588829878307813,5.127529045567755,0.05336112579525576,0.01890222306516076,0.051730425565086335,0.040109997338166004,0.028510008258377795,0.046209167015665464,0.00903815061506208,0.049877711856830764,0.009775248904642098,0.04539895873688741,0.0862165696885473,0.12684928089413638
007,2006,5840,2151,WPU114,partial,175.5,8.672486075822272,7.67368812926773,5.167639042905921,0.0733443017588673,0.08485825095991739,0.040109997338166004,0.046209167015665464,0.051730425565086335,0.049877711856830764,0.028510008258377795,0.03058342337208053,0.00903815061506208,0.04222343408152558,0.05336112579525576,0.01890222306516076
007,2007,6341,2263,WPU114,partial,183.8,8.754791763700032,7.724446645633537,5.213848209921586,0.08230568787775994,0.05075851636580708,0.046209167015665464,0.049877711856830764,0.040109997338166004,0.03058342337208053,0.051730425565086335,0.007003530377337697,0.028510008258377795,0.02915488853541633,0.0733443017588673,0.08485825095991739
007,2008,6334,2253,WPU114,partial,193.2,8.753687227098585,7.720017940432244,5.263725921778417,-0.0011045366014474922,-0.004428705201292793,0.049877711856830764,0.03058342337208053,0.046209167015665464,0.007003530377337697,0.040109997338166004,0.034300275763897936,0.051730425565086335,0.023962409837772054,0.08230568787775994,0.05075851636580708
007,2009,5463,1944,WPU114,partial,199.2,8.605753368395717,7.572502985020384,5.294309345150498,-0.14793385870286713,-0.14751495541186,0.03058342337208053,0.007003530377337697,0.049877711856830764,0.034300275763897936,0.046209167015665464,0.029895464796626747,0.040109997338166004,0.023733090312620792,-0.0011045366014474922,-0.004428705201292793
007,2010,5775,2039,WPU114,partial,200.6,8.661293535389994,7.620214770574455,5.301312875527835,0.055540166994276774,0.047711785554070296,0.007003530377337697,0.034300275763897936,0.03058342337208053,0.029895464796626747,0.049877711856830764,0.020361647467538546,0.046209167015665464,0.02818579600935441,-0.14793385870286713,-0.14751495541186
007,2011,5947,2137,WPU114,partial,207.6,8.690642169706594,7.667158255319148,5.335613151291733,0.029348634316599842,0.04694348474469301,0.034300275763897936,0.029895464796626747,0.007003530377337697,0.020361647467538546,0.03058342337208053,0.02040424449723055,0.049877711856830764,0.023553785587131948,0.055540166994276774,0.047711785554070296
007,2012,6102,2123,WPU114,partial,213.9,8.716371865276615,7.660585461703256,5.36550861608836,0.02572969557002125,-0.00657279361589147,0.029895464796626747,0.020361647467538546,0.034300275763897936,0.02040424449723055,0.007003530377337697,0.013375143662432976,0.03058342337208053,0.01804701187573402,0.029348634316599842,0.04694348474469301
007,2013,6443,2275,WPU114,partial,218.3,8.770749549138642,7.729735331385051,5.385870263555899,0.054377683862027126,0.06914986968179448,0.020361647467538546,0.02040424449723055,0.029895464796626747,0.013375143662432976,0.034300275763897936,0.009695977238878939,0.007003530377337697,0.014491788466180822,0.02572969557002125,-0.00657279361589147
007,2014,6416,2257,WPU114,partial,222.8,8.766550149546351,7.721791776817535,5.406274508053129,-0.004199399592291542,-0.007943554567515498,0.02040424449723055,0.013375143662432976,0.020361647467538546,0.009695977238878939,0.029895464796626747,0.01566611674439944,0.034300275763897936,0.012912412548570451,0.054377683862027126,0.06914986968179448
007,2015,7148,2608,WPU114,partial,225.8,8.87458787627932,7.866338923046544,5.419649651715562,0.10803772673296841,0.14454714622900866,0.013375143662432976,0.009695977238878939,0.02040424449723055,0.01566611674439944,0.020361647467538546,0.03228827637763576,0.029895464796626747,0.01921679012030471,-0.004199399592291542,-0.007943554567515498
007,2016,7637,2877,WPU114,partial,228.0,8.940760134888384,7.964503363551548,5.429345628954441,0.06617225860906473,0.09816444050500372,0.009695977238878939,0.01566611674439944,0.013375143662432976,0.03228827637763576,0.02040424449723055,0.03249309091808783,0.020361647467538546,0.026815828013374343,0.10803772673296841,0.14454714622900866
007,2017,8733,3485,WPU114,partial,231.6,9.074864232413733,8.156223323194624,5.4450117456988405,0.13410409752534846,0.1917199596430761,0.01566611674439944,0.03228827637763576,0.009695977238878939,0.03249309091808783,0.013375143662432976,0.01565982613721939,0.02040424449723055,0.026813731144314325,0.06617225860906473,0.09816444050500372
007,2018,9186,3762,WPU114,partial,239.2,9.12543586488574,8.232706009860976,5.477300022076476,0.05057163247200691,0.0764826866663526,0.03228827637763576,0.03249309091808783,0.01566611674439944,0.01565982613721939,0.009695977238878939,0.05613553585423858,0.013375143662432976,0.034762817636515266,0.13410409752534846,0.1917199596430761
007,2019,9534,4060,WPU114,partial,247.1,9.162619635764772,8.308938252595778,5.509793112994564,0.03718377087903235,0.07623224273480211,0.03249309091808783,0.01565982613721939,0.03228827637763576,0.05613553585423858,0.01566611674439944,0.13701692856181769,0.009695977238878939,0.06960409685109188,0.05057163247200691,0.0764826866663526
007,2020,11536,5842,WPU114,partial,251.0,9.353227859524731,8.672828482947686,5.5254529391317835,0.19060822375995912,0.3638902303519078,0.01565982613721939,0.05613553585423858,0.03249309091808783,0.13701692856181769,0.03228827637763576,0.07443259478276953,0.01566611674439944,0.08919501973294193,0.03718377087903235,0.07623224273480211
007,2021,12722,6515,WPU114,partial,265.493,9.45108805723875,8.781862489558945,5.581588474986022,0.09786019771401833,0.1090340066112585,0.05613553585423858,0.13701692856181769,0.01565982613721939,0.07443259478276953,0.03249309091808783,0.03600761427993149,0.03228827637763576,0.08248571254150623,0.19060822375995912,0.3638902303519078
007,2022,10848,5058,WPU114,partial,304.48,9.291736010180177,8.52872642722991,5.71860540354784,-0.1593520470585723,-0.25313606232903396,0.13701692856181769,0.07443259478276953,0.05613553585423858,0.03600761427993149,0.01565982613721939,0.052520359629602886,0.03249309091808783,0.0543201895641013,0.09786019771401833,0.1090340066112585
007,2023,11476,5717,WPU114,partial,328.008,9.348013177101256,8.651199471263972,5.793037998330609,0.056277166921079314,0.12247304403406112,0.07443259478276953,0.03600761427993149,0.13701692856181769,0.052520359629602886,0.05613553585423858,,0.01565982613721939,,-0.1593520470585723,-0.25313606232903396
007,2024,13449,7256,WPU114,partial,340.034,9.506660032823548,8.889583991794973,5.829045612610541,0.1586468557222922,0.23838452053100134,0.03600761427993149,0.052520359629602886,0.07443259478276953,,0.13701692856181769,,0.05613553585423858,,0.056277166921079314,0.12247304403406112
007,2025,13525,7285,WPU114,partial,358.37,9.512295103714683,8.893572718629306,5.881565972240144,0.005635070891134575,0.003988726834332823,0.052520359629602886,,0.03600761427993149,,0.07443259478276953,,0.13701692856181769,,0.1586468557222922,0.23838452053100134
008,1980,488,248,WPU1042,good,81.2,6.1903154058531475,5.5134287461649825,4.396915247167632,,,,0.13029339735074785,,0.0779615414697119,,0.02566774674857708,,0.07797422852301228,,
008,1981,630,304,WPU1042,good,92.5,6.4457198193855785,5.717027701406222,4.52720864451838,0.25540441353243093,0.2035989552412394,0.13029339735074785,0.0779615414697119,,0.02566774674857708,,0.02692470337059305,,0.04351799719629401,,
008,1982,762,347,WPU1042,good,100.0,6.635946555686647,5.849324779946859,4.605170185988092,0.19022673630106812,0.13229707854063744,0.0779615414697119,0.02566774674857708,0.13029339735074785,0.02692470337059305,,0.04089789296816804,,0.03116344769577939,0.25540441353243093,0.2035989552412394
008,1983,565,310,WPU1042,good,102.6,6.336825731146441,5.736572297479192,4.630837932736669,-0.2991208245402053,-0.11275248246766711,0.02566774674857708,0.02692470337059305,0.0779615414697119,0.04089789296816804,0.13029339735074785,0.025181186630160113,,0.0310012609896404,0.19022673630106812,0.13229707854063744
008,1984,539,291,WPU1042,good,105.4,6.289715570908998,5.673323267171493,4.657762636107262,-0.04711016023744374,-0.06324903030769935,0.02692470337059305,0.04089789296816804,0.02566774674857708,0.025181186630160113,0.0779615414697119,0.02974847540077441,0.13029339735074785,0.03194251833303419,-0.2991208245402053,-0.11275248246766711
008,1985,688,318,WPU1042,good,109.8,6.5337888379333435,5.762051382780177,4.69866052907543,0.24407326702434595,0.0887281156086841,0.04089789296816804,0.025181186630160113,0.02692470337059305,0.02974847540077441,0.02566774674857708,0.03971793699712123,0.0779615414697119,0.03154919967601858,-0.04711016023744374,-0.06324903030769935
008,1986,604,324,WPU1042,good,112.6,6.403574197934815,5.780743515792329,4.72384171570559,-0.13021463999852845,0.018692133012152112,0.025181186630160113,0.02974847540077441,0.04089789296816804,0.03971793699712123,0.02692470337059305,0.056375634935007746,0.02566774674857708,0.04194734911096779,0.24407326702434595,0.0887281156086841
008,1987,622,296,WPU1042,good,116.0,6.432940092739179,5.69035945432406,4.7535901911063645,0.029365894804364245,-0.09038406146826894,0.02974847540077441,0.03971793699712123,0.025181186630160113,0.056375634935007746,0.04089789296816804,0.054108435439713,0.02692470337059305,0.05006733579061399,-0.13021463999852845,0.018692133012152112
008,1988,597,315,WPU1042,good,120.7,6.391917113392602,5.752572638825633,4.793308128103486,-0.04102297934657706,0.06221318450157298,0.03971793699712123,0.056375634935007746,0.02974847540077441,0.054108435439713,0.025181186630160113,0.049213982781412646,0.04089789296816804,0.053232684385377795,0.029365894804364245,-0.09038406146826894
008,1989,717,395,WPU1042,good,127.7,6.57507584059962,5.978885764901122,4.8496837630384935,0.18315872720701787,0.22631312607548892,0.056375634935007746,0.054108435439713,0.03971793699712123,0.049213982781412646,0.02974847540077441,0.031285137497034654,0.025181186630160113,0.044869185239386766,-0.04102297934657706,0.06221318450157298
008,1990,942,437,WPU1042,good,134.8,6.848005274576363,6.07993319509559,4.9037921984782065,0.27292943397674296,0.10104743019446794,0.054108435439713,0.049213982781412646,0.056375634935007746,0.031285137497034654,0.03971793699712123,0.020325903014039248,0.02974847540077441,0.03360834109749551,0.18315872720701787,0.22631312607548892
008,1991,916,448,WPU1042,good,141.6,6.82001636467413,6.104793232414985,4.953006181259619,-0.02798890990223324,0.024860037319395012,0.049213982781412646,0.031285137497034654,0.054108435439713,0.020325903014039248,0.056375634935007746,0.023202897079663387,0.03971793699712123,0.02493797919691243,0.27292943397674296,0.10104743019446794
008,1992,996,430,WPU1042,good,146.1,6.903747257584598,6.063785208687608,4.984291318756654,0.08373089291046831,-0.04100802372737711,0.031285137497034654,0.020325903014039248,0.049213982781412646,0.023202897079663387,0.054108435439713,0.03160533941533128,0.056375634935007746,0.02504471316967797,-0.02798890990223324,0.024860037319395012
008,1993,1040,432,WPU1042,good,149.1,6.946975992135418,6.068425588244111,5.004617221770693,0.043228734550820214,0.004640379556502872,0.020325903014039248,0.023202897079663387,0.031285137497034654,0.03160533941533128,0.049213982781412646,0.021357595732649948,0.054108435439713,0.025388610742548202,0.08373089291046831,-0.04100802372737711
008,1994,1099,508,WPU1042,good,152.6,7.002155954403621,6.230481447578482,5.027820118850356,0.055179962268202765,0.16205585933437128,0.023202897079663387,0.03160533941533128,0.020325903014039248,0.021357595732649948,0.031285137497034654,0.014193388531668738,0.049213982781412646,0.022385441226549986,0.043228734550820214,0.004640379556502872
008,1995,1357,567,WPU1042,good,157.5,7.213031659834869,6.340359303727752,5.059425458265688,0.21087570543124823,0.1098778561492697,0.03160533941533128,0.021357595732649948,0.023202897079663387,0.014193388531668738,0.020325903014039248,0.012785562296972586,0.031285137497034654,0.01611218218709709,0.055179962268202765,0.16205585933437128
008,1996,1421,574,WPU1042,good,160.9,7.259116128097101,6.352629396319567,5.080783053998338,0.046084468262231226,0.012270092591815107,0.021357595732649948,0.014193388531668738,0.03160533941533128,0.012785562296972586,0.023202897079663387,0.01142869582362227,0.020325903014039248,0.012802548884087864,0.21087570543124823,0.1098778561492697
008,1997,1461,589,WPU1042,good,163.2,7.2868764117507,6.3784261836515865,5.094976442530006,0.02776028365359906,0.025796787332019733,0.014193388531668738,0.012785562296972586,0.021357595732649948,0.01142869582362227,0.03160533941533128,0.010116123163153468,0.023202897079663387,0.011443460427916108,0.046084468262231226,0.012270092591815107
008,1998,1581,671,WPU1042,good,165.3,7.365812837209472,6.508769136971682,5.107762004826979,0.07893642545877277,0.1303429533200955,0.012785562296972586,0.01142869582362227,0.014193388531668738,0.010116123163153468,0.021357595732649948,0.029173597546482632,0.03160533941533128,0.016906138844419456,0.02776028365359906,0.025796787332019733
008,1999,1702,793,WPU1042,good,167.2,7.43955930913332,6.675823221634848,5.119190700650601,0.07374647192384742,0.16705408466316563,0.01142869582362227,0.010116123163153468,0.012785562296972586,0.029173597546482632,0.014193388531668738,0.012003573677914048,0.021357595732649948,0.017097764795850047,0.07893642545877277,0.1303429533200955
008,2000,1680,741,WPU1042,good,168.9,7.426549072397305,6.608000625296087,5.129306823813755,-0.013010236736015202,-0.06782259633876109,0.010116123163153468,0.029173597546482632,0.01142869582362227,0.012003573677914048,0.012785562296972586,0.0017030943656735076,0.014193388531668738,0.014293421863356729,0.07374647192384742,0.16705408466316563
008,2001,1505,637,WPU1042,good,173.9,7.316548177182976,6.456769655572163,5.158480421360237,-0.11000089521432876,-0.15123096972392336,0.029173597546482632,0.012003573677914048,0.010116123163153468,0.0017030943656735076,0.01142869582362227,0.022989518224698635,0.012785562296972586,0.01223206208942873,-0.013010236736015202,-0.06782259633876109
008,2002,1659,722,WPU1042,good,176.0,7.413970290190444,6.582025138892826,5.170483995038151,0.09742211300746817,0.12525548332066272,0.012003573677914048,0.0017030943656735076,0.029173597546482632,0.022989518224698635,0.010116123163153468,0.04392139925954197,0.01142869582362227,0.022871337283304705,-0.11000089521432876,-0.15123096972392336
008,2003,1854,793,WPU1042,good,176.3,7.5251007461258,6.675823221634848,5.172187089403825,0.11113045593535631,0.09379808274202173,0.0017030943656735076,0.022989518224698635,0.012003573677914048,0.04392139925954197,0.029173597546482632,0.03697375071265174,0.010116123163153468,0.034628222732297445,0.09742211300746817,0.12525548332066272
008,2004,2076,884,WPU1042,good,180.4,7.638198244285779,6.784457062637643,5.1951766076285235,0.11309749815997883,0.1086338410027956,0.022989518224698635,0.04392139925954197,0.0017030943656735076,0.03697375071265174,0.012003573677914048,0.020243606276646453,0.029173597546482632,0.03371291874961339,0.11113045593535631,0.09379808274202173
008,2005,2021,835,WPU1042,good,188.5,7.611347717403621,6.727431724850855,5.2390980068880655,-0.026850526882157943,-0.0570253377867882,0.04392139925954197,0.03697375071265174,0.022989518224698635,0.020243606276646453,0.0017030943656735076,0.04554030468515613,0.012003573677914048,0.03425255389148477,0.11309749815997883,0.1086338410027956
008,2006,2199,967,WPU1042,good,195.6,7.695757990554761,6.874198495453294,5.276071757600717,0.08441027315114003,0.14676677060243914,0.03697375071265174,0.020243606276646453,0.04392139925954197,0.04554030468515613,0.022989518224698635,0.038041684977939916,0.0017030943656735076,0.03460853197991416,-0.026850526882157943,-0.0570253377867882
008,2007,2213,931,WPU1042,good,199.6,7.70210434005105,6.836259277277067,5.296315363877364,0.006346349496288539,-0.03793921817622703,0.020243606276646453,0.04554030468515613,0.03697375071265174,0.038041684977939916,0.04392139925954197,-0.007400588818171627,0.022989518224698635,0.02539380028164147,0.08441027315114003,0.14676677060243914
008,2008,2019,835,WPU1042,good,208.9,7.610357618312838,6.727431724850855,5.34185566856252,-0.09174672173821197,-0.10882755242621212,0.04554030468515613,0.038041684977939916,0.020243606276646453,-0.007400588818171627,0.03697375071265174,0.0064785048432032255,0.04392139925954197,0.012373200334323837,0.006346349496288539,-0.03793921817622703
008,2009,1801,791,WPU1042,good,217.0,7.496097345175956,6.673297967767654,5.37989735354046,-0.11426027313688181,-0.054133757083200784,0.038041684977939916,-0.007400588818171627,0.04554030468515613,0.0064785048432032255,0.020243606276646453,0.02144731991969895,0.03697375071265174,0.006841745314910182,-0.09174672173821197,-0.10882755242621212
008,2010,2041,837,WPU1042,good,215.4,7.621195162809845,6.729824070489475,5.372496764722288,0.12509781763388883,0.056526102721821125,-0.007400588818171627,0.0064785048432032255,0.038041684977939916,0.02144731991969895,0.04554030468515613,0.022322355437898622,0.020243606276646453,0.016749393400266932,-0.11426027313688181,-0.054133757083200784
008,2011,2157,891,WPU1042,good,216.8,7.676473646389156,6.792344427470809,5.378975269565491,0.0552784835793112,0.06252035698133351,0.0064785048432032255,0.02144731991969895,-0.007400588818171627,0.022322355437898622,0.038041684977939916,0.007915608612661273,0.04554030468515613,0.01722842799008628,0.12509781763388883,0.056526102721821125
008,2012,2168,942,WPU1042,good,221.5,7.681560362559537,6.848005274576363,5.40042258948519,0.005086716170381145,0.05566084710555419,0.02144731991969895,0.022322355437898622,0.0064785048432032255,0.007915608612661273,-0.007400588818171627,0.0017505474929855325,0.038041684977939916,0.010662837181181809,0.0552784835793112,0.06252035698133351
008,2013,2414,1001,WPU1042,good,226.5,7.789040401657477,6.90875477931522,5.422744944923089,0.1074800390979398,0.06074950473885732,0.022322355437898622,0.007915608612661273,0.02144731991969895,0.0017505474929855325,0.0064785048432032255,0.006102896012584402,-0.007400588818171627,0.005256350706077069,0.005086716170381145,0.05566084710555419
008,2014,2587,1112,WPU1042,good,228.3,7.8582541821860294,7.013915474810528,5.43066055353575,0.06921378052855243,0.10516069549530727,0.007915608612661273,0.0017505474929855325,0.022322355437898622,0.006102896012584402,0.02144731991969895,0.011236073266926105,0.0064785048432032255,0.00636317225749868,0.1074800390979398,0.06074950473885732
008,2015,3044,1452,WPU1042,good,228.7,8.020927718981577,7.280697195384741,5.432411101028736,0.1626735367955474,0.26678172057421357,0.0017505474929855325,0.006102896012584402,0.007915608612661273,0.011236073266926105,0.022322355437898622,0.01873192276311375,0.02144731991969895,0.012023630680874753,0.06921378052855243,0.10516069549530727
008,2016,3798,1926,WPU1042,good,230.1,8.242229891372231,7.563200592358071,5.43851399704132,0.2213021723906543,0.28250339697332993,0.006102896012584402,0.011236073266926105,0.0017505474929855325,0.01873192276311375,0.007915608612661273,0.029505568605244115,0.022322355437898622,0.019824521545094655,0.1626735367955474,0.26678172057421357
008,2017,4572,2575,WPU1042,good,232.7,8.427706024914702,7.853604813097837,5.449750070308246,0.18547613354247083,0.2904042207397657,0.011236073266926105,0.01873192276311375,0.006102896012584402,0.029505568605244115,0.0017505474929855325,0.021471353514969316,0.007915608612661273,0.023236281627775725,0.2213021723906543,0.28250339697332993
008,2018,5014,2925,WPU1042,good,237.1,8.519989278718239,7.981049759665957,5.46848199307136,0.09228325380353652,0.12744494656812044,0.01873192276311375,0.029505568605244115,0.011236073266926105,0.021471353514969316,0.006102896012584402,0.031141299456378668,0.0017505474929855325,0.0273727405255307,0.18547613354247083,0.2904042207397657
008,2019,5581,3233,WPU1042,good,244.2,8.627123250788433,8.081165777725433,5.497987561676604,0.10713397207019426,0.10011601805947556,0.029505568605244115,0.021471353514969316,0.01873192276311375,0.031141299456378668,0.011236073266926105,0.07274558585121937,0.006102896012584402,0.04178607960752245,0.09228325380353652,0.12744494656812044
008,2020,10053,7102,WPU1042,good,249.5,9.215626376405421,8.868131713503033,5.519458915191573,0.5885031256169881,0.7869659357775998,0.021471353514969316,0.031141299456378668,0.029505568605244115,0.07274558585121937,0.01873192276311375,0.048712061573890963,0.011236073266926105,0.050866315627163,0.10713397207019426,0.10011601805947556
008,2021,9340,6316,WPU1042,good,257.392,9.142061531222888,8.750841375375533,5.550600214647952,-0.07356484518253303,-0.1172903381274999,0.031141299456378668,0.07274558585121937,0.021471353514969316,0.048712061573890963,0.029505568605244115,0.014880205435944482,0.01873192276311375,0.045445950953684935,0.5885031256169881,0.7869659357775998
008,2022,6221,3966,WPU1042,good,276.814,8.73568594451502,8.285513309079741,5.623345800499171,-0.40637558670786866,-0.4653280662957915,0.07274558585121937,0.048712061573890963,0.031141299456378668,0.014880205435944482,0.021471353514969316,0.05552972058936945,0.029505568605244115,0.039707329199734964,-0.07356484518253303,-0.1172903381274999
008,2023,6722,4321,WPU1042,good,290.632,8.81314100828505,8.371242135931933,5.672057862073062,0.07745506377003153,0.08572882685219163,0.048712061573890963,0.014880205435944482,0.07274558585121937,0.05552972058936945,0.031141299456378668,,0.021471353514969316,,-0.40637558670786866,-0.4653280662957915
008,2024,7942,5252,WPU1042,good,294.989,8.979920411691197,8.566364235422688,5.686938067509007,0.16677940340614583,0.19512209949075476,0.014880205435944482,0.05552972058936945,0.048712061573890963,,0.07274558585121937,,0.031141299456378668,,0.07745506377003153,0.08572882685219163
008,2025,7275,4813,WPU1042,good,311.833,8.892199092039693,8.47907586930311,5.742467788098376,-0.08772131965150365,-0.08728836611957824,0.05552972058936945,,0.014880205435944482,,0.048712061573890963,,0.07274558585121937,,0.16677940340614583,0.19512209949075476
009,2004,35740,12986,PCU334---334---,partial,99.0,10.484025788713419,9.471627133068433,4.59511985013459,,,,-0.015267472130788384,,-0.0103093696588612,,-0.024122826762623006,,-0.016566556184090864,,
009,2005,38347,13700,PCU334---334---,partial,97.5,10.554431576877635,9.525151111816216,4.579852378003801,0.07040578816421572,0.053523978747783474,-0.015267472130788384,-0.0103093696588612,,-0.024122826762623006,,-0.01605170901050812,,-0.016827968477330774,,
009,2006,39401,14401,PCU334---334---,partial,96.5,10.5815464756746,9.575052927597383,4.56954300834494,0.027114898796964937,0.04990181578116726,-0.0103093696588612,-0.024122826762623006,-0.015267472130788384,-0.01605170901050812,,-0.006493529310548141,,-0.015556021694559755,0.07040578816421572,0.053523978747783474
009,2007,41820,15359,PCU334---334---,partial,94.2,10.641129972982625,9.639456900415627,4.545420181582317,0.05958349730802581,0.06440397281824417,-0.024122826762623006,-0.01605170901050812,-0.0103093696588612,-0.006493529310548141,-0.015267472130788384,-0.01201543674441119,,-0.011520225021822483,0.027114898796964937,0.04990181578116726
009,2008,39008,14040,PCU334---334---,partial,92.7,10.571522032280997,9.549665677579801,4.529368472571809,-0.06960794070162812,-0.08979122283582619,-0.01605170901050812,-0.006493529310548141,-0.024122826762623006,-0.01201543674441119,-0.0103093696588612,-0.011049836186584727,-0.015267472130788384,-0.009852934080514686,0.05958349730802581,0.06440397281824417
009,2009,35956,13268,PCU334---334---,partial,92.1,10.49005124769329,9.493110400066943,4.522874943261261,-0.08147078458770807,-0.05655527751285838,-0.006493529310548141,-0.01201543674441119,-0.01605170901050812,-0.011049836186584727,-0.024122826762623006,-0.006688988150796327,-0.0103093696588612,-0.00991808702726408,-0.06960794070162812,-0.08979122283582619
009,2010,38676,14225,PCU334---334---,partial,91.0,10.562974531603437,9.562756258994531,4.51085950651685,0.07292328391014813,0.06964585892758812,-0.01201543674441119,-0.011049836186584727,-0.006493529310548141,-0.006688988150796327,-0.01605170901050812,0.0,-0.024122826762623006,-0.005912941445793685,-0.08147078458770807,-0.05655527751285838
009,2011,43418,16089,PCU334---334---,partial,90.0,10.678629380648701,9.685891087651035,4.499809670330265,0.11565484904526357,0.12313482865650371,-0.011049836186584727,-0.006688988150796327,-0.01201543674441119,0.0,-0.006493529310548141,0.0,-0.01605170901050812,-0.0022296627169321086,0.07292328391014813,0.06964585892758812
009,2012,45592,17411,PCU334---334---,partial,89.4,10.727487541514835,9.764857469366598,4.493120682179469,0.048858160866133815,0.07896638171556347,-0.006688988150796327,0.0,-0.011049836186584727,0.0,-0.01201543674441119,-0.0011191942970150137,-0.006493529310548141,-0.00037306476567167124,0.11565484904526357,0.12313482865650371
009,2013,47287,18417,PCU334---334---,partial,89.4,10.763990695266562,9.821029430095606,4.493120682179469,0.036503153751727524,0.05617196072900832,0.0,0.0,-0.006688988150796327,-0.0011191942970150137,-0.011049836186584727,-0.006741598566919471,-0.01201543674441119,-0.0026202642879781615,0.048858160866133815,0.07896638171556347
009,2014,51743,21226,PCU334---334---,partial,89.4,10.854044436277903,9.962982124321767,4.493120682179469,0.09005374101134045,0.14195269422616086,0.0,-0.0011191942970150137,0.0,-0.006741598566919471,-0.006688988150796327,-0.001128031704499044,-0.011049836186584727,-0.0029962748561445096,0.036503153751727524,0.05617196072900832
009,2015,57363,25145,PCU334---334---,partial,89.3,10.957154775161069,10.132414348606066,4.492001487882454,0.10311033888316601,0.16943222428429827,-0.0011191942970150137,-0.006741598566919471,0.0,-0.001128031704499044,0.0,0.003380284908823583,-0.006688988150796327,-0.0014964484541983105,0.09005374101134045,0.14195269422616086
009,2016,59239,27189,PCU334---334---,partial,88.7,10.9893353877531,10.210567758722892,4.485259889315534,0.032180612592030755,0.0781534101168262,-0.006741598566919471,-0.001128031704499044,-0.0011191942970150137,0.003380284908823583,0.0,0.011185798957716209,0.0,0.004479350720680249,0.10311033888316601,0.16943222428429827
009,2017,66283,30821,PCU334---334---,partial,88.6,11.101688733038813,10.335951554811068,4.484131857611035,0.1123533452857135,0.12538379608817607,-0.001128031704499044,0.003380284908823583,-0.006741598566919471,0.011185798957716209,-0.0011191942970150137,0.008859415643516222,0.0,0.007808499836685337,0.032180612592030755,0.0781534101168262
009,2018,66716,30454,PCU334---334---,partial,88.9,11.108200083197064,10.323972627400678,4.487512142519859,0.006511350158250551,-0.011978927410389417,0.003380284908823583,0.011185798957716209,-0.001128031704499044,0.008859415643516222,-0.006741598566919471,0.009087579277551328,-0.0011191942970150137,0.009710931292927919,0.1123533452857135,0.12538379608817607
009,2019,64773,29030,PCU334---334---,partial,89.9,11.078644128844024,10.276085057018676,4.498697941477575,-0.029555954353039482,-0.04788757038200231,0.011185798957716209,0.008859415643516222,0.003380284908823583,0.009087579277551328,-0.001128031704499044,0.051383972908766395,-0.006741598566919471,0.023110322609944646,0.006511350158250551,-0.011978927410389417
009,2020,78320,38445,PCU334---334---,partial,90.7,11.268558277204392,10.55698392746628,4.507557357121091,0.18991414836036746,0.2808988704476043,0.008859415643516222,0.009087579277551328,0.011185798957716209,0.051383972908766395,0.003380284908823583,0.029381245369219045,-0.001128031704499044,0.029950932518512254,-0.029555954353039482,-0.04788757038200231
009,2021,83308,40118,PCU334---334---,partial,91.528,11.330299861958906,10.599580390384643,4.5166449363986425,0.06174158475451463,0.04259646291836283,0.009087579277551328,0.051383972908766395,0.008859415643516222,0.029381245369219045,0.011185798957716209,0.028836356913379824,0.003380284908823583,0.036533858397121755,0.18991414836036746,0.2808988704476043
009,2022,75325,33230,PCU334---334---,partial,96.354,11.229567363998502,10.41120836134864,4.568028909307409,-0.10073249796040429,-0.18837202903600314,0.051383972908766395,0.029381245369219045,0.009087579277551328,0.028836356913379824,0.008859415643516222,0.035937077724516264,0.011185798957716209,0.031384893335705044,0.06174158475451463,0.04259646291836283
009,2023,67960,30721,PCU334---334---,partial,99.227,11.126674575785868,10.332701738815134,4.597410154676628,-0.10289278821263359,-0.07850662253350649,0.029381245369219045,0.028836356913379824,0.051383972908766395,0.035937077724516264,0.009087579277551328,,0.008859415643516222,,-0.10073249796040429,-0.18837202903600314
009,2024,72718,34901,PCU334---334---,partial,102.13,11.194344225722878,10.460270761075149,4.626246511590008,0.06766964993700952,0.12756902226001543,0.028836356913379824,0.035937077724516264,0.029381245369219045,,0.051383972908766395,,0.009087579277551328,,-0.10289278821263359,-0.07850662253350649
009,2025,80745,40298,PCU334---334---,partial,105.867,11.299051319663167,10.604057118911712,4.662183589314524,0.10470709394028965,0.14378635783656257,0.035937077724516264,,0.028836356913379824,,0.029381245369219045,,0.051383972908766395,,0.06766964993700952,0.12756902226001543
010,1983,1056,432,PCU339112339112,good,103.8,6.962243464266207,6.068425588244111,4.642465970731788,,,,0.0247396061757561,,0.0037523496185505323,,0.006532921041622508,,0.011674958945309713,,
010,1984,1090,439,PCU339112339112,good,106.4,6.993932975223189,6.0844994130751715,4.667205576907544,0.03168951095698258,0.01607382483106079,0.0247396061757561,0.0037523496185505323,,0.006532921041622508,,0.01660554761477595,,0.008963606091649663,,
010,1985,1194,487,PCU339112339112,good,106.8,7.085064293952548,6.18826412308259,4.6709579265260945,0.09113131872935831,0.10376471000741816,0.0037523496185505323,0.006532921041622508,0.0247396061757561,0.01660554761477595,,0.01903093231069075,,0.014056466989029737,0.03168951095698258,0.01607382483106079
010,1986,1224,486,PCU339112339112,good,107.5,7.1098794630722715,6.186208623900494,4.677490847567717,0.024815169119723812,-0.002055499182096021,0.006532921041622508,0.01660554761477595,0.0037523496185505323,0.01903093231069075,0.0247396061757561,0.0430457320314348,,0.026227403985633835,0.09113131872935831,0.10376471000741816
010,1987,1400,587,PCU339112339112,good,109.3,7.24422751560335,6.375024819828097,4.694096395182493,0.1343480525310783,0.18881619592760313,0.01660554761477595,0.01903093231069075,0.006532921041622508,0.0430457320314348,0.0037523496185505323,0.03131868325742726,0.0247396061757561,0.03113178253318427,0.024815169119723812,-0.002055499182096021
010,1988,1625,649,PCU339112339112,good,111.4,7.393263094763838,6.47543271670409,4.713127327493184,0.14903557916048804,0.10040789687599361,0.01903093231069075,0.0430457320314348,0.01660554761477595,0.03131868325742726,0.006532921041622508,0.0181673039554493,0.0037523496185505323,0.03084390641477045,0.1343480525310783,0.18881619592760313
010,1989,1947,775,PCU339112339112,good,116.3,7.5740450053721995,6.652863029353347,4.7561730595246186,0.18078191060836168,0.1774303126492569,0.0430457320314348,0.03131868325742726,0.01903093231069075,0.0181673039554493,0.01660554761477595,0.02505181516452737,0.006532921041622508,0.024845934125801307,0.14903557916048804,0.10040789687599361
010,1990,2619,958,PCU339112339112,good,120.0,7.870547844507712,6.86484777797086,4.787491742782046,0.29650283913551245,0.21198474861751304,0.03131868325742726,0.0181673039554493,0.0430457320314348,0.02505181516452737,0.01903093231069075,0.021319402017594413,0.01660554761477595,0.021512840379190358,0.18078191060836168,0.1774303126492569
010,1991,2755,934,PCU339112339112,good,122.2,7.9211727215870145,6.839476438228843,4.805659046737495,0.05062487707930252,-0.02537133974201744,0.0181673039554493,0.02505181516452737,0.03131868325742726,0.021319402017594413,0.0430457320314348,0.004676547883901705,0.01903093231069075,0.017015921688674496,0.29650283913551245,0.21198474861751304
010,1992,3115,1012,PCU339112339112,good,125.3,8.043984431221553,6.919683849847411,4.8307108619020225,0.12281170963453825,0.08020741161856826,0.02505181516452737,0.021319402017594413,0.0181673039554493,0.004676547883901705,0.03131868325742726,0.008517279518879484,0.0430457320314348,0.011504409806791866,0.05062487707930252,-0.02537133974201744
010,1993,3288,1056,PCU339112339112,good,128.0,8.098034756176071,6.962243464266207,4.852030263919617,0.05405032495451856,0.04255961441879563,0.021319402017594413,0.004676547883901705,0.02505181516452737,0.008517279518879484,0.0181673039554493,0.009209581593456306,0.03131868325742726,0.007467802998745832,0.12281170963453825,0.08020741161856826
010,1994,3200,1045,PCU339112339112,good,128.6,8.070906088787819,6.951772164398911,4.856706811803519,-0.02712866738825248,-0.010471299867295336,0.004676547883901705,0.008517279518879484,0.021319402017594413,0.009209581593456306,0.02505181516452737,-0.014621268554182443,0.0181673039554493,0.001035197519384449,0.05405032495451856,0.04255961441879563
010,1995,3453,1053,PCU339112339112,good,129.7,8.146998697389993,6.959398512133975,4.865224091322398,0.07609260860217404,0.0076263477350639874,0.008517279518879484,0.009209581593456306,0.004676547883901705,-0.014621268554182443,0.021319402017594413,-0.00856369577687488,0.02505181516452737,-0.004658460912533672,-0.02712866738825248,-0.010471299867295336
010,1996,3759,1133,PCU339112339112,good,130.9,8.231908243564177,7.0326242610280065,4.874433672915854,0.08490954617418467,0.0732257488940311,0.009209581593456306,-0.014621268554182443,0.008517279518879484,-0.00856369577687488,0.004676547883901705,-0.003916965446734366,0.021319402017594413,-0.009033976592597229,0.07609260860217404,0.0076263477350639874
010,1997,4213,1281,PCU339112339112,good,129.0,8.345930261979017,7.155396301896734,4.859812404361672,0.11402201841483972,0.1227720408687274,-0.014621268554182443,-0.00856369577687488,0.009209581593456306,-0.003916965446734366,0.008517279518879484,-0.0015710922320408827,0.004676547883901705,-0.004683917818550043,0.08490954617418467,0.0732257488940311
010,1998,4156,1303,PCU339112339112,good,127.9,8.332308352219117,7.172424577124845,4.851248708584797,-0.013621909759899964,0.017028275228111234,-0.00856369577687488,-0.003916965446734366,-0.014621268554182443,-0.0015710922320408827,0.009209581593456306,0.011723463696059255,0.008517279518879484,0.002078468672428002,0.11402201841483972,0.1227720408687274
010,1999,4810,1600,PCU339112339112,good,127.4,8.478452363099807,7.3777589082278725,4.847331743138063,0.14614401088068973,0.20533433110302735,-0.003916965446734366,-0.0015710922320408827,-0.00856369577687488,0.011723463696059255,-0.014621268554182443,0.016185324421017278,0.009209581593456306,0.00877923196167855,-0.013621909759899964,0.017028275228111234
010,2000,5152,1641,PCU339112339112,good,127.2,8.54714026778419,7.403061091090091,4.845760650906022,0.06868790468438313,0.025302182862218636,-0.0015710922320408827,0.011723463696059255,-0.003916965446734366,0.016185324421017278,-0.00856369577687488,0.01743128637796776,-0.014621268554182443,0.015113358165014763,0.14614401088068973,0.20533433110302735
010,2001,4922,1464,PCU339112339112,good,128.7,8.501470230951002,7.288927694521257,4.857484114602081,-0.04567003683318838,-0.11413339656883448,0.011723463696059255,0.016185324421017278,-0.0015710922320408827,0.01743128637796776,-0.003916965446734366,0.011206691809561242,-0.00856369577687488,0.014941100869515426,0.06868790468438313,0.025302182862218636
010,2002,4794,1478,PCU339112339112,good,130.8,8.475120414994329,7.298445101508147,4.873669439023098,-0.02634981595667263,0.009517406986890187,0.016185324421017278,0.01743128637796776,0.011723463696059255,0.011206691809561242,-0.0015710922320408827,0.0044477463982364185,-0.003916965446734366,0.011028574861921806,-0.04567003683318838,-0.11413339656883448
010,2003,5175,1498,PCU339112339112,good,133.1,8.55159461813357,7.311886164077165,4.891100725401066,0.07647420313924158,0.013441062569017781,0.01743128637796776,0.011206691809561242,0.016185324421017278,0.0044477463982364185,0.011723463696059255,-0.008915363657952646,-0.0015710922320408827,0.0022463581832816715,-0.02634981595667263,0.009517406986890187
010,2004,5739,1799,PCU339112339112,good,134.6,8.655040258108363,7.4949862339505335,4.902307417210627,0.10344563997479206,0.1831000698733689,0.011206691809561242,0.0044477463982364185,0.01743128637796776,-0.008915363657952646,0.016185324421017278,0.003724399090982544,0.011723463696059255,-0.00024773938957789454,0.07647420313924158,0.013441062569017781
010,2005,6108,1908,PCU339112339112,good,135.2,8.717354666338522,7.553810852008231,4.906755163608864,0.06231440823015966,0.0588246180576979,0.0044477463982364185,-0.008915363657952646,0.011206691809561242,0.003724399090982544,0.01743128637796776,0.013294139660593451,0.016185324421017278,0.002701058364541116,0.10344563997479206,0.1831000698733689
010,2006,6188,1870,PCU339112339112,good,134.0,8.730367211692958,7.533693709848633,4.897839799950911,0.01301254535443519,-0.0201171421595987,-0.008915363657952646,0.003724399090982544,0.0044477463982364185,0.013294139660593451,0.011206691809561242,0.00803804108576145,0.01743128637796776,0.00835219327911248,0.06231440823015966,0.0588246180576979
010,2007,6650,1985,PCU339112339112,good,134.5,8.8023721336499,7.59337419312129,4.901564199041894,0.07200492195694252,0.059680483272657625,0.003724399090982544,0.013294139660593451,-0.008915363657952646,0.00803804108576145,0.0044477463982364185,0.009416947532537634,0.011206691809561242,0.01024970942629751,0.01301254535443519,-0.0201171421595987
010,2008,6595,2024,PCU339112339112,good,136.3,8.794067065151415,7.6128310304073565,4.914858338702487,-0.008305068498485113,0.019456837286066175,0.013294139660593451,0.00803804108576145,0.003724399090982544,0.009416947532537634,-0.008915363657952646,-0.003611415987216482,0.0044477463982364185,0.004614524210360867,0.07200492195694252,0.059680483272657625
010,2009,6285,1872,PCU339112339112,good,137.4,8.745921121024347,7.534762657037537,4.922896379788249,-0.04814594412706796,-0.07806837336981953,0.00803804108576145,0.009416947532537634,0.013294139660593451,-0.003611415987216482,0.003724399090982544,0.000723327337142976,-0.008915363657952646,0.002176286294154709,-0.008305068498485113,0.019456837286066175
010,2010,6807,2070,PCU339112339112,good,138.7,8.825706773447951,7.635303886259415,4.932313327320786,0.07978565242360425,0.10054122922187769,0.009416947532537634,-0.003611415987216482,0.00803804108576145,0.000723327337142976,0.013294139660593451,0.0050486944599787975,0.003724399090982544,0.0007202019366350971,-0.04814594412706796,-0.07806837336981953
010,2011,6913,2157,PCU339112339112,good,138.2,8.841158975945264,7.676473646389156,4.92870191133357,0.015452202497312939,0.041169760129741384,-0.003611415987216482,0.000723327337142976,0.009416947532537634,0.0050486944599787975,0.00803804108576145,-0.004325889947121908,0.013294139660593451,0.00048204394999995515,0.07978565242360425,0.10054122922187769
010,2012,7272,2288,PCU339112339112,good,138.3,8.891786635857315,7.7354333524996886,4.929425238670713,0.05062765991205076,0.05895970611053247,0.000723327337142976,0.0050486944599787975,-0.003611415987216482,-0.004325889947121908,0.009416947532537634,0.010779838487866122,0.00803804108576145,0.0038342143335743373,0.015452202497312939,0.041169760129741384
010,2013,7349,2364,PCU339112339112,good,139.0,8.90231952852887,7.768110378525988,4.9344739331306915,0.010532892671555771,0.03267702602629985,0.0050486944599787975,-0.004325889947121908,0.000723327337142976,0.010779838487866122,-0.003611415987216482,0.014899175929825148,0.009416947532537634,0.0071177081568564535,0.05062765991205076,0.05895970611053247
010,2014,7633,2478,PCU339112339112,good,138.4,8.94023623179847,7.815207062189088,4.93014804318357,0.03791670326959995,0.04709668366309927,-0.004325889947121908,0.010779838487866122,0.0050486944599787975,0.014899175929825148,0.000723327337142976,-0.0014094435032339092,-0.003611415987216482,0.008089856971485787,0.010532892671555771,0.03267702602629985
010,2015,8537,2982,PCU339112339112,good,139.9,9.052164937010307,8.000349495324684,4.940927881671436,0.11192870521183629,0.18514243313559664,0.010779838487866122,0.014899175929825148,-0.004325889947121908,-0.0014094435032339092,0.0050486944599787975,0.0035198909977793846,0.000723327337142976,0.005669874474790207,0.03791670326959995,0.04709668366309927
010,2016,9392,3451,PCU339112339112,good,142.0,9.147613542067878,8.146419323098003,4.955827057601261,0.09544860505757136,0.146069827773319,0.014899175929825148,-0.0014094435032339092,0.010779838487866122,0.0035198909977793846,-0.004325889947121908,-0.0028149209298096167,0.0050486944599787975,-0.00023482447842138043,0.11192870521183629,0.18514243313559664
010,2017,10617,4220,PCU339112339112,good,141.8,9.270211769013573,8.347590407030058,4.954417614098027,0.12259822694569422,0.20117108393205463,-0.0014094435032339092,0.0035198909977793846,0.014899175929825148,-0.0028149209298096167,0.010779838487866122,0.011212451033679294,-0.004325889947121908,0.003972473700549687,0.09544860505757136,0.146069827773319
010,2018,11531,4825,PCU339112339112,good,142.3,9.352794339771116,8.481566013773087,4.957937505095806,0.08258257075754294,0.13397560674302866,0.0035198909977793846,-0.0028149209298096167,-0.0014094435032339092,0.011212451033679294,0.014899175929825148,-0.0005227847117410533,0.010779838487866122,0.002624915130709541,0.12259822694569422,0.20117108393205463
010,2019,12231,5164,PCU339112339112,good,141.9,9.411728991487363,8.549466751966532,4.955122584165997,0.0589346517162479,0.06790073819344578,-0.0028149209298096167,0.011212451033679294,0.0035198909977793846,-0.0005227847117410533,-0.0014094435032339092,0.02207969663138165,0.014899175929825148,0.010923120984439963,0.08258257075754294,0.13397560674302866
010,2020,22960,13021,PCU339112339112,good,143.5,10.041508850433503,9.474318717728728,4.966335035199676,0.6297798589461401,0.9248519657621959,0.011212451033679294,-0.0005227847117410533,-0.0028149209298096167,0.02207969663138165,0.0035198909977793846,0.026609198268787715,-0.0014094435032339092,0.016055370062809438,0.0589346517162479,0.06790073819344578
010,2021,17000,8078,PCU339112339112,good,143.425,9.740968623038354,8.996899596123358,4.965812250487935,-0.30054022739514963,-0.4774191216053705,-0.0005227847117410533,0.02207969663138165,0.011212451033679294,0.026609198268787715,-0.0028149209298096167,0.024553143039336867,0.0035198909977793846,0.024414012646502076,0.6297798589461401,0.9248519657621959
010,2022,13370,5950,PCU339112339112,good,146.627,9.500768670095988,8.691146498539675,4.987891947119317,-0.2401999529423655,-0.30575309758368263,0.02207969663138165,0.026609198268787715,-0.0005227847117410533,0.024553143039336867,0.011212451033679294,0.022451544040965388,-0.0028149209298096167,0.02453796178302999,-0.30054022739514963,-0.4774191216053705
010,2023,13588,6408,PCU339112339112,good,150.581,9.516942329280475,8.765302488748196,5.014501145388104,0.016173659184486766,0.0741559902085207,0.026609198268787715,0.024553143039336867,0.02207969663138165,0.022451544040965388,-0.0005227847117410533,,0.011212451033679294,,-0.2401999529423655,-0.30575309758368263
010,2024,14195,7006,PCU339112339112,good,154.324,9.560645068907071,8.854522203757432,5.039054288427441,0.0437027396265961,0.08921971500923576,0.024553143039336867,0.022451544040965388,0.026609198268787715,,0.02207969663138165,,-0.0005227847117410533,,0.016173659184486766,0.0741559902085207
010,2025,14385,6871,PCU339112339112,good,157.828,9.573941275985648,8.835064935031076,5.061505832468407,0.013296207078576927,-0.019457268726355892,0.022451544040965388,,0.024553143039336867,,0.026609198268787715,,0.02207969663138165,,0.0437027396265961,0.08921971500923576
011,1980,1319,661,PCU333415333415,partial,88.3,7.1846291527173145,6.493753839851686,4.480740107609915,,,,0.06042474840226397,,0.042781693524285735,,0.03512654162061857,,0.04611099451572276,,
011,1981,1442,722,PCU333415333415,partial,93.8,7.273786317844895,6.582025138892826,4.541164856012179,0.0891571651275802,0.08827129904114006,0.06042474840226397,0.042781693524285735,,0.03512654162061857,,0.013712261863982,,0.030540165669628767,,
011,1982,1616,734,PCU333415333415,partial,97.9,7.38770923908104,6.598509028614515,4.583946549536464,0.11392292123614567,0.016483889721689238,0.042781693524285735,0.03512654162061857,0.06042474840226397,0.013712261863982,,0.01831376485542613,,0.022384189446675563,0.0891571651275802,0.08827129904114006
011,1983,1326,625,PCU333415333415,partial,101.4,7.189922170745808,6.437751649736401,4.619073091157083,-0.19778706833523252,-0.16075737887811403,0.03512654162061857,0.013712261863982,0.042781693524285735,0.01831376485542613,0.06042474840226397,0.011396134730869534,,0.01447405381675922,0.11392292123614567,0.016483889721689238
011,1984,1378,634,PCU333415333415,partial,102.8,7.228388451573604,6.452048954437226,4.632785353021065,0.03846628082779624,0.014297304700824576,0.013712261863982,0.01831376485542613,0.03512654162061857,0.011396134730869534,0.042781693524285735,0.0075259057003469465,0.06042474840226397,0.012411935095547536,-0.19778706833523252,-0.16075737887811403
011,1985,1480,654,PCU333415333415,partial,104.7,7.299797366758161,6.483107351457199,4.651099117876491,0.0714089151845565,0.03105839701997315,0.01831376485542613,0.011396134730869534,0.013712261863982,0.0075259057003469465,0.03512654162061857,0.03770561600547584,0.042781693524285735,0.018875885478897438,0.03846628082779624,0.014297304700824576
011,1986,1438,704,PCU333415333415,partial,105.9,7.271008538280992,6.556778356158042,4.662495252607361,-0.028788828477168238,0.07367100470084331,0.011396134730869534,0.0075259057003469465,0.01831376485542613,0.03770561600547584,0.013712261863982,0.041543755648664416,0.03512654162061857,0.028925092451495733,0.0714089151845565,0.03105839701997315
011,1987,1487,703,PCU333415333415,partial,106.7,7.304515946460155,6.555356891810665,4.670021158307708,0.033507408179162645,-0.0014214643473771105,0.0075259057003469465,0.03770561600547584,0.011396134730869534,0.041543755648664416,0.01831376485542613,0.029852963149681777,0.013712261863982,0.03636744493460734,-0.028788828477168238,0.07367100470084331
011,1988,1488,687,PCU333415333415,partial,110.8,7.305188215393037,6.532334292222349,4.707726774313183,0.0006722689328819698,-0.023022599588315984,0.03770561600547584,0.041543755648664416,0.0075259057003469465,0.029852963149681777,0.011396134730869534,0.005865119452398204,0.01831376485542613,0.025753946083581464,0.033507408179162645,-0.0014214643473771105
011,1989,1973,808,PCU333415333415,partial,115.5,7.587310506022615,6.694562058521095,4.749270529961848,0.2821222906295784,0.1622277662987459,0.041543755648664416,0.029852963149681777,0.03770561600547584,0.005865119452398204,0.0075259057003469465,0.011628037995119023,0.011396134730869534,0.015782040199066334,0.0006722689328819698,-0.023022599588315984
011,1990,2457,1040,PCU333415333415,partial,119.0,7.806696372521179,6.946975992135418,4.77912349311153,0.2193858664985635,0.2524139336143234,0.029852963149681777,0.005865119452398204,0.041543755648664416,0.011628037995119023,0.03770561600547584,0.00822373055761183,0.0075259057003469465,0.008572296001709685,0.2821222906295784,0.1622277662987459
011,1991,2320,996,PCU333415333415,partial,119.7,7.749322464660356,6.903747257584598,4.784988612563928,-0.05737390786082308,-0.043228734550820214,0.005865119452398204,0.011628037995119023,0.029852963149681777,0.00822373055761183,0.041543755648664416,0.008156652073749271,0.03770561600547584,0.009336140208826707,0.2193858664985635,0.2524139336143234
011,1992,2470,965,PCU333415333415,partial,121.1,7.8119734296220225,6.872128101338986,4.796616650559047,0.06265096496166667,-0.03161915624561207,0.011628037995119023,0.00822373055761183,0.005865119452398204,0.008156652073749271,0.029852963149681777,0.023284873761070024,0.041543755648664416,0.013221752130810374,-0.05737390786082308,-0.043228734550820214
011,1993,2533,1019,PCU333415333415,partial,122.1,7.837159650001675,6.926577033222725,4.804840381116659,0.0251862203796529,0.054448931883738894,0.00822373055761183,0.008156652073749271,0.011628037995119023,0.023284873761070024,0.005865119452398204,0.017309637535091404,0.029852963149681777,0.016250387789970233,0.06265096496166667,-0.03161915624561207
011,1994,2722,1080,PCU333415333415,partial,123.1,7.909122183211411,6.984716320118266,4.812997033190408,0.071962533209736,0.05813928689554082,0.008156652073749271,0.023284873761070024,0.00822373055761183,0.017309637535091404,0.011628037995119023,0.007770046861931945,0.005865119452398204,0.016121519386031125,0.0251862203796529,0.054448931883738894
011,1995,3028,1128,PCU333415333415,partial,126.0,8.01565761455734,7.028201432058005,4.836281906951478,0.10653543134592791,0.04348511193973881,0.023284873761070024,0.017309637535091404,0.008156652073749271,0.007770046861931945,0.00822373055761183,0.01612318996024964,0.011628037995119023,0.01373429145242433,0.071962533209736,0.05813928689554082
011,1996,3077,1186,PCU333415333415,partial,128.2,8.031710375322042,7.078341579557671,4.853591544486569,0.016052760764702967,0.050140147499666554,0.017309637535091404,0.007770046861931945,0.023284873761070024,0.01612318996024964,0.008156652073749271,0.0015220703090683685,0.00822373055761183,0.008471769043749983,0.10653543134592791,0.04348511193973881
011,1997,3466,1269,PCU333415333415,partial,129.2,8.150756470275551,7.1459844677143876,4.861361591348501,0.11904609495350904,0.06764288815671637,0.007770046861931945,0.01612318996024964,0.017309637535091404,0.0015220703090683685,0.023284873761070024,-0.006867634775488796,0.008156652073749271,0.003592541831276404,0.016052760764702967,0.050140147499666554
011,1998,3777,1441,PCU333415333415,partial,131.3,8.236685322712457,7.273092595999522,4.877484781308751,0.08592885243690596,0.1271081282851343,0.01612318996024964,0.0015220703090683685,0.007770046861931945,-0.006867634775488796,0.017309637535091404,0.0,0.023284873761070024,-0.0017818548221401422,0.11904609495350904,0.06764288815671637
011,1999,4173,1652,PCU333415333415,partial,131.5,8.336390480591552,7.409741954080923,4.879006851617819,0.09970515787909484,0.13664935808140122,0.0015220703090683685,-0.006867634775488796,0.01612318996024964,0.0,0.007770046861931945,0.006106889208179922,0.017309637535091404,-0.00025358185576962455,0.08592885243690596,0.1271081282851343
011,2000,4254,1593,PCU333415333415,partial,130.6,8.355614995760183,7.373374309910049,4.8721392168423305,0.019224515168630774,-0.036367644170874236,-0.006867634775488796,0.0,0.0015220703090683685,0.006106889208179922,0.01612318996024964,0.002280502698725151,0.007770046861931945,0.0027957973023016907,0.09970515787909484,0.13664935808140122
011,2001,4188,1467,PCU333415333415,partial,130.6,8.339978571990427,7.2909747781429814,4.8721392168423305,-0.015636423769755936,-0.08239953176706738,0.0,0.006106889208179922,-0.006867634775488796,0.002280502698725151,0.0015220703090683685,0.012825524732288152,0.01612318996024964,0.007070972213064408,0.019224515168630774,-0.036367644170874236
011,2002,4446,1590,PCU333415333415,partial,131.4,8.399760094524142,7.371489295214277,4.8782461060505105,0.05978152253371505,0.08051451707129598,0.006106889208179922,0.002280502698725151,0.0,0.012825524732288152,-0.006867634775488796,0.059654047778095354,0.0015220703090683685,0.024920025069702884,-0.015636423769755936,-0.08239953176706738
011,2003,4806,1635,PCU333415333415,partial,131.7,8.477620416296414,7.399398083331354,4.880526608749236,0.0778603217722722,0.027908788117076533,0.002280502698725151,0.012825524732288152,0.006106889208179922,0.059654047778095354,0.0,0.039465142208965354,-0.006867634775488796,0.03731490490644962,0.05978152253371505,0.08051451707129598
011,2004,5127,1891,PCU333415333415,partial,133.4,8.5422759717837,7.544861068658458,4.893352133481524,0.06465555548728652,0.14546298532710367,0.012825524732288152,0.059654047778095354,0.002280502698725151,0.039465142208965354,0.006106889208179922,0.05545975537136805,0.0,0.05152631511947625,0.0778603217722722,0.027908788117076533
011,2005,5460,2075,PCU333415333415,partial,141.6,8.605204068738951,7.637716432664798,4.953006181259619,0.06292809695525037,0.09285536400634076,0.059654047778095354,0.039465142208965354,0.012825524732288152,0.05545975537136805,0.002280502698725151,0.040899062841360134,0.006106889208179922,0.04527465347389784,0.06465555548728652,0.14546298532710367
011,2006,6000,2255,PCU333415333415,partial,147.3,8.699514748210191,7.720905251936779,4.9924713234685845,0.09431067947124028,0.08318881927198074,0.039465142208965354,0.05545975537136805,0.059654047778095354,0.040899062841360134,0.012825524732288152,0.0055333679456550655,0.002280502698725151,0.03396406205279441,0.06292809695525037,0.09285536400634076
011,2007,6442,2365,PCU333415333415,partial,155.7,8.770594329891145,7.768533300926033,5.0479310788399525,0.0710795816809533,0.04762804898925399,0.05545975537136805,0.040899062841360134,0.039465142208965354,0.0055333679456550655,0.059654047778095354,-0.004917035106422496,0.012825524732288152,0.013838465226864233,0.09431067947124028,0.08318881927198074
011,2008,6186,2332,PCU333415333415,partial,162.2,8.730043953245016,7.754481547470383,5.088830141681313,-0.04055037664612904,-0.014051753455650129,0.040899062841360134,0.0055333679456550655,0.05545975537136805,-0.004917035106422496,0.039465142208965354,0.0339220895629504,0.059654047778095354,0.011512807467394321,0.0710795816809533,0.04762804898925399
011,2009,5927,2261,PCU333415333415,partial,163.1,8.687273461787838,7.72356247227797,5.094363509626968,-0.04277049145717804,-0.030919075192413104,0.0055333679456550655,-0.004917035106422496,0.040899062841360134,0.0339220895629504,0.05545975537136805,0.024707139133997913,0.039465142208965354,0.01790406453017527,-0.04055037664612904,-0.014051753455650129
011,2010,6220,2405,PCU333415333415,partial,162.3,8.735525185733225,7.785305182539862,5.089446474520545,0.04825172394538768,0.06174271026189171,-0.004917035106422496,0.0339220895629504,0.0055333679456550655,0.024707139133997913,0.040899062841360134,0.019563339688427384,0.05545975537136805,0.026064189461791898,-0.04277049145717804,-0.030919075192413104
011,2011,6485,2394,PCU333415333415,partial,167.9,8.777247096750544,7.780720886117918,5.123368564083496,0.04172191101731926,-0.004584296421943357,0.0339220895629504,0.024707139133997913,-0.004917035106422496,0.019563339688427384,0.0055333679456550655,0.01638917723998823,0.040899062841360134,0.02021988535413784,0.04825172394538768,0.06174271026189171
011,2012,6379,2379,PCU333415333415,partial,172.1,8.760766624241956,7.774435510302958,5.1480757032174935,-0.016480472508588306,-0.006285375814960581,0.024707139133997913,0.019563339688427384,0.0339220895629504,0.01638917723998823,-0.004917035106422496,0.007816901891611217,0.0055333679456550655,0.014589806273342276,0.04172191101731926,-0.004584296421943357
011,2013,6859,2607,PCU333415333415,partial,175.5,8.83331693749932,7.865955413933502,5.167639042905921,0.07255031325736461,0.09151990363054452,0.019563339688427384,0.01638917723998823,0.024707139133997913,0.007816901891611217,0.0339220895629504,0.010511853364604917,-0.004917035106422496,0.011572644165401453,-0.016480472508588306,-0.006285375814960581
011,2014,7475,2882,PCU333415333415,partial,178.4,8.919319398258887,7.966239776559467,5.184028220145909,0.08600246075956619,0.10028436262596507,0.01638917723998823,0.007816901891611217,0.019563339688427384,0.010511853364604917,0.024707139133997913,0.019079346809953712,0.0339220895629504,0.012469367355389949,0.07255031325736461,0.09151990363054452
011,2015,8506,3544,PCU333415333415,partial,179.8,9.04852707581358,8.173011311724972,5.19184512203752,0.12920767755469242,0.20677153516550462,0.007816901891611217,0.010511853364604917,0.01638917723998823,0.019079346809953712,0.019563339688427384,0.04642183685124923,0.024707139133997913,0.02533767900860262,0.08600246075956619,0.10028436262596507
011,2016,10450,4991,PCU333415333415,partial,181.7,9.254357257392957,8.515391569469609,5.202356975402125,0.20583018157937794,0.34238025774463665,0.010511853364604917,0.019079346809953712,0.007816901891611217,0.04642183685124923,0.01638917723998823,0.045347819978458936,0.019563339688427384,0.036949667879887294,0.12920767755469242,0.20677153516550462
011,2017,12920,6740,PCU333415333415,partial,185.2,9.466531777336593,8.815815203906352,5.221436322212079,0.2121745199436358,0.30042363443674347,0.019079346809953712,0.04642183685124923,0.010511853364604917,0.045347819978458936,0.007816901891611217,0.019995789359751548,0.01638917723998823,0.0372551487298199,0.20583018157937794,0.34238025774463665
011,2018,12710,6463,PCU333415333415,partial,194.0,9.4501443641835,8.773848885262895,5.267858159063328,-0.016387413153093888,-0.0419663186434569,0.04642183685124923,0.045347819978458936,0.019079346809953712,0.019995789359751548,0.010511853364604917,0.07877904884188691,0.007816901891611217,0.04804088606003246,0.2121745199436358,0.30042363443674347
011,2019,13849,7275,PCU333415333415,partial,203.0,9.535968306842717,8.892199092039693,5.313205979041787,0.08582394265921778,0.11835020677679786,0.045347819978458936,0.019995789359751548,0.04642183685124923,0.07877904884188691,0.019079346809953712,0.1970989597204893,0.010511853364604917,0.09862459930737591,-0.016387413153093888,-0.0419663186434569
011,2020,27194,17259,PCU333415333415,partial,207.1,10.210751639715632,9.756089025531404,5.333201768401539,0.6747833328729147,0.863889933491711,0.019995789359751548,0.07877904884188691,0.045347819978458936,0.1970989597204893,0.04642183685124923,0.06374164609182298,0.019079346809953712,0.11320655155139972,0.08582394265921778,0.11835020677679786
011,2021,24575,15380,PCU333415333415,partial,224.075,10.109484945015367,9.640823243059636,5.411980817243426,-0.10126669470026428,-0.11526578247176822,0.07877904884188691,0.1970989597204893,0.019995789359751548,0.06374164609182298,0.045347819978458936,0.024151250782982636,0.04642183685124923,0.09499728553176497,0.6747833328729147,0.863889933491711
011,2022,16518,9673,PCU333415333415,partial,272.893,9.712205974370661,9.177093778182547,5.609079776963915,-0.39727897064470596,-0.46372946487708866,0.1970989597204893,0.06374164609182298,0.07877904884188691,0.024151250782982636,0.019995789359751548,0.03193158959126041,0.045347819978458936,0.03994149548868867,-0.10126669470026428,-0.11526578247176822
011,2023,16810,10140,PCU333415333415,partial,290.854,9.729729226402661,9.224243277145174,5.672821423055738,0.017523252031999448,0.04714949896262688,0.06374164609182298,0.024151250782982636,0.1970989597204893,0.03193158959126041,0.07877904884188691,,0.019995789359751548,,-0.39727897064470596,-0.46372946487708866
011,2024,19458,11800,PCU333415333415,partial,297.964,9.876013575535373,9.375854810453756,5.6969726738387205,0.1462843491327117,0.15161153330858212,0.024151250782982636,0.03193158959126041,0.06374164609182298,,0.1970989597204893,,0.07877904884188691,,0.017523252031999448,0.04714949896262688
011,2025,18162,10574,PCU333415333415,partial,307.632,9.807086778249774,9.266153436795395,5.728904263429981,-0.0689267972855987,-0.10970137365836052,0.03193158959126041,,0.024151250782982636,,0.06374164609182298,,0.1970989597204893,,0.1462843491327117,0.15161153330858212
012,1980,971,428,PCU336110336110,partial,86.0,6.878326468291325,6.059123195581797,4.454347296253507,,,,0.09425253824618984,,0.05256233009085509,,0.024790560580067122,,0.05720180963903735,,
012,1981,1258,577,PCU336110336110,partial,94.5,7.1372784372603855,6.3578422665081,4.548599834499697,0.25895196896906025,0.29871907092630323,0.09425253824618984,0.05256233009085509,,0.024790560580067122,,0.02419082646020332,,0.03384790571037517,,
012,1982,1415,641,PCU336110336110,partial,99.6,7.254884810077338,6.46302945692067,4.601162164590552,0.11760637281695274,0.10518719041257008,0.05256233009085509,0.024790560580067122,0.09425253824618984,0.02419082646020332,,0.0245526970058787,,0.024511361348716378,0.25895196896906025,0.29871907092630323
012,1983,1288,602,PCU336110336110,partial,102.1,7.160845906664299,6.400257445308821,4.625952725170619,-0.09403890341303889,-0.06277201161184909,0.024790560580067122,0.02419082646020332,0.05256233009085509,0.0245526970058787,0.09425253824618984,0.034833952675632496,,0.027859158713904836,0.11760637281695274,0.10518719041257008
012,1984,1363,614,PCU336110336110,partial,104.6,7.217443431696533,6.419994928147142,4.650143551630823,0.0565975250322337,0.01973748283832144,0.02419082646020332,0.0245526970058787,0.024790560580067122,0.034833952675632496,0.05256233009085509,0.01785761740000691,0.09425253824618984,0.0257480890271727,-0.09403890341303889,-0.06277201161184909
012,1985,1540,720,PCU336110336110,partial,107.2,7.3395376954076745,6.579251212010101,4.674696248636701,0.12209426371114152,0.15925628386295898,0.0245526970058787,0.034833952675632496,0.02419082646020332,0.01785761740000691,0.024790560580067122,0.009687438155689065,0.05256233009085509,0.020793002743776157,0.0565975250322337,0.01973748283832144
012,1986,1492,669,PCU336110336110,partial,111.0,7.307872780763706,6.505784060128229,4.709530201312334,-0.0316649146439687,-0.07346715188187236,0.034833952675632496,0.01785761740000691,0.0245526970058787,0.009687438155689065,0.02419082646020332,0.02851165052596638,0.024790560580067122,0.01868556869388745,0.12209426371114152,0.15925628386295898
012,1987,1465,647,PCU336110336110,partial,113.0,7.289610521451167,6.472346294500901,4.727387818712341,-0.018262259312538554,-0.03343776562732792,0.01785761740000691,0.009687438155689065,0.034833952675632496,0.02851165052596638,0.0245526970058787,0.021071154639471956,0.02419082646020332,0.019756747773709133,-0.0316649146439687,-0.07346715188187236
012,1988,1663,759,PCU336110336110,partial,114.1,7.416378479192928,6.63200177739563,4.73707525686803,0.12676795774176064,0.15965548289472942,0.009687438155689065,0.02851165052596638,0.01785761740000691,0.021071154639471956,0.034833952675632496,0.04405279986855426,0.0245526970058787,0.031211868344664197,-0.018262259312538554,-0.03343776562732792
012,1989,1786,790,PCU336110336110,partial,117.4,7.487733761436444,6.672032945461067,4.765586907393996,0.07135528224351617,0.04003116806543705,0.02851165052596638,0.021071154639471956,0.009687438155689065,0.04405279986855426,0.01785761740000691,0.0298764359505741,0.034833952675632496,0.03166679681953344,0.12676795774176064,0.15965548289472942
012,1990,2231,989,PCU336110336110,partial,119.9,7.7102051944325325,6.8966943316227125,4.786658062033468,0.2224714329960884,0.2246613861616451,0.021071154639471956,0.04405279986855426,0.02851165052596638,0.0298764359505741,0.009687438155689065,0.03126446025369223,0.01785761740000691,0.03506456535760686,0.07135528224351617,0.04003116806543705
012,1991,2072,904,PCU336110336110,partial,125.3,7.6362696033793735,6.806829360392176,4.8307108619020225,-0.07393559105315894,-0.08986497123053638,0.04405279986855426,0.0298764359505741,0.021071154639471956,0.03126446025369223,0.02851165052596638,0.03540192705091627,0.009687438155689065,0.032180941085060866,0.2224714329960884,0.2246613861616451
012,1992,2048,853,PCU336110336110,partial,129.1,7.6246189861593985,6.748759547491679,4.860587297852597,-0.011650617219975068,-0.05806981290049684,0.0298764359505741,0.03126446025369223,0.04405279986855426,0.03540192705091627,0.021071154639471956,0.007939413772191983,0.02851165052596638,0.02486860035893349,-0.07393559105315894,-0.08986497123053638
012,1993,2364,969,PCU336110336110,partial,133.2,7.768110378525988,6.876264611890766,4.891851758106289,0.14349139236658992,0.12750506439908715,0.03126446025369223,0.03540192705091627,0.0298764359505741,0.007939413772191983,0.04405279986855426,0.00930239266231414,0.021071154639471956,0.017547911161807463,-0.011650617219975068,-0.05806981290049684
012,1994,2451,992,PCU336110336110,partial,138.0,7.804251383528112,6.899723107284872,4.927253685157205,0.036141005002123805,0.023458495394105938,0.03540192705091627,0.007939413772191983,0.03126446025369223,0.00930239266231414,0.0298764359505741,-0.012182164270925,0.04405279986855426,0.0016865473878603745,0.14349139236658992,0.12750506439908715
012,1995,2684,993,PCU336110336110,partial,139.1,7.895063498091573,6.900730664045173,4.935193098929397,0.09081211456346061,0.0010075567603005098,0.007939413772191983,0.00930239266231414,0.03540192705091627,-0.012182164270925,0.03126446025369223,-0.01379332213233564,0.0298764359505741,-0.005557697913648832,0.036141005002123805,0.023458495394105938
012,1996,2774,1098,PCU336110336110,partial,140.4,7.928045600874777,7.001245622069476,4.944495491591711,0.03298210278320379,0.10051495802430299,0.00930239266231414,-0.012182164270925,0.007939413772191983,-0.01379332213233564,0.03540192705091627,0.0058309203107924645,0.03126446025369223,-0.006714855364156058,0.09081211456346061,0.0010075567603005098
012,1997,3222,1189,PCU336110336110,partial,138.7,8.07775756373692,7.080867896690782,4.932313327320786,0.14971196286214372,0.07962227462130578,-0.012182164270925,-0.01379332213233564,0.00930239266231414,0.0058309203107924645,0.007939413772191983,0.007962401821543175,0.03540192705091627,0.0,0.03298210278320379,0.10051495802430299
012,1998,3260,1233,PCU336110336110,partial,136.8,8.089482474360754,7.117205503164344,4.918520005188451,0.011724910623833296,0.036337606473562545,-0.01379332213233564,0.0058309203107924645,-0.012182164270925,0.007962401821543175,0.00930239266231414,-0.007962401821543175,0.007939413772191983,0.0019436401035974882,0.14971196286214372,0.07962227462130578
012,1999,3759,1488,PCU336110336110,partial,137.6,8.231908243564177,7.305188215393037,4.924350925499243,0.14242576920342387,0.18798271222869278,0.0058309203107924645,0.007962401821543175,-0.01379332213233564,-0.007962401821543175,-0.012182164270925,-0.019817162285533207,0.00930239266231414,-0.0066057207618444025,0.011724910623833296,0.036337606473562545
012,2000,4280,1570,PCU336110336110,partial,138.7,8.361708288575842,7.358830898342354,4.932313327320786,0.12980004501166498,0.05364268294931662,0.007962401821543175,-0.007962401821543175,0.0058309203107924645,-0.019817162285533207,-0.01379332213233564,0.0014814817524433366,-0.012182164270925,-0.008766027451544348,0.14242576920342387,0.18798271222869278
012,2001,3791,1363,PCU336110336110,partial,137.6,8.240385115516334,7.217443431696533,4.924350925499243,-0.12132317305950835,-0.14138746664582058,-0.007962401821543175,-0.019817162285533207,0.007962401821543175,0.0014814817524433366,0.0058309203107924645,0.0103093696588612,-0.01379332213233564,-0.002675436958076223,0.12980004501166498,0.05364268294931662
012,2002,4037,1516,PCU336110336110,partial,134.9,8.30325712085294,7.323830566202317,4.90453376321371,0.06287200533660631,0.10638713450578408,-0.019817162285533207,0.0014814817524433366,-0.007962401821543175,0.0103093696588612,0.007962401821543175,-0.0103093696588612,0.0058309203107924645,0.0004938272508144455,-0.12132317305950835,-0.14138746664582058
012,2003,4388,1690,PCU336110336110,partial,135.1,8.38662882139512,7.432483807917119,4.906015244966153,0.08337170054218035,0.10865324171480228,0.0014814817524433366,0.0103093696588612,-0.019817162285533207,-0.0103093696588612,-0.007962401821543175,-0.032345805943054806,0.007962401821543175,-0.010781935314351601,0.06287200533660631,0.10638713450578408
012,2004,4686,1879,PCU336110336110,partial,136.5,8.452334619067742,7.538494999413465,4.916324614625014,0.06570579767262075,0.10601119149634552,0.0103093696588612,-0.0103093696588612,0.0014814817524433366,-0.032345805943054806,-0.019817162285533207,0.0022909517465556917,-0.007962401821543175,-0.013454741285120104,0.08337170054218035,0.10865324171480228
012,2005,4948,1980,PCU336110336110,partial,135.1,8.506738733512378,7.590852123688581,4.906015244966153,0.054404114444636775,0.052357124275116185,-0.0103093696588612,-0.032345805943054806,0.0103093696588612,0.0022909517465556917,0.0014814817524433366,0.013636574949545732,-0.019817162285533207,-0.00547275974898446,0.06570579767262075,0.10601119149634552
012,2006,4982,1968,PCU336110336110,partial,130.8,8.513586695822125,7.584773077612199,4.873669439023098,0.0068479623097470466,-0.006079046076382433,-0.032345805943054806,0.0022909517465556917,-0.0103093696588612,0.013636574949545732,0.0103093696588612,0.028191778010704382,0.0014814817524433366,0.014706434902268601,0.054404114444636775,0.052357124275116185
012,2007,5178,1962,PCU336110336110,partial,131.1,8.552174160311482,7.581719640125308,4.875960390769654,0.038587464489356904,-0.0030534374868906866,0.0022909517465556917,0.013636574949545732,-0.032345805943054806,0.028191778010704382,-0.0103093696588612,0.0007312614585464061,0.0103093696588612,0.01418653813959884,0.0068479623097470466,-0.006079046076382433
012,2008,5076,1919,PCU336110336110,partial,132.9,8.532278828834277,7.5595594960077,4.8895969657192,-0.019895331477204792,-0.022160144117608027,0.013636574949545732,0.028191778010704382,0.0022909517465556917,0.0007312614585464061,-0.032345805943054806,0.006557400546158831,-0.0103093696588612,0.011826813338469872,0.038587464489356904,-0.0030534374868906866
012,2009,4321,1685,PCU336110336110,partial,136.7,8.371242135931933,7.429520842786462,4.917788743729904,-0.16103669290234457,-0.13003865322123787,0.028191778010704382,0.0007312614585464061,0.013636574949545732,0.006557400546158831,0.0022909517465556917,0.02509991932453204,-0.032345805943054806,0.010796193776412425,-0.019895331477204792,-0.022160144117608027
012,2010,4621,1755,PCU336110336110,partial,136.8,8.438366410870266,7.470224135899966,4.918520005188451,0.06712427493833317,0.04070329311350385,0.0007312614585464061,0.006557400546158831,0.028191778010704382,0.02509991932453204,0.013636574949545732,0.010567199423649143,0.0022909517465556917,0.014074839764780004,-0.16103669290234457,-0.13003865322123787
012,2011,4859,1743,PCU336110336110,partial,137.7,8.488587934405903,7.463363045520021,4.925077405734609,0.05022152353563669,-0.0068610903799450895,0.006557400546158831,0.02509991932453204,0.0007312614585464061,0.010567199423649143,0.028191778010704382,0.01805604609344691,0.013636574949545732,0.017907721613876028,0.06712427493833317,0.04070329311350385
012,2012,4919,1804,PCU336110336110,partial,141.2,8.50086053679534,7.4977617006225685,4.950177325059141,0.012272602389437282,0.03439865510254769,0.02509991932453204,0.010567199423649143,0.006557400546158831,0.01805604609344691,0.0007312614585464061,0.024474369113725913,0.028191778010704382,0.017699204876940655,0.05022152353563669,-0.0068610903799450895
012,2013,5056,1866,PCU336110336110,partial,142.7,8.528330935826693,7.531552381407289,4.960744524482791,0.027470399031352954,0.033790680784720806,0.010567199423649143,0.01805604609344691,0.02509991932453204,0.024474369113725913,0.006557400546158831,0.008026798949452463,0.0007312614585464061,0.016852404718875093,0.012272602389437282,0.03439865510254769
012,2014,5569,2172,PCU336110336110,partial,145.3,8.624970783589669,7.683403681053826,4.9788005705762375,0.09663984776297596,0.15185129964653665,0.01805604609344691,0.024474369113725913,0.010567199423649143,0.008026798949452463,0.02509991932453204,0.013236460625830837,0.006557400546158831,0.015245876229669737,0.027470399031352954,0.033790680784720806
012,2015,6509,2706,PCU336110336110,partial,148.9,8.780941113572387,7.903226808730733,5.003274939689963,0.15597032998271843,0.21982312767690715,0.024474369113725913,0.008026798949452463,0.01805604609344691,0.013236460625830837,0.010567199423649143,0.007206058041243857,0.02509991932453204,0.009489772538842384,0.09663984776297596,0.15185129964653665
012,2016,7290,3028,PCU336110336110,partial,150.1,8.894258825002703,8.01565761455734,5.011301738639416,0.11331771143031588,0.11243080582660614,0.008026798949452463,0.013236460625830837,0.024474369113725913,0.007206058041243857,0.01805604609344691,0.002607563407081237,0.010567199423649143,0.00768336069138531,0.15597032998271843,0.21982312767690715
012,2017,7964,3513,PCU336110336110,partial,152.1,8.982686665184087,8.164225652265827,5.024538199265247,0.08842784018138339,0.14856803770848792,0.013236460625830837,0.007206058041243857,0.008026798949452463,0.002607563407081237,0.024474369113725913,-0.0032605180499336583,0.01805604609344691,0.0021843677994638116,0.11331771143031588,0.11243080582660614
012,2018,8251,3598,PCU336110336110,partial,153.2,9.018089684104343,8.188133414510478,5.0317442573064906,0.0354030189202561,0.023907762244650854,0.007206058041243857,0.002607563407081237,0.013236460625830837,-0.0032605180499336583,0.008026798949452463,0.02855000532069596,0.024474369113725913,0.009299016892614512,0.08842784018138339,0.14856803770848792
012,2019,8621,3949,PCU336110336110,partial,153.6,9.061956366209925,8.28121766128665,5.034351820713572,0.0438666821055822,0.09308424677617211,0.002607563407081237,-0.0032605180499336583,0.007206058041243857,0.02855000532069596,0.013236460625830837,0.04062747790738985,0.008026798949452463,0.021972321726050716,0.0354030189202561,0.023907762244650854
012,2020,11351,6538,PCU336110336110,partial,153.1,9.337061124755339,8.785386587284156,5.031091302663638,0.27510475854541383,0.5041689259975062,-0.0032605180499336583,0.02855000532069596,0.002607563407081237,0.04062747790738985,0.007206058041243857,0.02325462028292513,0.013236460625830837,0.03081070117033698,0.0438666821055822,0.09308424677617211
012,2021,13205,7408,PCU336110336110,partial,157.534,9.488350824731233,8.910315776326016,5.059641307984334,0.15128969997589437,0.12492918904185935,0.02855000532069596,0.04062747790738985,-0.0032605180499336583,0.02325462028292513,0.002607563407081237,0.009022688917048605,0.007206058041243857,0.024301595702454527,0.27510475854541383,0.5041689259975062
012,2022,11332,5880,PCU336110336110,partial,164.066,9.335385860950407,8.679312040892672,5.100268785891724,-0.15296496378082658,-0.23100373543334385,0.04062747790738985,0.02325462028292513,0.02855000532069596,0.009022688917048605,-0.0032605180499336583,0.017097234074602063,0.002607563407081237,0.016458181091525265,0.15128969997589437,0.12492918904185935
012,2023,11762,6385,PCU336110336110,partial,167.926,9.372629275019902,8.76170676846664,5.123523406174649,0.03724341406949527,0.08239472757396804,0.02325462028292513,0.009022688917048605,0.04062747790738985,0.017097234074602063,0.02855000532069596,,-0.0032605180499336583,,-0.15296496378082658,-0.23100373543334385
012,2024,13660,7959,PCU336110336110,partial,169.448,9.522227133124781,8.98205864280585,5.132546095091698,0.14959785810487958,0.22035187433920989,0.009022688917048605,0.017097234074602063,0.02325462028292513,,0.04062747790738985,,0.02855000532069596,,0.03724341406949527,0.08239472757396804
012,2025,13532,7561,PCU336110336110,partial,172.37,9.512812529900598,8.93075873555827,5.1496433291663,-0.009414603224183082,-0.05129990724758038,0.017097234074602063,,0.009022688917048605,,0.02325462028292513,,0.04062747790738985,,0.14959785810487958,0.22035187433920989
013,1980,124,34,WPU1514,good,88.0,4.820281565605037,3.5263605246161616,4.477336814478207,,,,0.10251556352559454,,0.025317807984290397,,0.062035390919452205,,0.06328958747644571,,
013,1981,165,80,WPU1514,good,97.5,5.10594547390058,4.382026634673881,4.579852378003801,0.2856639082955432,0.8556661100577196,0.10251556352559454,0.025317807984290397,,0.062035390919452205,,0.0663578238489464,,0.051237007584229666,,
013,1982,204,80,WPU1514,good,100.0,5.318119993844216,4.382026634673881,4.605170185988092,0.2121745199436358,0.0,0.025317807984290397,0.062035390919452205,0.10251556352559454,0.0663578238489464,,0.06635086202411244,,0.06491469226417035,0.2856639082955432,0.8556661100577196
013,1983,126,56,WPU1514,good,106.4,4.836281906951478,4.02535169073515,4.667205576907544,-0.4818380868927381,-0.35667494393873156,0.062035390919452205,0.0663578238489464,0.025317807984290397,0.06635086202411244,0.10251556352559454,0.029998195885394985,,0.05423562725281794,0.2121745199436358,0.0
013,1984,115,53,WPU1514,good,113.7,4.74493212836325,3.970291913552122,4.73356340075649,-0.09134977858822779,-0.05505977718302768,0.0663578238489464,0.06635086202411244,0.062035390919452205,0.029998195885394985,0.025317807984290397,0.011909628661095795,0.10251556352559454,0.03608622885686774,-0.4818380868927381,-0.35667494393873156
013,1985,228,80,WPU1514,good,121.5,5.429345628954441,4.382026634673881,4.799914262780603,0.6844135005911909,0.41173472112175924,0.06635086202411244,0.029998195885394985,0.0663578238489464,0.011909628661095795,0.062035390919452205,0.04551499042466833,0.025317807984290397,0.029140938323719702,-0.09134977858822779,-0.05505977718302768
013,1986,134,63,WPU1514,good,125.2,4.897839799950911,4.143134726391533,4.829912458665998,-0.5315058290035299,-0.23889190828234863,0.029998195885394985,0.011909628661095795,0.06635086202411244,0.04551499042466833,0.0663578238489464,0.06213178110700657,0.062035390919452205,0.03985213339759023,0.6844135005911909,0.41173472112175924
013,1987,142,61,WPU1514,good,126.7,4.955827057601261,4.110873864173311,4.841822087327094,0.05798725765034973,-0.03226086221822122,0.011909628661095795,0.04551499042466833,0.029998195885394985,0.06213178110700657,0.06635086202411244,0.029331711717468956,0.0663578238489464,0.045659494416381285,-0.5315058290035299,-0.23889190828234863
013,1988,147,63,WPU1514,good,132.6,4.990432586778736,4.143134726391533,4.887337077751762,0.03460552917747517,0.03226086221822122,0.04551499042466833,0.06213178110700657,0.011909628661095795,0.029331711717468956,0.029998195885394985,0.039802893169195386,0.06635086202411244,0.0437554619978903,0.05798725765034973,-0.03226086221822122
013,1989,234,76,WPU1514,good,141.1,5.455321115357702,4.330733340286331,4.9494688588587685,0.4648885285789657,0.18759861389479848,0.06213178110700657,0.029331711717468956,0.04551499042466833,0.039802893169195386,0.011909628661095795,0.00987174847915373,0.029998195885394985,0.026335451121939357,0.03460552917747517,0.03226086221822122
013,1990,300,86,WPU1514,good,145.3,5.703782474656201,4.454347296253507,4.9788005705762375,0.24846135929849922,0.12361395596717628,0.029331711717468956,0.039802893169195386,0.06213178110700657,0.00987174847915373,0.04551499042466833,0.0277705931237211,0.011909628661095795,0.02581507825735674,0.4648885285789657,0.18759861389479848
013,1991,288,118,WPU1514,good,151.2,5.662960480135946,4.770684624465665,5.018603463745433,-0.04082199452025481,0.31633732821215776,0.039802893169195386,0.00987174847915373,0.029331711717468956,0.0277705931237211,0.06213178110700657,0.017677227983866395,0.04551499042466833,0.01843985652891374,0.24846135929849922,0.12361395596717628
013,1992,311,114,WPU1514,good,152.7,5.739792912179234,4.736198448394496,5.028475212224587,0.07683243204328782,-0.03448617607116944,0.00987174847915373,0.0277705931237211,0.039802893169195386,0.017677227983866395,0.029331711717468956,0.018599420236266262,0.06213178110700657,0.021349080447951252,-0.04082199452025481,0.31633732821215776
013,1993,343,137,WPU1514,good,157.0,5.8377304471659395,4.919980925828125,5.056245805348308,0.09793753498670554,0.1837824774336294,0.0277705931237211,0.017677227983866395,0.00987174847915373,0.018599420236266262,0.039802893169195386,0.016448741248677123,0.029331711717468956,0.017575129822936592,0.07683243204328782,-0.03448617607116944
013,1994,384,117,WPU1514,good,159.8,5.950642552587727,4.762173934797756,5.073923033332174,0.11291210542178742,-0.15780699103036877,0.017677227983866395,0.018599420236266262,0.0277705931237211,0.016448741248677123,0.00987174847915373,0.010817413175661095,0.039802893169195386,0.01528852488686816,0.09793753498670554,0.1837824774336294
013,1995,462,107,WPU1514,good,162.8,6.135564891081739,4.672828834461906,5.09252245356844,0.18492233849401174,-0.08934510033585052,0.018599420236266262,0.016448741248677123,0.017677227983866395,0.010817413175661095,0.0277705931237211,0.013654115365024033,0.00987174847915373,0.013640089929787417,0.11291210542178742,-0.15780699103036877
013,1996,402,130,WPU1514,good,165.5,5.996452088619021,4.867534450455582,5.1089711948171175,-0.1391128024627175,0.19470561599367642,0.016448741248677123,0.010817413175661095,0.018599420236266262,0.013654115365024033,0.017677227983866395,0.015794420176081125,0.0277705931237211,0.01342198290558875,0.18492233849401174,-0.08934510033585052
013,1997,437,150,WPU1514,good,167.3,6.07993319509559,5.0106352940962555,5.119788607992779,0.08348110647656881,0.14310084364067333,0.010817413175661095,0.013654115365024033,0.016448741248677123,0.015794420176081125,0.018599420236266262,0.02351700003880719,0.017677227983866395,0.01765517852663745,-0.1391128024627175,0.19470561599367642
013,1998,377,148,WPU1514,good,169.6,5.932245187448011,4.997212273764115,5.133442723357803,-0.14768800764757906,-0.013423020332140823,0.013654115365024033,0.015794420176081125,0.010817413175661095,0.02351700003880719,0.016448741248677123,0.011274076573218217,0.018599420236266262,0.016861832262702176,0.08348110647656881,0.14310084364067333
013,1999,518,160,WPU1514,good,172.3,6.249975242259483,5.075173815233827,5.149237143533884,0.3177300548114719,0.0779615414697119,0.015794420176081125,0.02351700003880719,0.013654115365024033,0.011274076573218217,0.010817413175661095,0.009484032036001011,0.016448741248677123,0.014758369549342138,-0.14768800764757906,-0.013423020332140823
013,2000,471,147,WPU1514,good,176.4,6.154858094016418,4.990432586778736,5.172754143572691,-0.09511714824306505,-0.08474122845509058,0.02351700003880719,0.011274076573218217,0.015794420176081125,0.009484032036001011,0.013654115365024033,0.011592732643947556,0.010817413175661095,0.010783613751055594,0.3177300548114719,0.0779615414697119
013,2001,548,147,WPU1514,good,178.4,6.306275286948016,4.990432586778736,5.184028220145909,0.15141719293159817,0.0,0.011274076573218217,0.009484032036001011,0.02351700003880719,0.011592732643947556,0.015794420176081125,0.022789917425632744,0.013654115365024033,0.014622227368527103,-0.09511714824306505,-0.08474122845509058
013,2002,499,170,WPU1514,good,180.1,6.212606095751519,5.135798437050262,5.19351225218191,-0.09366919119649708,0.14536585027152604,0.009484032036001011,0.011592732643947556,0.011274076573218217,0.022789917425632744,0.02351700003880719,0.035313287182978215,0.015794420176081125,0.023231979084186172,0.15141719293159817,0.0
013,2003,552,180,WPU1514,good,182.2,6.313548046277095,5.19295685089021,5.205104984825858,0.1009419505255762,0.05715841383994835,0.011592732643947556,0.022789917425632744,0.009484032036001011,0.035313287182978215,0.011274076573218217,0.03959908238642029,0.02351700003880719,0.03256742899834375,-0.09366919119649708,0.14536585027152604
013,2004,582,168,WPU1514,good,186.4,6.366470447731438,5.123963979403259,5.2278949022514904,0.05292240145434324,-0.06899287148695166,0.022789917425632744,0.035313287182978215,0.011592732643947556,0.03959908238642029,0.009484032036001011,0.0715447810031451,0.011274076573218217,0.04881905019084787,0.1009419505255762,0.05715841383994835
013,2005,616,201,WPU1514,good,193.1,6.423246963533519,5.303304908059076,5.263208189434469,0.05677651580208121,0.17934092865581697,0.035313287182978215,0.03959908238642029,0.022789917425632744,0.0715447810031451,0.011592732643947556,0.10420136402693547,0.009484032036001011,0.07178174247216695,0.05292240145434324,-0.06899287148695166
013,2006,765,202,WPU1514,good,200.9,6.639875833826536,5.308267697401205,5.302807271820889,0.21662887029301636,0.004962789342129348,0.03959908238642029,0.0715447810031451,0.035313287182978215,0.10420136402693547,0.022789917425632744,0.010797447093043644,0.011592732643947556,0.06218119737437473,0.05677651580208121,0.17934092865581697
013,2007,736,211,WPU1514,good,215.8,6.601230118728877,5.351858133476067,5.374352052824034,-0.03864571509765913,0.04359043607486157,0.0715447810031451,0.10420136402693547,0.03959908238642029,0.010797447093043644,0.035313287182978215,0.013946083290561795,0.022789917425632744,0.042981631470180304,0.21662887029301636,0.004962789342129348
013,2008,843,240,WPU1514,good,239.5,6.736966958001855,5.480638923341991,5.4785534168509695,0.13573683927297875,0.12878078986592456,0.10420136402693547,0.010797447093043644,0.0715447810031451,0.013946083290561795,0.03959908238642029,0.04655704512888903,0.035313287182978215,0.023766858504164823,-0.03864571509765913,0.04359043607486157
013,2009,827,252,WPU1514,good,242.1,6.717804695023691,5.529429087511423,5.489350863944013,-0.019162262978164257,0.04879016416943216,0.010797447093043644,0.013946083290561795,0.10420136402693547,0.04655704512888903,0.0715447810031451,0.010827638652063598,0.03959908238642029,0.023776922357171472,0.13573683927297875,0.12878078986592456
013,2010,798,248,WPU1514,good,245.5,6.682108597449809,5.5134287461649825,5.503296947234575,-0.035696097573882035,-0.016000341346440905,0.013946083290561795,0.04655704512888903,0.010797447093043644,0.010827638652063598,0.10420136402693547,0.030305349495328926,0.0715447810031451,0.02923001109209385,-0.019162262978164257,0.04879016416943216
013,2011,883,330,WPU1514,good,257.2,6.78332520060396,5.799092654460526,5.549853992363464,0.1012166031541506,0.2856639082955432,0.04655704512888903,0.010827638652063598,0.013946083290561795,0.030305349495328926,0.010797447093043644,0.01811844720343636,0.10420136402693547,0.019750478450276294,-0.035696097573882035,-0.016000341346440905
013,2012,929,340,WPU1514,good,260.0,6.834108738813838,5.8289456176102075,5.560681631015528,0.050783538209878465,0.029852963149681777,0.010827638652063598,0.030305349495328926,0.04655704512888903,0.01811844720343636,0.013946083290561795,0.016715505472196135,0.010797447093043644,0.021713100723653806,0.1012166031541506,0.2856639082955432
013,2013,1025,390,WPU1514,good,268.0,6.932447891572509,5.966146739123692,5.5909869805108565,0.09833915275867078,0.13720112151348474,0.030305349495328926,0.01811844720343636,0.010827638652063598,0.016715505472196135,0.04655704512888903,0.012533736147256391,0.013946083290561795,0.01578922960762963,0.050783538209878465,0.029852963149681777
013,2014,1250,411,WPU1514,good,272.9,7.1308988302963465,6.018593214496234,5.609105427714293,0.19845093872383757,0.05244647537254199,0.01811844720343636,0.016715505472196135,0.030305349495328926,0.012533736147256391,0.010827638652063598,0.006738808973776322,0.04655704512888903,0.011996016864409615,0.09833915275867078,0.13720112151348474
013,2015,1402,473,WPU1514,good,277.5,7.2456550675945355,6.159095388491933,5.625820933186489,0.11475623729818896,0.14050217399569842,0.016715505472196135,0.012533736147256391,0.01811844720343636,0.006738808973776322,0.030305349495328926,0.01994816803224886,0.010827638652063598,0.013073571051093857,0.19845093872383757,0.05244647537254199
013,2016,1544,487,WPU1514,good,281.0,7.342131730584722,6.18826412308259,5.638354669333745,0.09647666299018631,0.029168734590657053,0.012533736147256391,0.006738808973776322,0.016715505472196135,0.01994816803224886,0.01811844720343636,0.00931201762561873,0.030305349495328926,0.011999664877214636,0.11475623729818896,0.14050217399569842
013,2017,1716,517,WPU1514,good,282.9,7.447751280047908,6.248042874508429,5.645093478307522,0.10561954946318597,0.05977875142583944,0.006738808973776322,0.01994816803224886,0.012533736147256391,0.00931201762561873,0.016715505472196135,0.011264840063140547,0.01811844720343636,0.013508341907002711,0.09647666299018631,0.029168734590657053
013,2018,1614,519,WPU1514,good,288.6,7.3864708488298945,6.251903883165888,5.665041646339771,-0.0612804312180133,0.0038610086574593083,0.01994816803224886,0.00931201762561873,0.006738808973776322,0.011264840063140547,0.012533736147256391,0.02604615774447705,0.016715505472196135,0.015541005144412107,0.10561954946318597,0.05977875142583944
013,2019,1576,427,WPU1514,good,291.3,7.362645270417825,6.056784013228625,5.674353663965389,-0.02382557841206978,-0.1951198699372636,0.00931201762561873,0.011264840063140547,0.01994816803224886,0.02604615774447705,0.006738808973776322,0.02817326547020471,0.012533736147256391,0.0218280877592741,-0.0612804312180133,0.0038610086574593083
013,2020,1618,648,WPU1514,good,294.6,7.388946097618437,6.473890696352274,5.68561850402853,0.026300827200611998,0.4171066831236496,0.011264840063140547,0.02604615774447705,0.00931201762561873,0.02817326547020471,0.01994816803224886,0.007990140551664915,0.006738808973776322,0.020736521255448892,-0.02382557841206978,-0.1951198699372636
013,2021,1863,709,WPU1514,good,302.374,7.529943370601589,6.5638555265321274,5.711664661773007,0.14099727298315212,0.08996483017985302,0.02604615774447705,0.02817326547020471,0.011264840063140547,0.007990140551664915,0.00931201762561873,0.020446051900228746,0.01994816803224886,0.01886981930736612,0.026300827200611998,0.4171066831236496
013,2022,1718,563,WPU1514,good,311.014,7.4489161025442,6.333279628139691,5.739837927243212,-0.08102726805738847,-0.23057589839243686,0.02817326547020471,0.007990140551664915,0.02604615774447705,0.020446051900228746,0.011264840063140547,,0.00931201762561873,,0.14099727298315212,0.08996483017985302
013,2023,1740,624,WPU1514,good,313.509,7.461640392208575,6.436150368369428,5.7478280677948765,0.012724289664374666,0.1028707402297373,0.007990140551664915,0.020446051900228746,0.02817326547020471,,0.02604615774447705,,0.011264840063140547,,-0.08102726805738847,-0.23057589839243686
013,2024,1678,616,WPU1514,good,319.985,7.425357887027151,6.423246963533519,5.768274119695105,-0.03628250518142373,-0.01290340483590846,0.020446051900228746,,0.007990140551664915,,0.02817326547020471,,0.02604615774447705,,0.012724289664374666,0.1028707402297373
014,1980,547,284,WPU1594,good,118.1,6.304448802421981,5.648974238161206,4.771531723203316,,,,-0.10903647059595567,,-0.05732506661926884,,0.05448818528406907,,-0.03729111731038515,,
014,1981,902,581,WPU1594,good,105.9,6.804614520062624,6.364750756851911,4.662495252607361,0.5001657176406429,0.7157765186907046,-0.10903647059595567,-0.05732506661926884,,0.05448818528406907,,-0.020086758566737473,,-0.007641213300645747,,
014,1982,1030,608,WPU1594,good,100.0,6.937314081223682,6.410174881966167,4.605170185988092,0.13269956116105774,0.04542412511425642,-0.05732506661926884,0.05448818528406907,-0.10903647059595567,-0.020086758566737473,,-0.007759495770910618,,0.008880643648806991,0.5001657176406429,0.7157765186907046
014,1983,565,321,WPU1594,good,105.6,6.336825731146441,5.771441123130016,4.659658371272161,-0.6004883500772404,-0.6387337588361515,0.05448818528406907,-0.020086758566737473,-0.05732506661926884,-0.007759495770910618,-0.10903647059595567,0.02024165495242869,,-0.0025348664617398002,0.13269956116105774,0.04542412511425642
014,1984,674,393,WPU1594,good,103.5,6.513230110912307,5.973809611869261,4.639571612705423,0.17640437976586565,0.2023684887392454,-0.020086758566737473,-0.007759495770910618,0.05448818528406907,0.02024165495242869,-0.05732506661926884,0.0484265939054751,-0.10903647059595567,0.02030291769566439,-0.6004883500772404,-0.6387337588361515
014,1985,899,482,WPU1594,good,102.7,6.80128303447162,6.1779441140506,4.631812116934513,0.288052923559313,0.204134502181339,-0.007759495770910618,0.02024165495242869,-0.020086758566737473,0.0484265939054751,0.05448818528406907,0.028675799976666028,-0.05732506661926884,0.03244801627818994,0.17640437976586565,0.2023684887392454
014,1986,905,500,WPU1594,good,104.8,6.807934943699926,6.214608098422191,4.6520537718869415,0.006651909228305719,0.03666398437159124,0.02024165495242869,0.0484265939054751,-0.007759495770910618,0.028675799976666028,-0.020086758566737473,0.0175135824927084,0.05448818528406907,0.031538658791616506,0.288052923559313,0.204134502181339
014,1987,927,539,WPU1594,good,110.0,6.831953565565855,6.289715570908998,4.700480365792417,0.02401862186592929,0.07510747248680616,0.0484265939054751,0.028675799976666028,0.02024165495242869,0.0175135824927084,-0.007759495770910618,0.034971580842078964,-0.020086758566737473,0.02705365443715113,0.006651909228305719,0.03666398437159124
014,1988,1074,585,WPU1594,good,113.2,6.97914527506881,6.371611847231857,4.729156165769083,0.14719170950295535,0.08189627632285923,0.028675799976666028,0.0175135824927084,0.0484265939054751,0.034971580842078964,0.02024165495242869,0.018272933676732883,-0.007759495770910618,0.023586032337173414,0.02401862186592929,0.07510747248680616
014,1989,1521,848,WPU1594,good,115.2,7.327123292259293,6.742880635791903,4.746669748261791,0.34797801719048227,0.3712687885600463,0.0175135824927084,0.034971580842078964,0.028675799976666028,0.018272933676732883,0.0484265939054751,0.004106781952653904,0.02024165495242869,0.019117098823821916,0.14719170950295535,0.08189627632285923
014,1990,2583,1576,WPU1594,good,119.3,7.8567067930958405,7.362645270417825,4.78164132910387,0.5295835008365479,0.6197646346259216,0.034971580842078964,0.018272933676732883,0.0175135824927084,0.004106781952653904,0.028675799976666028,0.012220111334775297,0.0484265939054751,0.011533275654720693,0.34797801719048227,0.3712687885600463
014,1991,2228,1297,WPU1594,good,121.5,7.708859601047175,7.167809184316444,4.799914262780603,-0.14784719204866548,-0.1948360861013807,0.018272933676732883,0.004106781952653904,0.034971580842078964,0.012220111334775297,0.0175135824927084,0.008867450285320544,0.028675799976666028,0.008398114524249914,0.5295835008365479,0.6197646346259216
014,1992,1837,914,WPU1594,good,122.0,7.515889085215125,6.81783057145415,4.804021044733257,-0.19297051583204983,-0.34997861286229437,0.004106781952653904,0.012220111334775297,0.018272933676732883,0.008867450285320544,0.034971580842078964,0.009584737912987862,0.0175135824927084,0.010224099844361234,-0.14784719204866548,-0.1948360861013807
014,1993,2029,967,WPU1594,good,123.5,7.615298339825815,6.874198495453294,4.816241156068032,0.0994092546106895,0.05636792399914459,0.012220111334775297,0.008867450285320544,0.004106781952653904,0.009584737912987862,0.018272933676732883,0.014207026644348808,0.034971580842078964,0.010886404947552403,-0.19297051583204983,-0.34997861286229437
014,1994,2121,995,WPU1594,good,124.6,7.659642954564682,6.902742737158593,4.825108606353353,0.04434461473886753,0.028544241705298568,0.008867450285320544,0.009584737912987862,0.012220111334775297,0.014207026644348808,0.004106781952653904,0.003910837991999649,0.018272933676732883,0.009234200849778773,0.0994092546106895,0.05636792399914459
014,1995,2348,1075,WPU1594,good,125.8,7.761319180947987,6.980075940561763,4.8346933442663405,0.10167622638330442,0.07733320340317018,0.009584737912987862,0.014207026644348808,0.008867450285320544,0.003910837991999649,0.012220111334775297,-0.006264703339327937,0.004106781952653904,0.003951053765673507,0.04434461473886753,0.028544241705298568
014,1996,2616,1226,WPU1594,good,127.6,7.86940171257709,7.111512116496157,4.848900370910689,0.10808253162910297,0.13143617593439405,0.014207026644348808,0.003910837991999649,0.009584737912987862,-0.006264703339327937,0.008867450285320544,-0.011058564513059643,0.012220111334775297,-0.004470809953462643,0.10167622638330442,0.07733320340317018
014,1997,3108,1448,WPU1594,good,128.1,8.041734711487537,7.277938572945661,4.852811208902689,0.17233299891044762,0.16642645644950438,0.003910837991999649,-0.006264703339327937,0.014207026644348808,-0.011058564513059643,0.009584737912987862,0.004754367117273617,0.008867450285320544,-0.004189633578371321,0.10808253162910297,0.13143617593439405
014,1998,3184,1443,WPU1594,good,127.3,8.065893546964274,7.274479558773871,4.846546505563361,0.024158835476736584,-0.0034590141717902867,-0.006264703339327937,-0.011058564513059643,0.003910837991999649,0.004754367117273617,0.014207026644348808,0.007874056430906329,0.009584737912987862,0.0005232863450401007,0.17233299891044762,0.16642645644950438
014,1999,3657,1708,WPU1594,good,125.9,8.204398418149381,7.443078374348516,4.835487941050301,0.13850487118510735,0.1685988155746445,-0.011058564513059643,0.004754367117273617,-0.006264703339327937,0.007874056430906329,0.003910837991999649,0.008590447205037322,0.014207026644348808,0.007072956917739089,0.024158835476736584,-0.0034590141717902867
014,2000,3525,1702,WPU1594,good,126.5,8.16763571524637,7.43955930913332,4.840242308167575,-0.03676270290301176,-0.003519065215195738,0.004754367117273617,0.007874056430906329,-0.011058564513059643,0.008590447205037322,-0.006264703339327937,0.013899837689034023,0.003910837991999649,0.01012144710832589,0.13850487118510735,0.1685988155746445
014,2001,3190,1417,WPU1594,good,127.5,8.06777619577889,7.256297239690681,4.848116364598481,-0.09985951946747917,-0.18326206944263923,0.007874056430906329,0.008590447205037322,0.004754367117273617,0.013899837689034023,-0.011058564513059643,0.019742478729201096,-0.006264703339327937,0.014077587874424147,-0.03676270290301176,-0.003519065215195738
014,2002,3405,1576,WPU1594,good,128.6,8.133000218583613,7.362645270417825,4.856706811803519,0.06522402280472228,0.10634803072714405,0.008590447205037322,0.013899837689034023,0.007874056430906329,0.019742478729201096,0.004754367117273617,0.028901604072649967,-0.011058564513059643,0.020847973496961693,-0.09985951946747917,-0.18326206944263923
014,2003,3849,1791,WPU1594,good,130.4,8.255568653283746,7.490529402060711,4.870606649492553,0.12256843470013301,0.1278841316428867,0.013899837689034023,0.019742478729201096,0.008590447205037322,0.028901604072649967,0.007874056430906329,0.05333649416432262,0.004754367117273617,0.033993525655391224,0.06522402280472228,0.10634803072714405
014,2004,4722,2276,WPU1594,good,133.0,8.459987717645458,7.730174795246222,4.890349128221754,0.2044190643617121,0.23964539318551026,0.019742478729201096,0.028901604072649967,0.013899837689034023,0.05333649416432262,0.008590447205037322,0.02597548640325975,0.007874056430906329,0.03607119488007744,0.12256843470013301,0.1278841316428867
014,2005,5047,2479,WPU1594,good,136.9,8.526549286340263,7.8156105320351905,4.919250732294404,0.06656156869480512,0.08543573678896887,0.028901604072649967,0.05333649416432262,0.019742478729201096,0.02597548640325975,0.013899837689034023,0.06213178110700657,0.008590447205037322,0.04714792055819631,0.2044190643617121,0.23964539318551026
014,2006,5029,2472,WPU1594,good,144.4,8.522976436171964,7.812782818577581,4.972587226458726,-0.003572850168298558,-0.0028277134576093488,0.05333649416432262,0.02597548640325975,0.028901604072649967,0.06213178110700657,0.019742478729201096,0.03244202163900667,0.013899837689034023,0.04018309638309099,0.06656156869480512,0.08543573678896887
014,2007,5482,2659,WPU1594,good,148.2,8.60922527686273,7.88570539124302,4.998562712861986,0.08624884069076622,0.07292257266543878,0.02597548640325975,0.06213178110700657,0.05333649416432262,0.03244202163900667,0.028901604072649967,0.08976999942871,0.019742478729201096,0.061447934058241074,-0.003572850168298558,-0.0028277134576093488
014,2008,5096,2523,WPU1594,good,157.7,8.536211197252,7.833203948641057,5.060694493968993,-0.07301407961073103,-0.052501442601962545,0.06213178110700657,0.03244202163900667,0.02597548640325975,0.08976999942871,0.05333649416432262,0.12931375668031908,0.028901604072649967,0.08384192591601192,0.08624884069076622,0.07292257266543878
014,2009,4580,2259,WPU1594,good,162.9,8.429454277108231,7.7226775164680035,5.093136515607999,-0.10675692014376814,-0.11052643217305391,0.03244202163900667,0.08976999942871,0.06213178110700657,0.12931375668031908,0.02597548640325975,0.0690586155453552,0.05333649416432262,0.09604745721812809,-0.07301407961073103,-0.052501442601962545
014,2010,5417,2683,WPU1594,good,178.2,8.597297435657898,7.894690850425624,5.182906515036709,0.16784315854966714,0.17201333395762042,0.08976999942871,0.12931375668031908,0.03244202163900667,0.0690586155453552,0.06213178110700657,-0.00276497872007031,0.02597548640325975,0.06520246450186798,-0.10675692014376814,-0.11052643217305391
014,2011,5849,2827,WPU1594,good,202.8,8.674025985443025,7.946971357693591,5.312220271717028,0.07672854978512689,0.05228050726796685,0.12931375668031908,0.0690586155453552,0.08976999942871,-0.00276497872007031,0.03244202163900667,-0.07123680062280435,0.06213178110700657,-0.0016477212658398224,0.16784315854966714,0.17201333395762042
014,2012,5870,2913,WPU1594,good,217.3,8.677609912822142,7.976938756959434,5.381278887262384,0.0035839273791165027,0.029967399265843575,0.0690586155453552,-0.00276497872007031,0.12931375668031908,-0.07123680062280435,0.08976999942871,-0.012465880700760046,0.03244202163900667,-0.028822553347878234,0.07672854978512689,0.05228050726796685
014,2013,6208,3002,WPU1594,good,216.7,8.733594061863055,8.007034012193408,5.378513908542313,0.05598414904091342,0.030095255233973717,-0.00276497872007031,-0.07123680062280435,0.0690586155453552,-0.012465880700760046,0.12931375668031908,0.04320750618084013,0.08976999942871,-0.013498391714241423,0.0035839273791165027,0.029967399265843575
014,2014,6328,3076,WPU1594,good,201.8,8.75273950944749,8.031385330625534,5.307277107919509,0.01914544758443526,0.024351318432126234,-0.07123680062280435,-0.012465880700760046,-0.00276497872007031,0.04320750618084013,0.0690586155453552,0.02748988268877106,0.12931375668031908,0.01941050272295038,0.05598414904091342,0.030095255233973717
014,2015,7363,3797,WPU1594,good,199.3,8.904222737368716,8.241966560231802,5.294811227218749,0.1514832279212257,0.21058122960626768,-0.012465880700760046,0.04320750618084013,-0.07123680062280435,0.02748988268877106,-0.00276497872007031,-0.013176661234084897,0.0690586155453552,0.019173575878508764,0.01914544758443526,0.024351318432126234
014,2016,8186,4832,WPU1594,good,208.1,9.010180657052349,8.48301573961465,5.338018733399589,0.10595791968363244,0.24104917938284842,0.04320750618084013,0.02748988268877106,-0.012465880700760046,-0.013176661234084897,-0.07123680062280435,0.0220200979697589,-0.00276497872007031,0.01211110647481502,0.1514832279212257,0.21058122960626768
014,2017,8955,5324,WPU1594,good,213.9,9.099967314494812,8.579980179515003,5.36550861608836,0.08978665744246328,0.09696443990035242,0.02748988268877106,-0.013176661234084897,0.04320750618084013,0.0220200979697589,-0.012465880700760046,0.05411599818904733,-0.07123680062280435,0.020986478308240443,0.10595791968363244,0.24104917938284842
014,2018,8824,5275,WPU1594,good,211.1,9.085230560933338,8.570733958344267,5.352331954854275,-0.014736753561473748,-0.009246221170736035,-0.013176661234084897,0.0220200979697589,0.02748988268877106,0.05411599818904733,0.04320750618084013,0.03720104820425085,-0.012465880700760046,0.037779048121019024,0.08978665744246328,0.09696443990035242
014,2019,10104,6009,WPU1594,good,215.8,9.220686664030326,8.701013624333928,5.374352052824034,0.1354561030969883,0.13027966598966145,0.0220200979697589,0.05411599818904733,-0.013176661234084897,0.03720104820425085,0.02748988268877106,0.061873288960781814,0.04320750618084013,0.051063445118026664,-0.014736753561473748,-0.009246221170736035
014,2020,12373,8171,WPU1594,good,227.8,9.423271958213975,9.008346579384707,5.428468051013081,0.202585294183649,0.3073329550507786,0.05411599818904733,0.03720104820425085,0.0220200979697589,0.061873288960781814,-0.013176661234084897,0.050593715677197615,0.02748988268877106,0.049889350947410094,0.1354561030969883,0.13027966598966145
014,2021,13451,8941,WPU1594,good,236.434,9.506808731708581,9.098402718735318,5.465669099217332,0.08353677349460575,0.09005613935061163,0.03720104820425085,0.061873288960781814,0.05411599818904733,0.050593715677197615,0.0220200979697589,0.05429715388273504,-0.013176661234084897,0.055588052840238156,0.202585294183649,0.3073329550507786
014,2022,11120,7144,WPU1594,good,251.525,9.316500567804573,8.874028122556336,5.527542388178114,-0.1903081639040085,-0.2243745961789827,0.061873288960781814,0.050593715677197615,0.03720104820425085,0.05429715388273504,0.05411599818904733,0.09598654342743274,0.0220200979697589,0.06695913766245512,0.08353677349460575,0.09005613935061163
014,2023,11027,7244,WPU1594,good,264.578,9.308102089758679,8.887928819003305,5.578136103855312,-0.008398478045894109,0.013900696446969008,0.050593715677197615,0.05429715388273504,0.061873288960781814,0.09598654342743274,0.03720104820425085,,0.05411599818904733,,-0.1903081639040085,-0.2243745961789827
014,2024,12220,8007,WPU1594,good,279.341,9.410829232725586,8.988071438072634,5.632433257738047,0.10272714296690744,0.10014261906932909,0.05429715388273504,0.09598654342743274,0.050593715677197615,,0.061873288960781814,,0.03720104820425085,,-0.008398478045894109,0.013900696446969008
014,2025,11588,7561,WPU1594,good,307.483,9.35772535888924,8.93075873555827,5.728419801165479,-0.05310387383634563,-0.05731270251436449,0.09598654342743274,,0.05429715388273504,,0.050593715677197615,,0.061873288960781814,,0.10272714296690744,0.10014261906932909
015,1980,214,67,PCU339992339992,good,88.3,5.365976015021851,4.204692619390966,4.480740107609915,,,,0.0646800739724025,,0.05171783270851016,,0.0229207841910144,,0.04643956362397568,,
015,1981,214,74,PCU339992339992,good,94.2,5.365976015021851,4.30406509320417,4.545420181582317,0.0,0.09937247381320446,0.0646800739724025,0.05171783270851016,,0.0229207841910144,,0.018546163592486842,,0.031061593497337132,,
015,1982,233,94,PCU339992339992,good,99.2,5.4510384535657,4.543294782270004,4.597138014290827,0.08506243854384898,0.23922968906583364,0.05171783270851016,0.0229207841910144,0.0646800739724025,0.018546163592486842,,-0.018546163592486842,,0.0076402613970047994,0.0,0.09937247381320446
015,1983,189,67,PCU339992339992,good,101.5,5.241747015059643,4.204692619390966,4.620058798481842,-0.20929143850605758,-0.3386021628790381,0.0229207841910144,0.018546163592486842,0.05171783270851016,-0.018546163592486842,0.0646800739724025,0.019512814223581643,,0.006504271407860547,0.08506243854384898,0.23922968906583364
015,1984,168,79,PCU339992339992,good,103.4,5.123963979403259,4.3694478524670215,4.638604962074329,-0.11778303565638382,0.16475523307605577,0.018546163592486842,-0.018546163592486842,0.0229207841910144,0.019512814223581643,0.05171783270851016,0.02763396420212061,0.0646800739724025,0.009533538277738469,-0.20929143850605758,-0.3386021628790381
015,1985,250,82,PCU339992339992,good,101.5,5.521460917862246,4.406719247264253,4.620058798481842,0.39749693845898726,0.03727139479723185,-0.018546163592486842,0.019512814223581643,0.018546163592486842,0.02763396420212061,0.0229207841910144,0.03690455693545136,0.05171783270851016,0.028017111787051203,-0.11778303565638382,0.16475523307605577
015,1986,172,70,PCU339992339992,good,103.5,5.147494476813453,4.248495242049359,4.639571612705423,-0.3739664410487933,-0.158224005214894,0.019512814223581643,0.02763396420212061,-0.018546163592486842,0.03690455693545136,0.018546163592486842,0.046890500356635556,0.0229207841910144,0.03714300716473584,0.39749693845898726,0.03727139479723185
015,1987,138,61,PCU339992339992,good,106.4,4.927253685157205,4.110873864173311,4.667205576907544,-0.22024079165624766,-0.137621377876048,0.02763396420212061,0.03690455693545136,0.019512814223581643,0.046890500356635556,-0.018546163592486842,0.0323157371719347,0.018546163592486842,0.03870359815467387,-0.3739664410487933,-0.158224005214894
015,1988,200,78,PCU339992339992,good,110.4,5.298317366548036,4.356708826689592,4.704110133842995,0.37106368139083123,0.24583496251628034,0.03690455693545136,0.046890500356635556,0.02763396420212061,0.0323157371719347,0.019512814223581643,0.03454290802687687,-0.018546163592486842,0.03791638185181571,-0.22024079165624766,-0.137621377876048
015,1989,185,100,PCU339992339992,good,115.7,5.220355825078324,4.605170185988092,4.751000634199631,-0.0779615414697119,0.2484613592985001,0.046890500356635556,0.0323157371719347,0.03690455693545136,0.03454290802687687,0.02763396420212061,0.03651199222314805,0.019512814223581643,0.03445687914065321,0.37106368139083123,0.24583496251628034
015,1990,239,122,PCU339992339992,good,119.5,5.476463551931511,4.804021044733257,4.783316371371566,0.2561077268531866,0.19885085874516495,0.0323157371719347,0.03454290802687687,0.046890500356635556,0.03651199222314805,0.03690455693545136,0.04644915646745851,0.02763396420212061,0.03916801890582781,-0.0779615414697119,0.2484613592985001
015,1991,212,103,PCU339992339992,good,123.7,5.356586274672012,4.634728988229636,4.8178592793984425,-0.1198772772594987,-0.1692920565036209,0.03454290802687687,0.03651199222314805,0.0323157371719347,0.04644915646745851,0.046890500356635556,0.04224954651144053,0.03690455693545136,0.04173689840068236,0.2561077268531866,0.19885085874516495
015,1992,249,106,PCU339992339992,good,128.3,5.517452896464707,4.663439094112067,4.8543712716215905,0.16086662179269506,0.02871010588243106,0.03651199222314805,0.04644915646745851,0.03454290802687687,0.04224954651144053,0.0323157371719347,0.05075820117938523,0.046890500356635556,0.046485634719428084,-0.1198772772594987,-0.1692920565036209
015,1993,317,133,PCU339992339992,good,134.4,5.75890177387728,4.890349128221754,4.900820428089049,0.24144887741257293,0.2269100341096868,0.04644915646745851,0.04224954651144053,0.03651199222314805,0.05075820117938523,0.03454290802687687,0.03595593715514145,0.0323157371719347,0.042987894948655736,0.16086662179269506,0.02871010588243106
015,1994,306,109,PCU339992339992,good,140.2,5.723585101952381,4.6913478822291435,4.94306997460049,-0.03531667192489962,-0.19900124599261027,0.04224954651144053,0.05075820117938523,0.04644915646745851,0.03595593715514145,0.03651199222314805,0.027098432326559063,0.03454290802687687,0.03793752355369524,0.24144887741257293,0.2269100341096868
015,1995,407,145,PCU339992339992,good,147.5,6.008813185442595,4.976733742420574,4.993828175779875,0.2852280834902139,0.28538586019143075,0.05075820117938523,0.03595593715514145,0.04224954651144053,0.027098432326559063,0.04644915646745851,0.02514274492135371,0.03651199222314805,0.029399038134351407,-0.03531667192489962,-0.19900124599261027
015,1996,375,153,PCU339992339992,good,152.9,5.926926025970411,5.030437921392435,5.029784112935016,-0.08188715947218395,0.05370417897186108,0.03595593715514145,0.027098432326559063,0.05075820117938523,0.02514274492135371,0.04224954651144053,0.015399133985718017,0.04644915646745851,0.02254677041121026,0.2852280834902139,0.28538586019143075
015,1997,466,173,PCU339992339992,good,157.1,6.144185634125646,5.153291594497779,5.056882545261575,0.21725960815523493,0.12285367310534401,0.027098432326559063,0.02514274492135371,0.03595593715514145,0.015399133985718017,0.05075820117938523,0.01817130556409552,0.04224954651144053,0.01957106149038908,-0.08188715947218395,0.05370417897186108
015,1998,412,172,PCU339992339992,good,161.1,6.021023349349527,5.147494476813453,5.082025290182929,-0.1231622847761189,-0.005797117684326558,0.02514274492135371,0.015399133985718017,0.027098432326559063,0.01817130556409552,0.03595593715514145,0.020790769669073228,0.05075820117938523,0.018120403072962254,0.21725960815523493,0.12285367310534401
015,1999,511,216,PCU339992339992,good,163.6,6.236369590203704,5.375278407684165,5.097424424168647,0.21534624085417775,0.22778393087071258,0.015399133985718017,0.01817130556409552,0.02514274492135371,0.020790769669073228,0.027098432326559063,0.01806049672651877,0.03595593715514145,0.019007523986562504,-0.1231622847761189,-0.005797117684326558
015,2000,580,220,PCU339992339992,good,166.6,6.363028103540465,5.393627546352362,5.115595729732743,0.1266585133367606,0.018349138668196652,0.01817130556409552,0.020790769669073228,0.015399133985718017,0.01806049672651877,0.02514274492135371,0.013192046777586341,0.027098432326559063,0.017347771057726113,0.21534624085417775,0.22778393087071258
015,2001,441,163,PCU339992339992,good,170.1,6.089044875446846,5.093750200806762,5.136386499401816,-0.27398322809361897,-0.29987734554559964,0.020790769669073228,0.01806049672651877,0.01817130556409552,0.013192046777586341,0.015399133985718017,0.010768026969557809,0.02514274492135371,0.014006856824554307,0.1266585133367606,0.018349138668196652
015,2002,523,208,PCU339992339992,good,173.2,6.259581464064923,5.337538079701318,5.154446996128335,0.1705365886180772,0.24378787889455555,0.01806049672651877,0.013192046777586341,0.020790769669073228,0.010768026969557809,0.01817130556409552,0.02998558914457128,0.015399133985718017,0.01798188763057181,-0.27398322809361897,-0.29987734554559964
015,2003,494,228,PCU339992339992,good,175.5,6.202535517187923,5.429345628954441,5.167639042905921,-0.057045946877000375,0.09180754925312318,0.013192046777586341,0.010768026969557809,0.01806049672651877,0.02998558914457128,0.020790769669073228,0.03705121792091859,0.01817130556409552,0.025934944678349225,0.1705365886180772,0.24378787889455555
015,2004,657,295,PCU339992339992,good,177.4,6.48768401848461,5.68697535633982,5.178407069875479,0.28514850129668723,0.25762972738537915,0.010768026969557809,0.02998558914457128,0.013192046777586341,0.03705121792091859,0.01806049672651877,0.0015801952195175772,0.020790769669073228,0.02287233409500248,-0.057045946877000375,0.09180754925312318
015,2005,728,320,PCU339992339992,good,182.8,6.590301048196686,5.768320995793772,5.20839265902005,0.10261702971207587,0.08134563945395179,0.02998558914457128,0.03705121792091859,0.010768026969557809,0.0015801952195175772,0.013192046777586341,0.015147847751197041,0.01806049672651877,0.017926420297211067,0.28514850129668723,0.25762972738537915
015,2006,771,314,PCU339992339992,good,189.7,6.647688373563329,5.749392985908253,5.245443876940969,0.05738732536664326,-0.018928009885518904,0.03705121792091859,0.0015801952195175772,0.02998558914457128,0.015147847751197041,0.010768026969557809,0.016452813290617208,0.013192046777586341,0.011060285420443941,0.10261702971207587,0.08134563945395179
015,2007,723,333,PCU339992339992,good,190.0,6.583409222158765,5.808142489980444,5.247024072160486,-0.06427915140456442,0.05874950407219082,0.0015801952195175772,0.015147847751197041,0.03705121792091859,0.016452813290617208,0.02998558914457128,0.010651888693587352,0.010768026969557809,0.014084183245133866,0.05738732536664326,-0.018928009885518904
015,2008,727,317,PCU339992339992,good,192.9,6.588926477533519,5.75890177387728,5.262171919911683,0.005517255374754448,-0.049240716103163606,0.015147847751197041,0.016452813290617208,0.0015801952195175772,0.010651888693587352,0.03705121792091859,0.019980684690483308,0.02998558914457128,0.01569512889156262,-0.06427915140456442,0.05874950407219082
015,2009,593,274,PCU339992339992,good,196.1,6.385194398997726,5.6131281063880705,5.2786247332023,-0.20373207853579345,-0.14577366748920983,0.016452813290617208,0.010651888693587352,0.015147847751197041,0.019980684690483308,0.0015801952195175772,0.023461486678997723,0.03705121792091859,0.018031353354356128,0.005517255374754448,-0.049240716103163606
015,2010,715,302,PCU339992339992,good,198.2,6.5722825426940075,5.71042701737487,5.289276621895888,0.18708814369628168,0.09729891098679921,0.010651888693587352,0.019980684690483308,0.016452813290617208,0.023461486678997723,0.015147847751197041,0.023395672008884816,0.0015801952195175772,0.022279281126121948,-0.20373207853579345,-0.14577366748920983
015,2011,754,352,PCU339992339992,good,202.2,6.625392368007956,5.863631175598097,5.309257306586371,0.05310982531394881,0.15320415822322708,0.019980684690483308,0.023461486678997723,0.010651888693587352,0.023395672008884816,0.016452813290617208,0.0343261901495886,0.015147847751197041,0.027061116279157044,0.18708814369628168,0.09729891098679921
015,2012,750,334,PCU339992339992,good,207.0,6.620073206530356,5.811140992976701,5.332718793265369,-0.005319161477600254,-0.05249018262139593,0.023461486678997723,0.023395672008884816,0.019980684690483308,0.0343261901495886,0.010651888693587352,0.029208996291719913,0.016452813290617208,0.028976952816731107,0.05310982531394881,0.15320415822322708
015,2013,748,325,PCU339992339992,good,211.9,6.617402977974478,5.783825182329737,5.356114465274254,-0.0026702285558783956,-0.027315810646963534,0.023395672008884816,0.0343261901495886,0.023461486678997723,0.029208996291719913,0.019980684690483308,0.005300365765840809,0.010651888693587352,0.022945184069049773,-0.005319161477600254,-0.05249018262139593
015,2014,778,344,PCU339992339992,good,219.3,6.656726524178391,5.840641657373398,5.390440655423842,0.03932354620391365,0.05681647504366083,0.0343261901495886,0.029208996291719913,0.023395672008884816,0.005300365765840809,0.023461486678997723,0.01573459035355551,0.019980684690483308,0.016747984137038742,-0.0026702285558783956,-0.027315810646963534
015,2015,809,393,PCU339992339992,good,225.8,6.695798917058491,5.973809611869261,5.419649651715562,0.039072392880100004,0.13316795449586305,0.029208996291719913,0.005300365765840809,0.0343261901495886,0.01573459035355551,0.023395672008884816,0.03452292550982605,0.023461486678997723,0.018519293876407456,0.03932354620391365,0.05681647504366083
015,2016,935,428,PCU339992339992,good,227.0,6.840546529288687,6.059123195581797,5.424950017481403,0.14474761223019605,0.08531358371253539,0.005300365765840809,0.01573459035355551,0.029208996291719913,0.03452292550982605,0.0343261901495886,0.014143330599228676,0.023395672008884816,0.02146694882087008,0.039072392880100004,0.13316795449586305
015,2017,1065,529,PCU339992339992,good,230.6,6.970730078143525,6.270988431858299,5.440684607834958,0.13018354885483774,0.21186523627650278,0.01573459035355551,0.03452292550982605,0.005300365765840809,0.014143330599228676,0.029208996291719913,0.009864444970913766,0.0343261901495886,0.01951023369332283,0.14474761223019605,0.08531358371253539
015,2018,1016,521,PCU339992339992,good,238.7,6.923628628138427,6.255750041753367,5.4752075333447845,-0.04710145000509769,-0.015238390104932442,0.03452292550982605,0.014143330599228676,0.01573459035355551,0.009864444970913766,0.005300365765840809,0.03339917601740705,0.029208996291719913,0.019135650529183163,0.13018354885483774,0.21186523627650278
015,2019,1361,600,PCU339992339992,good,242.1,7.215975002651466,6.396929655216146,5.489350863944013,0.2923463745130386,0.1411796134627794,0.014143330599228676,0.009864444970913766,0.03452292550982605,0.03339917601740705,0.01573459035355551,0.07107874167644113,0.005300365765840809,0.03811412088825398,-0.04710145000509769,-0.015238390104932442
015,2020,1700,1069,PCU339992339992,good,244.5,7.438383530044307,6.974478911025045,5.499215308914927,0.22240852739284112,0.5775492558088988,0.009864444970913766,0.03339917601740705,0.014143330599228676,0.07107874167644113,0.03452292550982605,0.04208930374943698,0.01573459035355551,0.04885574048109505,0.2923463745130386,0.1411796134627794
015,2021,1670,978,PCU339992339992,good,252.804,7.4205789054108005,6.885509670034818,5.532614484932334,-0.017804624633506627,-0.0889692409902274,0.03339917601740705,0.07107874167644113,0.009864444970913766,0.04208930374943698,0.014143330599228676,0.03342715786151018,0.03452292550982605,0.04886506776246276,0.22240852739284112,0.5775492558088988
015,2022,1123,670,PCU339992339992,good,271.427,7.023758954738443,6.507277712385012,5.603693226608775,-0.39681995067235754,-0.3782319576498061,0.07107874167644113,0.04208930374943698,0.03339917601740705,0.03342715786151018,0.009864444970913766,0.03997358301250209,0.014143330599228676,0.03849668154114975,-0.017804624633506627,-0.0889692409902274
015,2023,1218,760,PCU339992339992,good,283.095,7.1049654482698426,6.633318433280377,5.645782530358212,0.08120649353139964,0.12604072089536533,0.04208930374943698,0.03342715786151018,0.07107874167644113,0.03997358301250209,0.03339917601740705,,0.009864444970913766,,-0.39681995067235754,-0.3782319576498061
015,2024,1261,800,PCU339992339992,good,292.718,7.13966033596492,6.684611727667927,5.679209688219722,0.03469488769507745,0.05129329438755015,0.03342715786151018,0.03997358301250209,0.04208930374943698,,0.07107874167644113,,0.03339917601740705,,0.08120649353139964,0.12604072089536533
015,2025,1101,716,PCU339992339992,good,304.656,7.00397413672268,6.573680166960646,5.719183271232224,-0.13568619924224024,-0.11093156070728138,0.03997358301250209,,0.03342715786151018,,0.04208930374943698,,0.07107874167644113,,0.03469488769507745,0.05129329438755015
016,1980,3035,1449,WPU0915,partial,90.2,8.017966703493599,7.278628942320682,4.502029427068578,,,,0.0819171224678863,,0.021223636451627392,,0.00399202126953746,,0.03571092672968371,,
016,1981,3976,2038,WPU0915,partial,97.9,8.288031567776464,7.61972421378267,4.583946549536464,0.27006486428286536,0.34109527146198815,0.0819171224678863,0.021223636451627392,,0.00399202126953746,,0.058043369649914744,,0.027753009123693197,,
016,1982,5456,2674,WPU0915,partial,100.0,8.604471199523298,7.891330757661889,4.605170185988092,0.3164396317468334,0.27160654387921834,0.021223636451627392,0.00399202126953746,0.0819171224678863,0.058043369649914744,,0.02322445303137055,,0.028419947983607585,0.27006486428286536,0.34109527146198815
016,1983,3822,1956,WPU0915,partial,100.4,8.248529124800218,7.578656850594762,4.609162207257629,-0.3559420747230799,-0.3126739070671265,0.00399202126953746,0.058043369649914744,0.021223636451627392,0.02322445303137055,0.0819171224678863,0.004580860048966073,,0.028616227576750454,0.3164396317468334,0.27160654387921834
016,1984,4487,2242,WPU0915,partial,106.4,8.408939605975984,7.715123603632105,4.667205576907544,0.1604104811757665,0.13646675303734312,0.058043369649914744,0.02322445303137055,0.00399202126953746,0.004580860048966073,0.021223636451627392,0.04730913414744453,0.0819171224678863,0.025038149075927052,-0.3559420747230799,-0.3126739070671265
016,1985,4732,2391,WPU0915,partial,108.9,8.462103225098277,7.779466967458324,4.690430029938915,0.053163619122292616,0.06434336382621897,0.02322445303137055,0.004580860048966073,0.058043369649914744,0.04730913414744453,0.00399202126953746,0.0698643312370919,0.021223636451627392,0.04058477514450083,0.1604104811757665,0.13646675303734312
016,1986,5070,2421,WPU0915,partial,109.4,8.531096096585228,7.791935956938058,4.695010889987881,0.06899287148695166,0.01246898947973385,0.004580860048966073,0.04730913414744453,0.02322445303137055,0.0698643312370919,0.058043369649914744,0.06834225337681854,0.00399202126953746,0.061838572920451654,0.053163619122292616,0.06434336382621897
016,1987,5390,2639,WPU0915,partial,114.7,8.592300663903043,7.878155336503324,4.742320024135325,0.061204567317814096,0.08621937956526615,0.04730913414744453,0.0698643312370919,0.004580860048966073,0.06834225337681854,0.02322445303137055,0.02622855485962816,0.058043369649914744,0.0548117131578462,0.06899287148695166,0.01246898947973385
016,1988,5823,2815,WPU0915,partial,123.0,8.66957087183712,7.942717540573791,4.812184355372417,0.07727020793407746,0.06456220407046676,0.0698643312370919,0.06834225337681854,0.04730913414744453,0.02622855485962816,0.004580860048966073,-0.0029629651306573024,0.02322445303137055,0.0305359477019298,0.061204567317814096,0.08621937956526615
016,1989,7197,3295,WPU0915,partial,131.7,8.881419551507804,8.100161446936607,4.880526608749236,0.211848679670684,0.1574439063628157,0.06834225337681854,0.02622855485962816,0.0698643312370919,-0.0029629651306573024,0.04730913414744453,0.0,0.004580860048966073,0.00775519657632362,0.07727020793407746,0.06456220407046676
016,1990,10262,4785,WPU0915,partial,135.2,9.23620303150191,8.473241303887054,4.906755163608864,0.3547834799941061,0.3730798569504472,0.02622855485962816,-0.0029629651306573024,0.06834225337681854,0.0,0.0698643312370919,-0.008193714370309024,0.04730913414744453,-0.0037188931669887753,0.211848679670684,0.1574439063628157
016,1991,9862,4504,WPU0915,partial,134.8,9.196444266784072,8.412721169819527,4.9037921984782065,-0.039758764717838346,-0.06052013406752721,-0.0029629651306573024,0.0,0.02622855485962816,-0.008193714370309024,0.06834225337681854,0.022190259622006714,0.0698643312370919,0.00466551508389923,0.3547834799941061,0.3730798569504472
016,1992,10421,4504,WPU0915,partial,134.8,9.251578279992428,8.412721169819527,4.9037921984782065,0.05513401320835598,0.0,0.0,-0.008193714370309024,-0.0029629651306573024,0.022190259622006714,0.02622855485962816,0.13845706161840354,0.06834225337681854,0.05081786895670041,-0.039758764717838346,-0.06052013406752721
016,1993,12502,5283,WPU0915,partial,133.7,9.433643910491758,8.572249397164315,4.895598484107897,0.18206563049933067,0.15952822734478822,-0.008193714370309024,0.022190259622006714,0.0,0.13845706161840354,-0.0029629651306573024,-0.023196916415152202,0.02622855485962816,0.04581680160841935,0.05513401320835598,0.0
016,1994,12531,5325,WPU0915,partial,136.7,9.435960853165286,8.580167990577626,4.917788743729904,0.0023169426735272225,0.00791859341331147,0.022190259622006714,0.13845706161840354,-0.008193714370309024,-0.023196916415152202,0.0,-0.03313755819987563,-0.0029629651306573024,0.027374195667791902,0.18206563049933067,0.15952822734478822
016,1995,13739,5838,WPU0915,partial,157.0,9.527993782923948,8.67214355141406,5.056245805348308,0.09203292975866262,0.09197556083643299,0.13845706161840354,-0.023196916415152202,0.022190259622006714,-0.03313755819987563,-0.008193714370309024,0.025284114694305693,0.0,-0.010350119973574046,0.0023169426735272225,0.00791859341331147
016,1996,15262,6410,WPU0915,partial,153.4,9.633121357849578,8.765614549914716,5.0330488889331555,0.10512757492563019,0.09347099850065632,-0.023196916415152202,-0.03313755819987563,0.13845706161840354,0.025284114694305693,0.022190259622006714,0.008505121599665877,-0.008193714370309024,0.00021722603136531404,0.09203292975866262,0.09197556083643299
016,1997,16149,6760,WPU0915,partial,148.4,9.689613407229068,8.81877816903701,4.99991133073328,0.05649204937948937,0.05316361912229439,-0.03313755819987563,0.025284114694305693,-0.023196916415152202,0.008505121599665877,0.13845706161840354,0.058207447197740514,0.022190259622006714,0.030665561163904027,0.10512757492563019,0.09347099850065632
016,1998,16458,6795,WPU0915,partial,152.2,9.708566960165658,8.823942326585245,5.025195445427586,0.018953552936590512,0.005164157548234627,0.025284114694305693,0.008505121599665877,-0.03313755819987563,0.058207447197740514,-0.023196916415152202,0.011002555980434536,0.13845706161840354,0.025905041592613642,0.05649204937948937,0.05316361912229439
016,1999,20078,8492,WPU0915,partial,153.5,9.907379967251472,9.046879822823147,5.033700567027251,0.19881300708581406,0.22293749623790227,0.008505121599665877,0.058207447197740514,0.025284114694305693,0.011002555980434536,-0.03313755819987563,-0.004264398786457235,-0.023196916415152202,0.02164853479723927,0.018953552936590512,0.005164157548234627
016,2000,19762,8475,WPU0915,partial,162.7,9.891516180754907,9.044875932248651,5.091908014224992,-0.01586378649656517,-0.0020038905744961255,0.058207447197740514,0.011002555980434536,0.008505121599665877,-0.004264398786457235,0.025284114694305693,0.0091158334080097,-0.03313755819987563,0.0052846635339956665,0.19881300708581406,0.22293749623790227
016,2001,17076,6628,WPU0915,partial,164.5,9.745429247877853,8.799058378546453,5.1029105702054265,-0.1460869328770542,-0.2458175537021976,0.011002555980434536,-0.004264398786457235,0.058207447197740514,0.0091158334080097,0.008505121599665877,0.0179860963697811,0.025284114694305693,0.007612510330444522,-0.01586378649656517,-0.0020038905744961255
016,2002,15598,6741,WPU0915,partial,163.8,9.654897979890443,8.815963560853438,5.098646171418969,-0.0905312679874104,0.01690518230698501,-0.004264398786457235,0.0091158334080097,0.011002555980434536,0.0179860963697811,0.058207447197740514,0.04530391430539993,0.008505121599665877,0.024135281361063576,-0.1460869328770542,-0.2458175537021976
016,2003,16276,7271,WPU0915,partial,165.3,9.697446909121581,8.891649112650057,5.107762004826979,0.04254892923113829,0.07568555179661907,0.0091158334080097,0.0179860963697811,-0.004264398786457235,0.04530391430539993,0.011002555980434536,0.0444270727368723,0.058207447197740514,0.03590569447068444,-0.0905312679874104,0.01690518230698501
016,2004,17986,7984,WPU0915,partial,168.3,9.79734895647446,8.9851948179913,5.12574810119676,0.09990204735287911,0.09354570534124207,0.0179860963697811,0.04530391430539993,0.0091158334080097,0.0444270727368723,-0.004264398786457235,0.01989847853513016,0.011002555980434536,0.03654315519246746,0.04254892923113829,0.07568555179661907
016,2005,18825,8360,WPU0915,partial,176.1,9.842941052668094,9.031213706078747,5.17105201550216,0.04559209619363358,0.04601888808744725,0.04530391430539993,0.0444270727368723,0.0179860963697811,0.01989847853513016,0.0091158334080097,0.05893177837633523,-0.004264398786457235,0.041085776549445896,0.09990204735287911,0.09354570534124207
016,2006,18480,8376,WPU0915,partial,184.1,9.824444345195674,9.033125752550372,5.215479088239032,-0.01849670747241916,0.0019120464716255725,0.0444270727368723,0.01989847853513016,0.04530391430539993,0.05893177837633523,0.0179860963697811,0.01840390168127115,0.0091158334080097,0.03241138619757884,0.04559209619363358,0.04601888808744725
016,2007,19757,8989,WPU0915,partial,187.8,9.891263137913406,9.103756886573398,5.235377566774162,0.06681879271773106,0.07063113402302612,0.01989847853513016,0.05893177837633523,0.0444270727368723,0.01840390168127115,0.04530391430539993,0.02962100513304211,0.0179860963697811,0.035652228396882826,-0.01849670747241916,0.0019120464716255725
016,2008,18191,8504,WPU0915,partial,199.2,9.808682245262217,9.048291920021784,5.294309345150498,-0.08258089265118862,-0.05546496655161448,0.05893177837633523,0.01840390168127115,0.01989847853513016,0.02962100513304211,0.0444270727368723,0.03571808260207909,0.04530391430539993,0.027914329805464117,0.06681879271773106,0.07063113402302612
016,2009,15247,7263,WPU0915,partial,202.9,9.632138041371906,8.890548245606167,5.312713246831769,-0.17654420389031067,-0.15774367441561665,0.01840390168127115,0.02962100513304211,0.05893177837633523,0.03571808260207909,0.01989847853513016,0.00919124117554837,0.0444270727368723,0.02484344297022319,-0.08258089265118862,-0.05546496655161448
016,2010,15230,7099,WPU0915,partial,209.0,9.631022445889208,8.867709208039386,5.342334251964811,-0.0011155954826982395,-0.022839037566781073,0.02962100513304211,0.03571808260207909,0.01840390168127115,0.00919124117554837,0.05893177837633523,0.02752260344884494,0.01989847853513016,0.024143975742157466,-0.17654420389031067,-0.15774367441561665
016,2011,15497,7251,WPU0915,partial,216.6,9.648401735787335,8.888894669371593,5.37805233456689,0.01737928989812687,0.02118546133220711,0.03571808260207909,0.00919124117554837,0.02962100513304211,0.02752260344884494,0.01840390168127115,0.01633229859057206,0.05893177837633523,0.01768204773832179,-0.0011155954826982395,-0.022839037566781073
016,2012,15014,7035,WPU0915,partial,218.6,9.616738378132947,8.858652969548489,5.387243575742438,-0.03166335765438788,-0.03024169982310454,0.00919124117554837,0.02752260344884494,0.03571808260207909,0.01633229859057206,0.02962100513304211,-0.0008760403538801143,0.01840390168127115,0.014326287228512294,0.01737928989812687,0.02118546133220711
016,2013,14529,6970,WPU0915,partial,224.7,9.583901931071338,8.84937050375457,5.414766179191283,-0.03283644706160871,-0.00928246579391967,0.02752260344884494,0.01633229859057206,0.00919124117554837,-0.0008760403538801143,0.03571808260207909,0.0013137729062844272,0.02962100513304211,0.0055900103809921236,-0.03166335765438788,-0.03024169982310454
016,2014,14311,6732,WPU0915,partial,228.4,9.568783751310876,8.814627555310697,5.431098477781855,-0.015118179760461814,-0.03474294844387238,0.01633229859057206,-0.0008760403538801143,0.02752260344884494,0.0013137729062844272,0.00919124117554837,0.022929838703708683,0.03571808260207909,0.007789190418704331,-0.03283644706160871,-0.00928246579391967
016,2015,15331,7594,WPU0915,partial,228.2,9.637632201310455,8.935113740791747,5.430222437427975,0.06884844999957807,0.12048618548105061,-0.0008760403538801143,0.0013137729062844272,0.01633229859057206,0.022929838703708683,0.02752260344884494,0.015280433137599303,0.00919124117554837,0.013174681582530804,-0.015118179760461814,-0.03474294844387238
016,2016,15555,7740,WPU0915,partial,228.5,9.652137409331738,8.954156966583772,5.43153621033426,0.014505208021283522,0.019043225792024998,0.0013137729062844272,0.022929838703708683,-0.0008760403538801143,0.015280433137599303,0.01633229859057206,0.016708826487863426,0.02752260344884494,0.018306366109723804,0.06884844999957807,0.12048618548105061
016,2017,16995,8861,WPU0915,partial,233.8,9.740674462130217,9.089414904047302,5.454466049037968,0.08853705279847901,0.1352579374635301,0.022929838703708683,0.015280433137599303,0.0013137729062844272,0.016708826487863426,-0.0008760403538801143,-0.0004143360324446732,0.01633229859057206,0.010524974531006018,0.014505208021283522,0.019043225792024998
016,2018,18260,9547,WPU0915,partial,237.4,9.81246815414896,9.163982247998034,5.469746482175568,0.0717936920187423,0.07456734395073106,0.015280433137599303,0.016708826487863426,0.022929838703708683,-0.0004143360324446732,0.0013137729062844272,0.061270911061643396,-0.0008760403538801143,0.025855133839020716,0.08853705279847901,0.1352579374635301
016,2019,18860,10228,WPU0915,partial,241.4,9.844798556187449,9.232884336411077,5.486455308663431,0.03233040203848958,0.06890208841304357,0.016708826487863426,-0.0004143360324446732,0.015280433137599303,0.061270911061643396,0.022929838703708683,0.13775317461292946,0.0013137729062844272,0.06620324988070939,0.0717936920187423,0.07456734395073106
016,2020,24822,15630,WPU0915,partial,241.3,10.119485635689466,9.656947423415522,5.4860409726309864,0.27468707950201754,0.42406308700444484,-0.0004143360324446732,0.061270911061643396,0.016708826487863426,0.13775317461292946,0.015280433137599303,0.04022121022118075,0.022929838703708683,0.07974843196525119,0.03233040203848958,0.06890208841304357
016,2021,25846,16076,WPU0915,partial,256.547,10.159911129085136,9.685082755569091,5.54731188369263,0.04042549339567003,0.028135332153569337,0.061270911061643396,0.13775317461292946,-0.0004143360324446732,0.04022121022118075,0.016708826487863426,-0.0031924740992863576,0.015280433137599303,0.058260636911607946,0.27468707950201754,0.42406308700444484
016,2022,21898,13347,WPU0915,partial,294.437,9.99415058743337,9.499046919474152,5.685065058305559,-0.1657605416517658,-0.18603583609493946,0.13775317461292946,0.04022121022118075,0.061270911061643396,-0.0031924740992863576,-0.0004143360324446732,0.03161470699844937,0.016708826487863426,0.022881147706781253,0.04042549339567003,0.028135332153569337
016,2023,22544,13978,WPU0915,partial,306.521,10.023224234138462,9.545239944037075,5.72528626852674,0.029073646705091605,0.04619302456292296,0.04022121022118075,-0.0031924740992863576,0.13775317461292946,0.03161470699844937,0.061270911061643396,,-0.0004143360324446732,,-0.1657605416517658,-0.18603583609493946
016,2024,24412,15621,WPU0915,partial,305.544,10.102830093664386,9.65637144183101,5.722093794427454,0.07960585952592325,0.11113149779393439,-0.0031924740992863576,0.03161470699844937,0.04022121022118075,,0.13775317461292946,,0.061270911061643396,,0.029073646705091605,0.04619302456292296
016,2025,25774,16750,WPU0915,partial,315.358,10.157121510848336,9.726153537253213,5.753708501425903,0.054291417183950585,0.06978209542220348,0.03161470699844937,,-0.0031924740992863576,,0.04022121022118075,,0.13775317461292946,,0.07960585952592325,0.11113149779393439
017,1985,822,355,PCU326---326---,partial,100.0,6.71174039505618,5.872117789475416,4.605170185988092,,,,0.002995508979798167,,0.005964232391673541,,0.05589123094814408,,0.02161699077320526,,
017,1986,641,307,PCU326---326---,partial,100.3,6.46302945692067,5.726847747587197,4.60816569496789,-0.2487109381355097,-0.14527004188821913,0.002995508979798167,0.005964232391673541,,0.05589123094814408,,0.03227573841110676,,0.03137706725030812,,
017,1987,742,341,PCU326---326---,partial,100.9,6.60934924316738,5.831882477283517,4.6141299273595635,0.1463197862467105,0.1050347296963201,0.005964232391673541,0.05589123094814408,0.002995508979798167,0.03227573841110676,,0.009932361562684733,,0.03269977697397852,-0.2487109381355097,-0.14527004188821913
017,1988,774,358,PCU326---326---,partial,106.7,6.651571873589727,5.8805329864007,4.670021158307708,0.042222630422346974,0.04865050911718338,0.05589123094814408,0.03227573841110676,0.005964232391673541,0.009932361562684733,0.002995508979798167,0.021334142474991324,,0.021180747482927604,0.1463197862467105,0.1050347296963201
017,1989,889,406,PCU326---326---,partial,110.2,6.790097235513905,6.0063531596017325,4.702296896718814,0.1385253619241773,0.12582017320103223,0.03227573841110676,0.009932361562684733,0.05589123094814408,0.021334142474991324,0.005964232391673541,0.004387896465419594,0.002995508979798167,0.01188480016769855,0.042222630422346974,0.04865050911718338
017,1990,1022,467,PCU326---326---,partial,111.3,6.92951677076365,6.1463292576688975,4.712229258281499,0.13941953524974515,0.13997609806716493,0.009932361562684733,0.021334142474991324,0.03227573841110676,0.004387896465419594,0.05589123094814408,0.010453056852089304,0.005964232391673541,0.01205836526416674,0.1385253619241773,0.12582017320103223
017,1991,976,425,PCU326---326---,partial,113.7,6.883462586413092,6.052089168924417,4.73356340075649,-0.04605418435055775,-0.09424008874448031,0.021334142474991324,0.004387896465419594,0.009932361562684733,0.010453056852089304,0.03227573841110676,0.014623916529671988,0.05589123094814408,0.009821623282393627,0.13941953524974515,0.13997609806716493
017,1992,884,388,PCU326---326---,partial,114.2,6.784457062637643,5.961005339623274,4.73795129722191,-0.0990055237754488,-0.09108382930114356,0.004387896465419594,0.010453056852089304,0.021334142474991324,0.014623916529671988,0.009932361562684733,0.051592139566627004,0.03227573841110676,0.025556370982796096,-0.04605418435055775,-0.09424008874448031
017,1993,1050,399,PCU326---326---,partial,115.4,6.956545443151569,5.988961416889864,4.748404354073999,0.17208838051392572,0.027956077266590107,0.010453056852089304,0.014623916529671988,0.004387896465419594,0.051592139566627004,0.021334142474991324,-0.0016233769798903452,0.009932361562684733,0.02153089303880288,-0.0990055237754488,-0.09108382930114356
017,1994,1014,417,PCU326---326---,partial,117.1,6.921658184151129,6.0330862217988015,4.763028270603671,-0.034887259000440096,0.044124804908937776,0.014623916529671988,0.051592139566627004,0.010453056852089304,-0.0016233769798903452,0.004387896465419594,-0.0024400174773662187,0.021334142474991324,0.015842915036456812,0.17208838051392572,0.027956077266590107
017,1995,1115,436,PCU326---326---,partial,123.3,7.016609683894219,6.077642243349034,4.814620410170298,0.09495149974309047,0.04455602155023275,0.051592139566627004,-0.0016233769798903452,0.014623916529671988,-0.0024400174773662187,0.010453056852089304,-0.005716634596383052,0.004387896465419594,-0.0032600096845465387,-0.034887259000440096,0.044124804908937776
017,1996,1261,521,PCU326---326---,partial,123.1,7.13966033596492,6.255750041753367,4.812997033190408,0.12305065207070065,0.17810779840433266,-0.0016233769798903452,-0.0024400174773662187,0.051592139566627004,-0.005716634596383052,0.014623916529671988,0.000818665620836434,0.010453056852089304,-0.002445995484304279,0.09495149974309047,0.04455602155023275
017,1997,1376,560,PCU326---326---,partial,122.8,7.226936018493289,6.327936783729195,4.810557015713042,0.08727568252836893,0.07218674197582775,-0.0024400174773662187,-0.005716634596383052,-0.0016233769798903452,0.000818665620836434,0.051592139566627004,0.01944955961585748,0.014623916529671988,0.004850530213436954,0.12305065207070065,0.17810779840433266
017,1998,1479,633,PCU326---326---,partial,122.1,7.2991214627108,6.450470422144176,4.804840381116659,0.07218544421751094,0.1225336384149811,-0.005716634596383052,0.000818665620836434,-0.0024400174773662187,0.01944955961585748,-0.0016233769798903452,0.010379334696948739,0.051592139566627004,0.010215853311214218,0.08727568252836893,0.07218674197582775
017,1999,1521,642,PCU326---326---,partial,122.2,7.327123292259293,6.464588303689961,4.805659046737495,0.02800182954849273,0.014117881545785416,0.000818665620836434,0.01944955961585748,-0.005716634596383052,0.010379334696948739,-0.0024400174773662187,-0.0031821824784623587,-0.0016233769798903452,0.00888223727811462,0.07218544421751094,0.1225336384149811
017,2000,1548,674,PCU326---326---,partial,124.6,7.344719054149673,6.513230110912307,4.825108606353353,0.017595761890380146,0.04864180722234579,0.01944955961585748,0.010379334696948739,0.000818665620836434,-0.0031821824784623587,-0.005716634596383052,0.022844632684021704,-0.0024400174773662187,0.010013928300836028,0.02800182954849273,0.014117881545785416
017,2001,1534,605,PCU326---326---,partial,125.9,7.335633981927201,6.405228458030842,4.835487941050301,-0.009085072222471346,-0.10800165288146513,0.010379334696948739,-0.0031821824784623587,0.01944955961585748,0.022844632684021704,0.000818665620836434,0.02537621749337493,-0.005716634596383052,0.015012889232978091,0.017595761890380146,0.04864180722234579
017,2002,1617,634,PCU326---326---,partial,125.5,7.388327859577107,6.452048954437226,4.832305758571839,0.052693877649905296,0.04682049640638386,-0.0031821824784623587,0.022844632684021704,0.010379334696948739,0.02537621749337493,0.01944955961585748,0.06965071630990582,0.000818665620836434,0.03929052216243415,-0.009085072222471346,-0.10800165288146513
017,2003,1565,612,PCU326---326---,partial,128.4,7.355641102974253,6.416732282512326,4.855150391255861,-0.03268675660285325,-0.03531667192489962,0.022844632684021704,0.02537621749337493,-0.0031821824784623587,0.06965071630990582,0.010379334696948739,0.05845596636644146,0.01944955961585748,0.05116096672324073,0.052693877649905296,0.04682049640638386
017,2004,1641,619,PCU326---326---,partial,131.7,7.403061091090091,6.428105272684596,4.880526608749236,0.0474199881158377,0.011372990172270114,0.02537621749337493,0.06965071630990582,0.022844632684021704,0.05845596636644146,-0.0031821824784623587,0.0059940239402100914,0.010379334696948739,0.044700235538852454,-0.03268675660285325,-0.03531667192489962
017,2005,1891,729,PCU326---326---,partial,141.2,7.544861068658458,6.591673732008658,4.950177325059141,0.1417999775683665,0.16356845932406205,0.06965071630990582,0.05845596636644146,0.02537621749337493,0.0059940239402100914,0.022844632684021704,0.06863866976537025,-0.0031821824784623587,0.04436288669067393,0.0474199881158377,0.011372990172270114
017,2006,1874,715,PCU326---326---,partial,149.7,7.535830462798367,6.5722825426940075,5.008633291425583,-0.00903060586009019,-0.01939118931465078,0.05845596636644146,0.0059940239402100914,0.06965071630990582,0.06863866976537025,0.02537621749337493,0.0,0.022844632684021704,0.02487756456852678,0.1417999775683665,0.16356845932406205
017,2007,2233,831,PCU326---326---,partial,150.6,7.711101251840158,6.7226297948554485,5.014627315365793,0.1752707890417904,0.15034725216144107,0.0059940239402100914,0.06863866976537025,0.05845596636644146,0.0,0.06965071630990582,0.029324031488085822,0.02537621749337493,0.03265423375115202,-0.00903060586009019,-0.01939118931465078
017,2008,2209,817,PCU326---326---,partial,161.3,7.700295203420117,6.705639094860003,5.083265985131163,-0.010806048420040959,-0.016990699995445446,0.06863866976537025,0.0,0.0059940239402100914,0.029324031488085822,0.05845596636644146,0.05959707278457582,0.06965071630990582,0.029640368090887215,0.1752707890417904,0.15034725216144107
017,2009,1930,743,PCU326---326---,partial,161.3,7.5652752818989315,6.610696044717759,5.083265985131163,-0.13501992152118536,-0.09494305014224391,0.0,0.029324031488085822,0.06863866976537025,0.05959707278457582,0.0059940239402100914,0.024097551579060017,0.05845596636644146,0.03767288528390722,-0.010806048420040959,-0.016990699995445446
017,2010,2001,744,PCU326---326---,partial,166.1,7.601402334583733,6.612041034833092,5.112590016619249,0.036127052684801875,0.0013449901153324006,0.029324031488085822,0.05959707278457582,0.0,0.024097551579060017,0.06863866976537025,0.021364822497696778,0.0059940239402100914,0.035019815620444206,-0.13501992152118536,-0.09494305014224391
017,2011,2035,715,PCU326---326---,partial,176.3,7.618251097876695,6.5722825426940075,5.172187089403825,0.0168487632929617,-0.03975849213908411,0.05959707278457582,0.024097551579060017,0.029324031488085822,0.021364822497696778,0.0,0.010781775603288857,0.06863866976537025,0.01874804989334855,0.036127052684801875,0.0013449901153324006
017,2012,1987,702,PCU326---326---,partial,180.6,7.594381242551817,6.553933404025811,5.196284640982885,-0.023869855324877953,-0.018349138668196652,0.024097551579060017,0.021364822497696778,0.05959707278457582,0.010781775603288857,0.029324031488085822,-0.010239917015118394,0.0,0.007302227028622413,0.0168487632929617,-0.03975849213908411
017,2013,2111,737,PCU326---326---,partial,184.5,7.65491704784832,6.602587892189336,5.217649463480582,0.06053580529650304,0.04865448816352558,0.021364822497696778,0.010781775603288857,0.024097551579060017,-0.010239917015118394,0.05959707278457582,-0.011441149046206078,0.029324031488085822,-0.003633096819345205,-0.023869855324877953,-0.018349138668196652
017,2014,2090,763,PCU326---326---,partial,186.5,7.644919344958857,6.637258031284457,5.2284312390838705,-0.009997702889463334,0.03467013909512051,0.010781775603288857,-0.010239917015118394,0.021364822497696778,-0.011441149046206078,0.024097551579060017,0.01953399062565886,0.05959707278457582,-0.0007156918118885376,0.06053580529650304,0.04865448816352558
017,2015,2167,783,PCU326---326---,partial,184.6,7.681099001536359,6.663132695990803,5.218191322068752,0.03617965657750233,0.025874664706345918,-0.010239917015118394,-0.011441149046206078,0.010781775603288857,0.01953399062565886,0.021364822497696778,0.031731906126306164,0.024097551579060017,0.013274915901919648,-0.009997702889463334,0.03467013909512051
017,2016,2449,891,PCU326---326---,partial,182.5,7.803435056952168,6.792344427470809,5.206750173022546,0.12233605541580861,0.1292117314800061,-0.011441149046206078,0.01953399062565886,-0.010239917015118394,0.031731906126306164,0.010781775603288857,0.005192119659957584,0.021364822497696778,0.0188193388039742,0.03617965657750233,0.025874664706345918
017,2017,2765,1051,PCU326---326---,partial,186.1,7.9247959139564355,6.957497370876951,5.226284163648205,0.12136085700426769,0.1651529434061425,0.01953399062565886,0.031731906126306164,-0.011441149046206078,0.005192119659957584,-0.010239917015118394,-0.0036316512028626846,0.010781775603288857,0.01109745819446702,0.12233605541580861,0.1292117314800061
017,2018,2564,1081,PCU326---326---,partial,192.1,7.849323818040561,6.985641817639208,5.258016069774511,-0.07547209591587478,0.028144446762256692,0.031731906126306164,0.005192119659957584,0.01953399062565886,-0.0036316512028626846,-0.011441149046206078,0.11167525499209141,-0.010239917015118394,0.03774524114972877,0.12136085700426769,0.1651529434061425
017,2019,2986,1183,PCU326---326---,partial,193.1,8.001689978099135,7.075808863978387,5.263208189434469,0.15236616005857417,0.09016704633917882,0.005192119659957584,-0.0036316512028626846,0.031731906126306164,0.11167525499209141,0.01953399062565886,0.14741321973653143,-0.011441149046206078,0.08515227450858671,-0.07547209591587478,0.028144446762256692
017,2020,3187,1426,PCU326---326---,partial,192.4,8.066835314417336,7.262628600974241,5.259576538231606,0.06514533631820107,0.1868197369958544,-0.0036316512028626846,0.11167525499209141,0.005192119659957584,0.14741321973653143,0.031731906126306164,0.008475744033182409,0.01953399062565886,0.08918807292060174,0.15236616005857417,0.09016704633917882
017,2021,3343,1597,PCU326---326---,partial,215.132,8.114623886420098,7.3758821482150125,5.371251793223697,0.04778857200276221,0.11325354724077119,0.11167525499209141,0.14741321973653143,-0.0036316512028626846,0.008475744033182409,0.005192119659957584,0.0013354957627402797,0.031731906126306164,0.052408153177484706,0.06514533631820107,0.1868197369958544
017,2022,2945,1349,PCU326---326---,partial,249.302,7.987864096085687,7.207118856207756,5.518665012960229,-0.1267597903344111,-0.16876329200725682,0.14741321973653143,0.008475744033182409,0.11167525499209141,0.0013354957627402797,-0.0036316512028626846,0.009849648414931522,0.005192119659957584,0.00655362940361807,0.04778857200276221,0.11325354724077119
017,2023,3131,1551,PCU326---326---,partial,251.424,8.049107721326406,7.346655163176539,5.527140756993411,0.06124362524071891,0.13953630696878339,0.008475744033182409,0.0013354957627402797,0.14741321973653143,0.009849648414931522,0.11167525499209141,,-0.0036316512028626846,,-0.1267597903344111,-0.16876329200725682
017,2024,3432,1764,PCU326---326---,partial,251.76,8.140898460607852,7.475339236566737,5.5284762527561515,0.09179073928144632,0.12868407339019772,0.0013354957627402797,0.009849648414931522,0.008475744033182409,,0.14741321973653143,,0.11167525499209141,,0.06124362524071891,0.13953630696878339
017,2025,3137,1562,PCU326---326---,partial,254.252,8.051022208190679,7.3537223303996315,5.538325901171083,-0.08987625241717367,-0.1216169061671053,0.009849648414931522,,0.0013354957627402797,,0.008475744033182409,,0.14741321973653143,,0.09179073928144632,0.12868407339019772
019,1985,918,394,PCU327---327---,partial,102.1,6.822197390620491,5.976350909297934,4.625952725170619,,,,0.01651324556116851,,0.006721100673077629,,0.012363448019333312,,0.011865931417859816,,
019,1986,804,371,PCU327---327---,partial,103.8,6.6895992691789665,5.916202062607435,4.642465970731788,-0.13259812144152416,-0.060148846690498914,0.01651324556116851,0.006721100673077629,,0.012363448019333312,,0.01965435283988981,,0.012912967177433583,,
019,1987,850,420,PCU327---327---,partial,104.5,6.745236349484363,6.040254711277414,4.6491870714048655,0.05563708030539605,0.1240526486699789,0.006721100673077629,0.012363448019333312,0.01651324556116851,0.01965435283988981,,0.019275493528327914,,0.017097764795850345,-0.13259812144152416,-0.060148846690498914
019,1988,893,420,PCU327---327---,partial,105.8,6.794586580876499,6.040254711277414,4.661550519424199,0.049350231392136124,0.0,0.012363448019333312,0.01965435283988981,0.006721100673077629,0.019275493528327914,0.01651324556116851,0.020693495951981333,,0.01987444744006635,0.05563708030539605,0.1240526486699789
019,1989,1081,428,PCU327---327---,partial,107.9,6.985641817639208,6.059123195581797,4.681204872264089,0.1910552367627094,0.018868484304382704,0.01965435283988981,0.019275493528327914,0.012363448019333312,0.020693495951981333,0.006721100673077629,0.0044424773195608225,0.01651324556116851,0.014803822266623357,0.049350231392136124,0.0
019,1990,1305,543,PCU327---327---,partial,110.0,7.173958319756794,6.297109319933935,4.700480365792417,0.1883165021175861,0.23798612435213862,0.019275493528327914,0.020693495951981333,0.01965435283988981,0.0044424773195608225,0.012363448019333312,0.022788015010040574,0.006721100673077629,0.015974662760527576,0.1910552367627094,0.018868484304382704
019,1991,1286,585,PCU327---327---,partial,112.3,7.1592919047975645,6.371611847231857,4.721173861744398,-0.014666414959229712,0.07450252729792162,0.020693495951981333,0.0044424773195608225,0.019275493528327914,0.022788015010040574,0.01965435283988981,0.03574848744253245,0.012363448019333312,0.020992993257377947,0.1883165021175861,0.23798612435213862
019,1992,1221,503,PCU327---327---,partial,112.8,7.107425474110705,6.220590170099739,4.725616339063959,-0.05186643068685992,-0.15102167713211756,0.0044424773195608225,0.022788015010040574,0.020693495951981333,0.03574848744253245,0.019275493528327914,0.038545157000133834,0.01965435283988981,0.032360553150902284,-0.014666414959229712,0.07450252729792162
019,1993,1342,546,PCU327---327---,partial,115.4,7.201916317531627,6.302618975744905,4.748404354073999,0.09449084342092284,0.0820288056451659,0.022788015010040574,0.03574848744253245,0.0044424773195608225,0.038545157000133834,0.020693495951981333,0.011995345749674868,0.019275493528327914,0.028762996730780383,-0.05186643068685992,-0.15102167713211756
019,1994,1370,593,PCU327---327---,partial,119.6,7.222566018822171,6.385194398997726,4.784152841516532,0.020649701290543554,0.08257542325282063,0.03574848744253245,0.038545157000133834,0.022788015010040574,0.011995345749674868,0.0044424773195608225,0.012638398871722245,0.020693495951981333,0.021059633873843648,0.09449084342092284,0.0820288056451659
019,1995,1602,668,PCU327---327---,partial,124.3,7.379008127628304,6.504288173536645,4.822697998516666,0.15644210880613318,0.11909377453891956,0.038545157000133834,0.011995345749674868,0.03574848744253245,0.012638398871722245,0.022788015010040574,0.014803542639748812,0.0044424773195608225,0.013145762420381974,0.020649701290543554,0.08257542325282063
019,1996,1618,707,PCU327---327---,partial,125.8,7.388946097618437,6.561030665896573,4.8346933442663405,0.009937969990132522,0.05674249235992779,0.011995345749674868,0.012638398871722245,0.038545157000133834,0.014803542639748812,0.03574848744253245,0.02520179197395045,0.022788015010040574,0.017547911161807168,0.15644210880613318,0.11909377453891956
019,1997,1950,762,PCU327---327---,partial,127.4,7.575584651557793,6.635946555686647,4.847331743138063,0.18663855393935602,0.07491588979007346,0.012638398871722245,0.014803542639748812,0.011995345749674868,0.02520179197395045,0.038545157000133834,0.01571300566455669,0.03574848744253245,0.018572780092751984,0.009937969990132522,0.05674249235992779
019,1998,2017,781,PCU327---327---,partial,129.3,7.6093665379542115,6.660575149839686,4.8621352857778115,0.03378188639641877,0.02462859415303953,0.014803542639748812,0.02520179197395045,0.012638398871722245,0.01571300566455669,0.011995345749674868,0.009604802319733707,0.038545157000133834,0.01683986665274695,0.18663855393935602,0.07491588979007346
019,1999,2180,904,PCU327---327---,partial,132.6,7.687080155783135,6.806829360392176,4.887337077751762,0.07771361782892328,0.14625421055249,0.02520179197395045,0.01571300566455669,0.014803542639748812,0.009604802319733707,0.012638398871722245,0.008055700832215962,0.011995345749674868,0.011124502938835452,0.03378188639641877,0.02462859415303953
019,2000,2381,984,PCU327---327---,partial,134.7,7.7752758464868625,6.891625897052253,4.903050083416319,0.08819569070372779,0.08479653666007714,0.01571300566455669,0.009604802319733707,0.02520179197395045,0.008055700832215962,0.014803542639748812,0.006543098588936758,0.012638398871722245,0.008067867246962141,0.07771361782892328,0.14625421055249
019,2001,2276,856,PCU327---327---,partial,136.0,7.730174795246222,6.752270376141742,4.912654885736052,-0.0451010512406409,-0.1393555209105113,0.009604802319733707,0.008055700832215962,0.01571300566455669,0.006543098588936758,0.02520179197395045,0.0334908393255855,0.014803542639748812,0.01602987958224607,0.08819569070372779,0.08479653666007714
019,2002,2496,943,PCU327---327---,partial,137.1,7.822444729489319,6.849066282633458,4.920710586568268,0.09226993424309704,0.09679590649171566,0.008055700832215962,0.006543098588936758,0.009604802319733707,0.0334908393255855,0.01571300566455669,0.06313599636348588,0.02520179197395045,0.034389978092669374,-0.0451010512406409,-0.1393555209105113
019,2003,2644,997,PCU327---327---,partial,138.0,7.880048200971577,6.904750769961838,4.927253685157205,0.05760347148225797,0.055684487328380605,0.006543098588936758,0.0334908393255855,0.008055700832215962,0.06313599636348588,0.009604802319733707,0.07232066157962613,0.01571300566455669,0.05631583242289917,0.09226993424309704,0.09679590649171566
019,2004,2856,1157,PCU327---327---,partial,142.7,7.957177323459475,7.053585727193677,4.960744524482791,0.07712912248789827,0.1488349572318386,0.0334908393255855,0.06313599636348588,0.006543098588936758,0.07232066157962613,0.008055700832215962,0.020594307498743802,0.009604802319733707,0.0520169884806186,0.05760347148225797,0.055684487328380605
019,2005,3312,1283,PCU327---327---,partial,152.0,8.10530751550515,7.1569563646156364,5.0238805208462765,0.14813019204567457,0.10337063742195962,0.06313599636348588,0.07232066157962613,0.0334908393255855,0.020594307498743802,0.006543098588936758,0.024283100196899277,0.008055700832215962,0.0390660230917564,0.07712912248789827,0.1488349572318386
019,2006,3467,1360,PCU327---327---,partial,163.4,8.151044945685024,7.215239978730097,5.096201182425903,0.04573743017987475,0.058283614114460924,0.07232066157962613,0.020594307498743802,0.06313599636348588,0.024283100196899277,0.0334908393255855,0.017976709092983434,0.006543098588936758,0.020951372262875502,0.14813019204567457,0.10337063742195962
019,2007,3535,1379,PCU327---327---,partial,166.8,8.170468578330674,7.229113877793302,5.116795489924646,0.01942363264564939,0.013873899063204576,0.020594307498743802,0.024283100196899277,0.07232066157962613,0.017976709092983434,0.06313599636348588,-0.008658062743114314,0.0334908393255855,0.011200582182256131,0.04573743017987475,0.058283614114460924
019,2008,3448,1262,PCU327---327---,partial,170.9,8.145549631783584,7.140453043101158,5.141078590121546,-0.02491894654708915,-0.08866083469214381,0.024283100196899277,0.017976709092983434,0.020594307498743802,-0.008658062743114314,0.07232066157962613,0.013817145553141508,0.06313599636348588,0.007711930634336875,0.01942363264564939,0.013873899063204576
019,2009,2904,1138,PCU327---327---,partial,174.0,7.973844375944687,7.037027614686276,5.159055299214529,-0.17170525583889784,-0.10342542841488189,0.017976709092983434,-0.008658062743114314,0.024283100196899277,0.013817145553141508,0.020594307498743802,0.02985296314968089,0.07232066157962613,0.01167068198656936,-0.02491894654708915,-0.08866083469214381
019,2010,2800,1102,PCU327---327---,partial,172.5,7.937374696163295,7.004881989712859,5.150397236471415,-0.036469679781391484,-0.032145624973416886,-0.008658062743114314,0.013817145553141508,0.017976709092983434,0.02985296314968089,0.024283100196899277,0.030065123184423115,0.020594307498743802,0.024578410629081837,-0.17170525583889784,-0.10342542841488189
019,2011,3014,1094,PCU327---327---,partial,174.9,8.01102337918644,6.9975959829819265,5.164214382024556,0.07364868302314509,-0.007286006730932826,0.013817145553141508,0.02985296314968089,-0.008658062743114314,0.030065123184423115,0.017976709092983434,0.028664382887567008,0.024283100196899277,0.029527489740557,-0.036469679781391484,-0.032145624973416886
019,2012,2682,1004,PCU327---327---,partial,180.2,7.894318063841624,6.911747300251674,5.194067345174237,-0.11670531534481654,-0.08584868273025226,0.02985296314968089,0.030065123184423115,0.013817145553141508,0.028664382887567008,-0.008658062743114314,0.02989913439885239,0.017976709092983434,0.029542880156947504,0.07364868302314509,-0.007286006730932826
019,2013,2835,965,PCU327---327---,partial,185.7,7.949797216161852,6.872128101338986,5.22413246835866,0.055479152320228486,-0.03961919891268817,0.030065123184423115,0.028664382887567008,0.02985296314968089,0.02989913439885239,0.013817145553141508,0.02557171175612538,-0.008658062743114314,0.028045076347514925,-0.11670531534481654,-0.08584868273025226
019,2014,2919,1061,PCU327---327---,partial,191.1,7.978996370854115,6.966967138613983,5.252796851246227,0.029199154692262752,0.09483903727499676,0.028664382887567008,0.02989913439885239,0.030065123184423115,0.02557171175612538,0.02985296314968089,0.023484445233068918,0.013817145553141508,0.02631843046268223,0.055479152320228486,-0.03961919891268817
019,2015,3327,1158,PCU327---327---,partial,196.9,8.109826276018477,7.05444965813294,5.28269598564508,0.13082990516436244,0.08748251951895725,0.02989913439885239,0.02557171175612538,0.028664382887567008,0.023484445233068918,0.030065123184423115,0.033756473454086056,0.02985296314968089,0.027604210147760117,0.029199154692262752,0.09483903727499676
019,2016,3501,1266,PCU327---327---,partial,202.0,8.160803920954665,7.143617602704121,5.308267697401205,0.050977644936187616,0.08916794457118105,0.02557171175612538,0.023484445233068918,0.02989913439885239,0.033756473454086056,0.028664382887567008,0.01990345731061005,0.030065123184423115,0.025714791999255006,0.13082990516436244,0.08748251951895725
019,2017,3822,1428,PCU327---327---,partial,206.8,8.248529124800218,7.2640301428995295,5.331752142634274,0.08772520384555271,0.12041254019540837,0.023484445233068918,0.033756473454086056,0.02557171175612538,0.01990345731061005,0.02989913439885239,0.01906548897745708,0.028664382887567008,0.02424180658071773,0.050977644936187616,0.08916794457118105
019,2018,3688,1383,PCU327---327---,partial,213.9,8.212839584676484,7.232010331664759,5.36550861608836,-0.03568954012373382,-0.032019811234770934,0.033756473454086056,0.01990345731061005,0.023484445233068918,0.01906548897745708,0.02557171175612538,0.05690633370911158,0.02989913439885239,0.031958426665726236,0.08772520384555271,0.12041254019540837
019,2019,4029,1432,PCU327---327---,partial,218.2,8.301273485191347,7.266827347520591,5.38541207339897,0.08843390051486288,0.03481701585583252,0.01990345731061005,0.01906548897745708,0.033756473454086056,0.05690633370911158,0.023484445233068918,0.11294267935310565,0.02557171175612538,0.06297150067989143,-0.03568954012373382,-0.032019811234770934
019,2020,3828,1491,PCU327---327---,partial,222.4,8.250097752572845,7.307202314764738,5.404477562376427,-0.05117573261850161,0.04037496724414691,0.01906548897745708,0.05690633370911158,0.01990345731061005,0.11294267935310565,0.033756473454086056,0.08390049755805418,0.023484445233068918,0.08458317020675712,0.08843390051486288,0.03481701585583252
019,2021,4236,1654,PCU327---327---,partial,235.423,8.351374706721296,7.4109518755836366,5.461383896085539,0.10127695414845128,0.10374956081889852,0.05690633370911158,0.11294267935310565,0.01906548897745708,0.08390049755805418,0.01990345731061005,0.04031167733644914,0.033756473454086056,0.07905161808253632,-0.05117573261850161,0.04037496724414691
019,2022,3728,1438,PCU327---327---,partial,263.572,8.223627175805483,7.271008538280992,5.574326575438644,-0.1277475309158138,-0.1399433373026442,0.11294267935310565,0.08390049755805418,0.05690633370911158,0.04031167733644914,0.01906548897745708,0.023793933684274293,0.01990345731061005,0.0493353695262592,0.10127695414845128,0.10374956081889852
019,2023,4066,1691,PCU327---327---,partial,286.64,8.310414994188292,7.43307534889858,5.658227072996699,0.08678781838280969,0.16206681061758754,0.08390049755805418,0.04031167733644914,0.11294267935310565,0.023793933684274293,0.05690633370911158,,0.01906548897745708,,-0.1277475309158138,-0.1399433373026442
019,2024,4418,1906,PCU327---327---,partial,298.431,8.393442383980062,7.552762084214147,5.698538750333148,0.08302738979176993,0.11968673531556728,0.04031167733644914,0.023793933684274293,0.08390049755805418,,0.11294267935310565,,0.05690633370911158,,0.08678781838280969,0.16206681061758754
019,2025,3891,1615,PCU327---327---,partial,305.617,8.266421472984554,7.387090235656757,5.722332684017422,-0.12702091099550827,-0.16567184855739026,0.023793933684274293,,0.04031167733644914,,0.08390049755805418,,0.11294267935310565,,0.08302738979176993,0.11968673531556728
020,1985,1508,819,PCU337---337---,good,101.9,7.318539548567902,6.70808408385307,4.623991940228679,,,,0.019436957876502348,,0.02377667880236256,,0.04592175058563974,,0.02971179575483488,,
020,1986,1513,853,PCU337---337---,good,103.9,7.321849713788356,6.748759547491679,4.6434288981051814,0.003310165220454131,0.04067546363860952,0.019436957876502348,0.02377667880236256,,0.04592175058563974,,0.037008628745093475,,0.03556901937769859,,
020,1987,1547,910,PCU337---337---,good,106.4,7.344072850573066,6.813444599510896,4.667205576907544,0.022223136784710107,0.06468505201921637,0.02377667880236256,0.04592175058563974,0.019436957876502348,0.037008628745093475,,0.029827520122976736,,0.03758596648456998,0.003310165220454131,0.04067546363860952
020,1988,1709,961,PCU337---337---,good,111.4,7.443663683115591,6.8679744089702925,4.713127327493184,0.09959083254252477,0.054529809459396894,0.04592175058563974,0.037008628745093475,0.02377667880236256,0.029827520122976736,0.019436957876502348,0.020773493170812785,,0.029203214012961,0.022223136784710107,0.06468505201921637
020,1989,2060,1162,PCU337---337---,good,115.6,7.630461261783627,7.057897937411856,4.750135956238277,0.18679757866803648,0.18992352844156368,0.037008628745093475,0.029827520122976736,0.04592175058563974,0.020773493170812785,0.02377667880236256,0.010634047039922656,0.019436957876502348,0.02041168677790406,0.09959083254252477,0.054529809459396894
020,1990,2965,1674,PCU337---337---,good,119.1,7.994632311431825,7.422971251049421,4.779963476361254,0.36417104964819824,0.36507331363756457,0.029827520122976736,0.020773493170812785,0.037008628745093475,0.010634047039922656,0.04592175058563974,0.02013761162683103,0.02377667880236256,0.017181717279188824,0.18679757866803648,0.18992352844156368
020,1991,2649,1374,PCU337---337---,good,121.6,7.88193748927207,7.2254814727822945,4.800736969532067,-0.11269482215975568,-0.19748977826712633,0.020773493170812785,0.010634047039922656,0.029827520122976736,0.02013761162683103,0.037008628745093475,0.03371546312357765,0.04592175058563974,0.021495707263443777,0.36417104964819824,0.36507331363756457
020,1992,2785,1327,PCU337---337---,good,122.9,7.932003152361385,7.190676034332207,4.811371016571989,0.05006566308931504,-0.03480543845008732,0.010634047039922656,0.02013761162683103,0.020773493170812785,0.03371546312357765,0.029827520122976736,0.02737813586226512,0.037008628745093475,0.027077070204224597,-0.11269482215975568,-0.19748977826712633
020,1993,3079,1467,PCU337---337---,good,125.4,8.0323601479245,7.2909747781429814,4.83150862819882,0.10035699556311517,0.1002987438107743,0.02013761162683103,0.03371546312357765,0.010634047039922656,0.02737813586226512,0.020773493170812785,0.021522166530748343,0.029827520122976736,0.02753858850553037,0.05006566308931504,-0.03480543845008732
020,1994,3088,1470,PCU337---337---,good,129.7,8.035278911144667,7.293017679772782,4.865224091322398,0.002918763220167264,0.0020429016298004754,0.03371546312357765,0.02737813586226512,0.02013761162683103,0.021522166530748343,0.010634047039922656,0.014577517618158176,0.020773493170812785,0.02115927333705721,0.10035699556311517,0.1002987438107743
020,1995,3398,1577,PCU337---337---,good,133.3,8.130942302231878,7.3632795869630385,4.892602227184663,0.09566339108721067,0.0702619071902566,0.02737813586226512,0.021522166530748343,0.03371546312357765,0.014577517618158176,0.02013761162683103,0.010795354929346246,0.010634047039922656,0.01563167969275092,0.002918763220167264,0.0020429016298004754
020,1996,3535,1600,PCU337---337---,good,136.2,8.170468578330674,7.3777589082278725,4.9141243937154115,0.039526276098795776,0.014479321264833978,0.021522166530748343,0.014577517618158176,0.02737813586226512,0.010795354929346246,0.03371546312357765,0.011388023427565841,0.02013761162683103,0.012253631991690087,0.09566339108721067,0.0702619071902566
020,1997,4089,1789,PCU337---337---,good,138.2,8.316055720364643,7.489412083508719,4.92870191133357,0.14558714203396939,0.11165317528084628,0.014577517618158176,0.010795354929346246,0.021522166530748343,0.011388023427565841,0.02737813586226512,0.014055045143644307,0.03371546312357765,0.012079474500185464,0.039526276098795776,0.014479321264833978
020,1998,4357,1977,PCU337---337---,good,139.7,8.379539026117442,7.589335823170617,4.939497266262916,0.06348330575279881,0.09992373966189838,0.010795354929346246,0.011388023427565841,0.014577517618158176,0.014055045143644307,0.021522166530748343,0.012482825056015834,0.02737813586226512,0.01264196454240866,0.14558714203396939,0.11165317528084628
020,1999,4997,2440,PCU337---337---,good,141.3,8.516593011344206,7.799753318287247,4.950885289690482,0.13705398522676404,0.21041749511663,0.011388023427565841,0.014055045143644307,0.010795354929346246,0.012482825056015834,0.014577517618158176,0.008236148135936538,0.021522166530748343,0.011591339445198892,0.06348330575279881,0.09992373966189838
020,2000,4763,2282,PCU337---337---,good,143.3,8.46863300080086,7.732807530422021,4.964940334834126,-0.04796001054334553,-0.06694578786522598,0.014055045143644307,0.012482825056015834,0.011388023427565841,0.008236148135936538,0.010795354929346246,0.007490671729157405,0.014577517618158176,0.009403214973703259,0.13705398522676404,0.21041749511663
020,2001,4250,1853,PCU337---337---,good,145.1,8.354674261918463,7.52456122628536,4.977423159890142,-0.11395873888239727,-0.20824630413666156,0.012482825056015834,0.008236148135936538,0.014055045143644307,0.007490671729157405,0.011388023427565841,0.027435645194187508,0.010795354929346246,0.014387488353093817,-0.04796001054334553,-0.06694578786522598
020,2002,4635,2030,PCU337---337---,good,146.3,8.441391477999955,7.615791072035833,4.9856593080260785,0.08671721608149241,0.09122984575047344,0.008236148135936538,0.007490671729157405,0.012482825056015834,0.027435645194187508,0.014055045143644307,0.04074278346235083,0.011388023427565841,0.02522303346189858,-0.11395873888239727,-0.20824630413666156
020,2003,5119,2218,PCU337---337---,good,147.4,8.540714386457584,7.704361167910313,4.993149979755236,0.09932290845762815,0.08857009587447973,0.007490671729157405,0.027435645194187508,0.008236148135936538,0.04074278346235083,0.012482825056015834,0.029349593358017678,0.014055045143644307,0.03250934067151867,0.08671721608149241,0.09122984575047344
020,2004,5342,2444,PCU337---337---,good,151.5,8.583355393669907,7.8013913202914855,5.020585624949423,0.04264100721232289,0.09703015238117274,0.027435645194187508,0.04074278346235083,0.007490671729157405,0.029349593358017678,0.008236148135936538,0.019500922662725628,0.012482825056015834,0.02986443316103138,0.09932290845762815,0.08857009587447973
020,2005,5542,2609,PCU337---337---,good,157.8,8.620110725422924,7.866722285136729,5.061328408411774,0.03675533175301737,0.06533096484524314,0.04074278346235083,0.029349593358017678,0.027435645194187508,0.019500922662725628,0.007490671729157405,0.03556984347091241,0.008236148135936538,0.028140119830551903,0.04264100721232289,0.09703015238117274
020,2006,5813,2624,PCU337---337---,good,162.5,8.66785206770135,7.8724551500639794,5.090678001769792,0.0477413422784263,0.00573286492725078,0.029349593358017678,0.019500922662725628,0.04074278346235083,0.03556984347091241,0.027435645194187508,0.028138520266429268,0.007490671729157405,0.027736428800022434,0.03675533175301737,0.06533096484524314
020,2007,6415,2842,PCU337---337---,good,165.7,8.766394277049736,7.952263308657046,5.1101789244325175,0.09854220934838587,0.07980815859306656,0.019500922662725628,0.03556984347091241,0.029349593358017678,0.028138520266429268,0.04074278346235083,0.0028272566189286863,0.027435645194187508,0.022178540118756786,0.0477413422784263,0.00573286492725078
020,2008,5670,2552,PCU337---337---,good,171.7,8.642944396721798,7.844632644464681,5.14574876790343,-0.12344988032793758,-0.10763066419236544,0.03556984347091241,0.028138520266429268,0.019500922662725628,0.0028272566189286863,0.029349593358017678,0.021782486477038177,0.04074278346235083,0.017582754454132044,0.09854220934838587,0.07980815859306656
020,2009,5197,2328,PCU337---337---,good,176.6,8.555836815008442,7.752764808851328,5.173887288169859,-0.0871075817133562,-0.09186783561335243,0.028138520266429268,0.0028272566189286863,0.03556984347091241,0.021782486477038177,0.019500922662725628,0.021858793812498334,0.029349593358017678,0.015489512302821732,-0.12344988032793758,-0.10763066419236544
020,2010,5661,2417,PCU337---337---,good,177.1,8.64135583403666,7.790282380703483,5.176714544788788,0.0855190190282169,0.03751757185215521,0.0028272566189286863,0.021782486477038177,0.028138520266429268,0.021858793812498334,0.03556984347091241,0.014489118514138255,0.019500922662725628,0.01937679960122492,-0.0871075817133562,-0.09186783561335243
020,2011,5753,2434,PCU337---337---,good,181.0,8.657476736863293,7.797291273547472,5.198497031265826,0.01612090282663381,0.007008892843988868,0.021782486477038177,0.021858793812498334,0.0028272566189286863,0.014489118514138255,0.028138520266429268,0.01847505702483776,0.03556984347091241,0.018274323117158115,0.0855190190282169,0.03751757185215521
020,2012,5861,2470,PCU337---337---,good,185.0,8.676075516476429,7.8119734296220225,5.220355825078324,0.01859877961313572,0.014682156074550257,0.021858793812498334,0.014489118514138255,0.021782486477038177,0.01847505702483776,0.0028272566189286863,0.015053489557663724,0.028138520266429268,0.01600588836554658,0.01612090282663381,0.007008892843988868
020,2013,6090,2573,PCU337---337---,good,187.7,8.714403360703942,7.8528278122817445,5.234844943592463,0.03832784422751345,0.04085438265972208,0.014489118514138255,0.01847505702483776,0.021858793812498334,0.015053489557663724,0.021782486477038177,0.006675249433718555,0.0028272566189286863,0.013401265338740012,0.01859877961313572,0.014682156074550257
020,2014,6333,2649,PCU337---337---,good,191.2,8.753529336516431,7.88193748927207,5.2533200006173,0.03912597581248889,0.029109676990325184,0.01847505702483776,0.015053489557663724,0.014489118514138255,0.006675249433718555,0.021858793812498334,0.014732295917067262,0.021782486477038177,0.012153678302816513,0.03832784422751345,0.04085438265972208
020,2015,7105,3134,PCU337---337---,good,194.1,8.868554040531201,8.050065422915965,5.268373490174964,0.11502470401477005,0.16812793364389567,0.015053489557663724,0.006675249433718555,0.01847505702483776,0.014732295917067262,0.014489118514138255,0.028338958318466112,0.021858793812498334,0.016582167889750643,0.03912597581248889,0.029109676990325184
020,2016,8343,4010,PCU337---337---,good,195.4,9.029178142902074,8.296546520300614,5.275048739608683,0.160624102370873,0.24648109738464896,0.006675249433718555,0.014732295917067262,0.015053489557663724,0.028338958318466112,0.01847505702483776,0.03041508886443811,0.014489118514138255,0.024495447699990493,0.11502470401477005,0.16812793364389567
020,2017,10778,5368,PCU337---337---,good,198.3,9.285262298493443,8.588210678651517,5.28978103552575,0.25608415559136866,0.291664158350903,0.014732295917067262,0.028338958318466112,0.006675249433718555,0.03041508886443811,0.015053489557663724,0.017908112886982686,0.01847505702483776,0.02555405335662897,0.160624102370873,0.24648109738464896
020,2018,11285,5716,PCU337---337---,good,204.0,9.331229689251636,8.651024539049757,5.318119993844216,0.045967390758193005,0.06281386039824,0.028338958318466112,0.03041508886443811,0.014732295917067262,0.017908112886982686,0.006675249433718555,0.0660728408978839,0.015053489557663724,0.0381320142164349,0.25608415559136866,0.291664158350903
020,2019,12106,6552,PCU337---337---,good,210.3,9.401456476451633,8.787525625532906,5.348535082708654,0.07022678719999753,0.13650108648314863,0.03041508886443811,0.017908112886982686,0.028338958318466112,0.0660728408978839,0.014732295917067262,0.11622925439578324,0.006675249433718555,0.0667367360602166,0.045967390758193005,0.06281386039824
020,2020,20963,13879,PCU337---337---,good,214.1,9.950514257963883,9.53813218535584,5.366443195595637,0.5490577815122499,0.7506065598229341,0.017908112886982686,0.0660728408978839,0.03041508886443811,0.11622925439578324,0.028338958318466112,0.04412052052779103,0.014732295917067262,0.07547420527381939,0.07022678719999753,0.13650108648314863
020,2021,22839,15483,PCU337---337---,good,228.724,10.036224879974322,9.647497926816836,5.432516036493521,0.08571062201043844,0.10936574146099609,0.0660728408978839,0.11622925439578324,0.017908112886982686,0.04412052052779103,0.03041508886443811,0.01528276437675391,0.028338958318466112,0.05854417976677606,0.5490577815122499,0.7506065598229341
020,2022,17614,11765,PCU337---337---,good,256.915,9.776449319365405,9.372884301161463,5.548745290889304,-0.25977556060891693,-0.2746136256553733,0.11622925439578324,0.04412052052779103,0.0660728408978839,0.01528276437675391,0.017908112886982686,0.03369820963918713,0.03041508886443811,0.031033831514577354,0.08571062201043844,0.10936574146099609
020,2023,20427,14317,PCU337---337---,good,268.504,9.924612834151077,9.569202921360327,5.592865811417095,0.14816351478567213,0.19631862019886448,0.04412052052779103,0.01528276437675391,0.11622925439578324,0.03369820963918713,0.0660728408978839,,0.017908112886982686,,-0.25977556060891693,-0.2746136256553733
020,2024,23344,15999,PCU337---337---,good,272.639,10.058095270762568,9.680281499268713,5.608148575793849,0.13348243661149084,0.11107857790838516,0.01528276437675391,0.03369820963918713,0.04412052052779103,,0.11622925439578324,,0.0660728408978839,,0.14816351478567213,0.19631862019886448
020,2025,21515,14482,PCU337---337---,good,281.983,9.9765056452727,9.580661777948766,5.641846785433036,-0.08158962548986715,-0.09961972131994656,0.03369820963918713,,0.01528276437675391,,0.04412052052779103,,0.11622925439578324,,0.13348243661149084,0.11107857790838516
021,1980,856,375,WPU126101,partial,90.8,6.752270376141742,5.926926025970411,4.508659285607248,,,,0.0494192928469932,,0.04709160753385078,,0.10526051065749265,,0.06725713701277887,,
021,1981,1060,538,WPU126101,partial,95.4,6.966024187106113,6.2878585601617845,4.558078578454241,0.21375381096437085,0.36093253419137383,0.0494192928469932,0.04709160753385078,,0.10526051065749265,,0.04229705370012127,,0.06488305729715489,,
021,1982,1437,673,WPU126101,partial,100.0,7.270312886079025,6.511745329644728,4.605170185988092,0.3042886989729121,0.2238867694829434,0.04709160753385078,0.10526051065749265,0.0494192928469932,0.04229705370012127,,0.023028736217919565,,0.05686210019184449,0.21375381096437085,0.36093253419137383
021,1983,1102,505,WPU126101,partial,111.1,7.004881989712859,6.22455842927536,4.7104306966455844,-0.26543089636616557,-0.28718690036936767,0.10526051065749265,0.04229705370012127,0.04709160753385078,0.023028736217919565,0.0494192928469932,0.01920727105712139,,0.02817768699172074,0.3042886989729121,0.2238867694829434
021,1984,1096,530,WPU126101,partial,115.9,6.999422467507961,6.272877006546167,4.752727750345706,-0.005459522204898093,0.04831857727080724,0.04229705370012127,0.023028736217919565,0.10526051065749265,0.01920727105712139,0.04709160753385078,0.026929411878631626,0.0494192928469932,0.02305513971789086,-0.26543089636616557,-0.28718690036936767
021,1985,1296,624,WPU126101,partial,118.6,7.16703787691222,6.436150368369428,4.775756486563625,0.16761540940425856,0.16327336182326047,0.023028736217919565,0.01920727105712139,0.04229705370012127,0.026929411878631626,0.10526051065749265,0.054067221270275745,0.04709160753385078,0.03340130140200959,-0.005459522204898093,0.04831857727080724
021,1986,1238,553,WPU126101,partial,120.9,7.121252453244542,6.315358001522335,4.794963757620747,-0.04578542366767824,-0.12079236684709294,0.01920727105712139,0.026929411878631626,0.023028736217919565,0.054067221270275745,0.04229705370012127,0.02708969264666461,0.10526051065749265,0.03602877526519066,0.16761540940425856,0.16327336182326047
021,1987,1205,628,WPU126101,partial,124.2,7.094234845924755,6.4425401664681985,4.821893169499378,-0.027017607319786308,0.12718216494586354,0.026929411878631626,0.054067221270275745,0.01920727105712139,0.02708969264666461,0.023028736217919565,0.04995609784330046,0.04229705370012127,0.043704337253413605,-0.04578542366767824,-0.12079236684709294
021,1988,1288,657,WPU126101,partial,131.1,7.160845906664299,6.48768401848461,4.875960390769654,0.06661106073954404,0.04514385201641158,0.054067221270275745,0.02708969264666461,0.026929411878631626,0.04995609784330046,0.01920727105712139,0.013328853940056895,0.023028736217919565,0.030124881476673988,-0.027017607319786308,0.12718216494586354
021,1989,1681,806,WPU126101,partial,134.7,7.427144133408616,6.692083742506628,4.903050083416319,0.2662982267443166,0.2043997240220179,0.02708969264666461,0.04995609784330046,0.054067221270275745,0.013328853940056895,0.026929411878631626,0.028170876966695957,0.01920727105712139,0.03048527625001777,0.06661106073954404,0.04514385201641158
021,1990,2388,1145,WPU126101,partial,141.6,7.778211474512493,7.0431599159883405,4.953006181259619,0.35106734110387716,0.3510761734817125,0.04995609784330046,0.013328853940056895,0.02708969264666461,0.028170876966695957,0.054067221270275745,0.030032287098874733,0.026929411878631626,0.02384400600187586,0.2662982267443166,0.2043997240220179
021,1991,2143,1068,WPU126101,partial,143.5,7.669961995473577,6.97354301952014,4.966335035199676,-0.10824947903891591,-0.06961689646820002,0.013328853940056895,0.028170876966695957,0.04995609784330046,0.030032287098874733,0.02708969264666461,0.026599038140338926,0.054067221270275745,0.028267400735303205,0.35106734110387716,0.3510761734817125
021,1992,2386,1124,WPU126101,partial,147.6,7.777373602657861,7.024649030453636,4.994505912166372,0.10741160718428411,0.05110601093349576,0.028170876966695957,0.030032287098874733,0.013328853940056895,0.026599038140338926,0.04995609784330046,0.03212874772557761,0.02708969264666461,0.029586690988263754,-0.10824947903891591,-0.06961689646820002
021,1993,2665,1271,WPU126101,partial,152.1,7.887959336599945,7.147559271189454,5.024538199265247,0.11058573394208349,0.12291024073581802,0.030032287098874733,0.026599038140338926,0.028170876966695957,0.03212874772557761,0.013328853940056895,0.033529504793483156,0.04995609784330046,0.030752430219799898,0.10741160718428411,0.05110601093349576
021,1994,2727,1283,WPU126101,partial,156.2,7.910957382845589,7.1569563646156364,5.051137237405586,0.022998046245644055,0.009397093426182224,0.026599038140338926,0.03212874772557761,0.030032287098874733,0.033529504793483156,0.028170876966695957,0.02369779142982331,0.013328853940056895,0.02978534798296136,0.11058573394208349,0.12291024073581802
021,1995,3081,1424,WPU126101,partial,161.3,8.033009498596668,7.261225091971921,5.083265985131163,0.122052115751079,0.10426872735628478,0.03212874772557761,0.033529504793483156,0.026599038140338926,0.02369779142982331,0.030032287098874733,0.029422370389042385,0.028170876966695957,0.028883222204116283,0.022998046245644055,0.009397093426182224
021,1996,3520,1608,WPU126101,partial,166.8,8.166216268592143,7.382746449738912,5.116795489924646,0.13320676999547487,0.12152135776699069,0.033529504793483156,0.02369779142982331,0.03212874772557761,0.029422370389042385,0.026599038140338926,0.024151693430725096,0.030032287098874733,0.02575728508319693,0.122052115751079,0.10426872735628478
021,1997,3916,1653,WPU126101,partial,170.8,8.272826003650401,7.410347097821024,5.14049328135447,0.10660973505825844,0.027600648082112045,0.02369779142982331,0.029422370389042385,0.033529504793483156,0.024151693430725096,0.03212874772557761,0.025747793218841686,0.026599038140338926,0.02644061901286972,0.13320676999547487,0.12152135776699069
021,1998,3917,1771,WPU126101,partial,175.9,8.27308133366583,7.479299637782834,5.169915651743512,0.00025533001542932254,0.06895253996180983,0.029422370389042385,0.024151693430725096,0.02369779142982331,0.025747793218841686,0.033529504793483156,0.001621183819000116,0.03212874772557761,0.01717355682285563,0.10660973505825844,0.027600648082112045
021,1999,4429,2095,WPU126101,partial,180.2,8.395929103923198,7.647308832356238,5.194067345174237,0.12284777025736737,0.16800919457340413,0.024151693430725096,0.025747793218841686,0.029422370389042385,0.001621183819000116,0.02369779142982331,0.01127528723796356,0.033529504793483156,0.012881421425268453,0.00025533001542932254,0.06895253996180983
021,2000,4409,1940,WPU126101,partial,184.9,8.391403185357937,7.570443252057374,5.219815138393079,-0.004525918565260412,-0.07686558029886381,0.025747793218841686,0.001621183819000116,0.024151693430725096,0.01127528723796356,0.029422370389042385,0.022698256086717272,0.02369779142982331,0.011864909047893649,0.12284777025736737,0.16800919457340413
021,2001,3852,1634,WPU126101,partial,185.2,8.256347772918016,7.3987862754199485,5.221436322212079,-0.1350554124399217,-0.17165697663742563,0.001621183819000116,0.01127528723796356,0.025747793218841686,0.022698256086717272,0.024151693430725096,0.017589693026986986,0.029422370389042385,0.017187745450555937,-0.004525918565260412,-0.07686558029886381
021,2002,4074,1796,WPU126101,partial,187.3,8.31238059678675,7.493317248862145,5.2327116094500425,0.05603282386873509,0.09453097344219685,0.01127528723796356,0.022698256086717272,0.001621183819000116,0.017589693026986986,0.025747793218841686,0.021309786586750867,0.024151693430725096,0.020532578566818373,-0.1350554124399217,-0.17165697663742563
021,2003,4541,1980,WPU126101,partial,191.6,8.420902531097951,7.590852123688581,5.25540986553676,0.1085219343112005,0.09753487482643575,0.022698256086717272,0.017589693026986986,0.01127528723796356,0.021309786586750867,0.001621183819000116,0.028212710094356552,0.025747793218841686,0.022370729902698134,0.05603282386873509,0.09453097344219685
021,2004,4947,2066,WPU126101,partial,195.0,8.506536611227709,7.633369649679584,5.272999558563747,0.0856340801297577,0.04251752599100289,0.017589693026986986,0.021309786586750867,0.022698256086717272,0.028212710094356552,0.01127528723796356,0.01981219671995671,0.001621183819000116,0.023111564467021374,0.1085219343112005,0.09753487482643575
021,2005,4918,2226,WPU126101,partial,199.2,8.500657222776137,7.70796153183549,5.294309345150498,-0.005879388451571543,0.0745918821559064,0.021309786586750867,0.028212710094356552,0.017589693026986986,0.01981219671995671,0.022698256086717272,0.012835926176008705,0.01127528723796356,0.02028694433010732,0.0856340801297577,0.04251752599100289
021,2006,5018,2274,WPU126101,partial,204.9,8.520786726926367,7.729295674310482,5.322522055244854,0.02012950415022985,0.021334142474991324,0.028212710094356552,0.01981219671995671,0.021309786586750867,0.012835926176008705,0.017589693026986986,0.010338437947540413,0.022698256086717272,0.014328853614501941,-0.005879388451571543,0.0745918821559064
021,2007,5626,2552,WPU126101,partial,209.0,8.635153989049803,7.844632644464681,5.342334251964811,0.11436726212343551,0.11533697015419886,0.01981219671995671,0.012835926176008705,0.028212710094356552,0.010338437947540413,0.021309786586750867,0.015309971971420033,0.017589693026986986,0.012828112031656383,0.02012950415022985,0.021334142474991324
021,2008,5479,2459,WPU126101,partial,211.7,8.608677881538416,7.807510042216193,5.35517017814082,-0.02647610751138707,-0.037122602248487624,0.012835926176008705,0.010338437947540413,0.01981219671995671,0.015309971971420033,0.028212710094356552,0.013263400472635745,0.021309786586750867,0.012970603463865396,0.11436726212343551,0.11533697015419886
021,2009,5376,2358,WPU126101,partial,213.9,8.589699882202986,7.765569081097317,5.36550861608836,-0.018977999335429985,-0.04194096111887635,0.010338437947540413,0.015309971971420033,0.012835926176008705,0.013263400472635745,0.01981219671995671,0.04225667591299587,0.028212710094356552,0.023610016119017214,-0.02647610751138707,-0.037122602248487624
021,2010,5702,2595,WPU126101,partial,217.2,8.648572269472618,7.861341795599989,5.38081858805978,0.0588723872696324,0.09577271450267233,0.015309971971420033,0.013263400472635745,0.010338437947540413,0.04225667591299587,0.012835926176008705,0.029609543486576406,0.01981219671995671,0.02837653995740267,-0.018977999335429985,-0.04194096111887635
021,2011,5966,2649,WPU126101,partial,220.1,8.693831965074693,7.88193748927207,5.394081988532416,0.04525969560207521,0.020595693672080806,0.013263400472635745,0.04225667591299587,0.015309971971420033,0.029609543486576406,0.010338437947540413,0.020921265160639635,0.012835926176008705,0.030929161520070636,0.0588723872696324,0.09577271450267233
021,2012,6139,2738,WPU126101,partial,229.6,8.722417141427496,7.914983005848394,5.436338664445412,0.028585176352802222,0.033045516576324374,0.04225667591299587,0.029609543486576406,0.013263400472635745,0.020921265160639635,0.015309971971420033,0.017241806434505236,0.010338437947540413,0.02259087169390709,0.04525969560207521,0.020595693672080806
021,2013,6811,3119,WPU126101,partial,236.5,8.826294231241318,8.045267716607803,5.465948207931988,0.10387708981382282,0.13028471075940917,0.029609543486576406,0.020921265160639635,0.04225667591299587,0.017241806434505236,0.013263400472635745,0.010929070532190721,0.015309971971420033,0.01636404737577853,0.028585176352802222,0.033045516576324374
021,2014,7515,3419,WPU126101,partial,241.5,8.924656302187074,8.137103389639302,5.486869473092628,0.09836207094575578,0.09183567303149864,0.020921265160639635,0.017241806434505236,0.029609543486576406,0.010929070532190721,0.04225667591299587,0.012402639480470157,0.013263400472635745,0.013524505482388705,0.10387708981382282,0.13028471075940917
021,2015,8692,4326,WPU126101,partial,245.7,9.07015834137632,8.372398606513004,5.504111279527133,0.1455020391892461,0.23529521687370192,0.017241806434505236,0.010929070532190721,0.020921265160639635,0.012402639480470157,0.029609543486576406,0.04585107696247004,0.04225667591299587,0.023060928991710306,0.09836207094575578,0.09183567303149864
021,2016,11048,6110,WPU126101,partial,248.4,9.310004695089129,8.71768205216564,5.515040350059324,0.23984635371280838,0.3452834456526368,0.010929070532190721,0.012402639480470157,0.017241806434505236,0.04585107696247004,0.020921265160639635,0.018811690929315006,0.029609543486576406,0.025688469124085067,0.1455020391892461,0.23529521687370192
021,2017,14394,8674,WPU126101,partial,251.5,9.57456673206775,9.068085324395312,5.527442989539794,0.2645620369786208,0.3504032722296717,0.012402639480470157,0.04585107696247004,0.010929070532190721,0.018811690929315006,0.017241806434505236,0.03587500380834019,0.020921265160639635,0.03351259056670841,0.23984635371280838,0.3452834456526368
021,2018,16023,9856,WPU126101,partial,263.3,9.68178046900788,9.1958356857733,5.573294066502264,0.10721373694013003,0.1277503613779878,0.04585107696247004,0.018811690929315006,0.012402639480470157,0.03587500380834019,0.010929070532190721,0.04154492623814665,0.017241806434505236,0.03207720699193395,0.2645620369786208,0.3504032722296717
021,2019,18947,12031,WPU126101,partial,268.3,9.849400886632361,9.395241931033524,5.592105757431579,0.167620417624482,0.19940624526022432,0.018811690929315006,0.03587500380834019,0.04585107696247004,0.04154492623814665,0.012402639480470157,0.08802817522039241,0.010929070532190721,0.05514936842229308,0.10721373694013003,0.1277503613779878
021,2020,34784,24730,WPU126101,partial,278.1,10.456912789920937,10.115772360515463,5.627980761239919,0.6075119032885752,0.7205304294819381,0.03587500380834019,0.04154492623814665,0.018811690929315006,0.08802817522039241,0.04585107696247004,0.030057987301120193,0.012402639480470157,0.053210362919886414,0.167620417624482,0.19940624526022432
021,2021,38584,27951,WPU126101,partial,289.897,10.560592961748808,10.238208256118535,5.669525687478066,0.1036801718278717,0.122435895603072,0.04154492623814665,0.08802817522039241,0.03587500380834019,0.030057987301120193,0.018811690929315006,0.006291606254927196,0.04585107696247004,0.04145925625881326,0.6075119032885752,0.7205304294819381
021,2022,27616,19516,WPU126101,partial,316.573,10.226150593883155,9.878989920935728,5.757553862698458,-0.3344423678656536,-0.3592183351828062,0.08802817522039241,0.030057987301120193,0.04154492623814665,0.006291606254927196,0.03587500380834019,0.034892150104576025,0.018811690929315006,0.02374724788687447,0.1036801718278717,0.122435895603072
021,2023,29576,21697,WPU126101,partial,326.233,10.294718500616467,9.984929281123371,5.787611849999578,0.06856790673331226,0.1059393601876426,0.030057987301120193,0.006291606254927196,0.08802817522039241,0.034892150104576025,0.04154492623814665,,0.03587500380834019,,-0.3344423678656536,-0.3592183351828062
021,2024,32621,23540,WPU126101,partial,328.292,10.392711531744357,10.066456380814268,5.7939034562545055,0.09799303112789026,0.08152709969089678,0.006291606254927196,0.034892150104576025,0.030057987301120193,,0.08802817522039241,,0.04154492623814665,,0.06856790673331226,0.1059393601876426
021,2025,29334,20378,WPU126101,partial,339.949,10.2865025318067,9.92221116653423,5.828795606359082,-0.10620899993765676,-0.144245214280037,0.034892150104576025,,0.006291606254927196,,0.030057987301120193,,0.08802817522039241,,0.09799303112789026,0.08152709969089678
022,1980,257,113,WPU0383,partial,91.0,5.54907608489522,4.727387818712341,4.51085950651685,,,,0.06899287148695166,,0.025317807984290397,,-0.001000500333583787,,0.031103393045886087,,
022,1981,288,136,WPU0383,partial,97.5,5.662960480135946,4.912654885736052,4.579852378003801,0.11388439524072602,0.18526706702371154,0.06899287148695166,0.025317807984290397,,-0.001000500333583787,,0.004992521603121247,,0.009769943084609285,,
022,1982,311,157,WPU0383,partial,100.0,5.739792912179234,5.056245805348308,4.605170185988092,0.07683243204328782,0.14359091961225534,0.025317807984290397,-0.001000500333583787,0.06899287148695166,0.004992521603121247,,0.020700591320833794,,0.008230870863457085,0.11388439524072602,0.18526706702371154
022,1983,175,105,WPU0383,partial,99.9,5.1647859739235145,4.653960350157523,4.604169685654508,-0.5750069382557195,-0.4022854551907846,-0.001000500333583787,0.004992521603121247,0.025317807984290397,0.020700591320833794,0.06899287148695166,0.03357629553360386,,0.019756469485852968,0.07683243204328782,0.14359091961225534
022,1984,235,129,WPU0383,partial,100.4,5.459585514144159,4.859812404361672,4.609162207257629,0.2947995402206445,0.20585205420414887,0.004992521603121247,0.020700591320833794,-0.001000500333583787,0.03357629553360386,0.025317807984290397,-0.001888574687868072,0.06899287148695166,0.01746277072218986,-0.5750069382557195,-0.4022854551907846
022,1985,333,155,WPU0383,partial,102.5,5.808142489980444,5.043425116919247,4.629862798578463,0.348556975836285,0.18361271255757483,0.020700591320833794,0.03357629553360386,0.004992521603121247,-0.001888574687868072,-0.001000500333583787,0.0159403281435182,0.025317807984290397,0.01587601632975133,0.2947995402206445,0.20585205420414887
022,1986,265,157,WPU0383,partial,106.0,5.579729825986222,5.056245805348308,4.663439094112067,-0.2284126639942219,0.012820688429060922,0.03357629553360386,-0.001888574687868072,0.020700591320833794,0.0159403281435182,0.004992521603121247,0.014774045271307656,-0.001000500333583787,0.009608599575652594,0.348556975836285,0.18361271255757483
022,1987,198,123,WPU0383,partial,105.8,5.288267030694535,4.812184355372417,4.661550519424199,-0.29146279529168684,-0.24406144997589063,-0.001888574687868072,0.0159403281435182,0.03357629553360386,0.014774045271307656,0.020700591320833794,0.025340722478855326,0.004992521603121247,0.018685031964560395,-0.2284126639942219,0.012820688429060922
022,1988,228,143,WPU0383,partial,107.5,5.429345628954441,4.962844630259907,4.677490847567717,0.14107859825990587,0.1506602748874899,0.0159403281435182,0.014774045271307656,-0.001888574687868072,0.025340722478855326,0.03357629553360386,0.017715255135256847,0.020700591320833794,0.01927667429513994,-0.29146279529168684,-0.24406144997589063
022,1989,246,157,WPU0383,partial,109.1,5.5053315359323625,5.056245805348308,4.692264892839025,0.0759859069779214,0.09340117508840073,0.014774045271307656,0.025340722478855326,0.0159403281435182,0.017715255135256847,-0.001888574687868072,0.009611257910113302,0.03357629553360386,0.017555745174741823,0.14107859825990587,0.1506602748874899
022,1990,433,253,WPU0383,partial,111.9,6.07073772800249,5.53338948872752,4.71760561531788,0.5654061920701272,0.47714368337921265,0.025340722478855326,0.017715255135256847,0.014774045271307656,0.009611257910113302,0.0159403281435182,0.0069324367756449234,-0.001888574687868072,0.011419649940338356,0.0759859069779214,0.09340117508840073
022,1991,397,214,WPU0383,partial,113.9,5.983936280687191,5.365976015021851,4.735320870453137,-0.08680144731529893,-0.16741347370566917,0.017715255135256847,0.009611257910113302,0.025340722478855326,0.0069324367756449234,0.014774045271307656,0.0103093696588612,0.0159403281435182,0.008951021448206475,0.5654061920701272,0.47714368337921265
022,1992,367,205,WPU0383,partial,115.0,5.905361848054571,5.3230099791384085,4.74493212836325,-0.0785744326326201,-0.04296603588344272,0.009611257910113302,0.0069324367756449234,0.017715255135256847,0.0103093696588612,0.025340722478855326,0.02114243657380932,0.014774045271307656,0.01279474766943848,-0.08680144731529893,-0.16741347370566917
022,1993,397,203,WPU0383,partial,115.8,5.983936280687191,5.313205979041787,4.751864565138895,0.0785744326326201,-0.009804000096621301,0.0069324367756449234,0.0103093696588612,0.009611257910113302,0.02114243657380932,0.017715255135256847,0.05296553557991235,0.025340722478855326,0.028139113937527622,-0.0785744326326201,-0.04296603588344272
022,1994,373,211,WPU0383,partial,117.0,5.921578419643816,5.351858133476067,4.762173934797756,-0.06235786104337482,0.038652154434279495,0.0103093696588612,0.02114243657380932,0.0069324367756449234,0.05296553557991235,0.009611257910113302,0.018089364670112573,0.017715255135256847,0.030732445607944747,0.0785744326326201,-0.009804000096621301
022,1995,511,228,WPU0383,partial,119.5,6.236369590203704,5.429345628954441,4.783316371371566,0.3147911705598885,0.07748749547837441,0.02114243657380932,0.05296553557991235,0.0103093696588612,0.018089364670112573,0.0069324367756449234,0.016235377870962076,0.009611257910113302,0.02909675937366233,-0.06235786104337482,0.038652154434279495
022,1996,446,235,WPU0383,partial,126.0,6.100318952020064,5.459585514144159,4.836281906951478,-0.13605063818364016,0.030239885189717874,0.05296553557991235,0.018089364670112573,0.02114243657380932,0.016235377870962076,0.0103093696588612,-0.007698267425752192,0.0069324367756449234,0.008875491705107486,0.3147911705598885,0.07748749547837441
022,1997,477,233,WPU0383,partial,128.3,6.1675164908883415,5.4510384535657,4.8543712716215905,0.06719753886827728,-0.008547060578458776,0.018089364670112573,0.016235377870962076,0.05296553557991235,-0.007698267425752192,0.02114243657380932,0.014576399241950533,0.0103093696588612,0.007704503229053472,-0.13605063818364016,0.030239885189717874
022,1998,490,269,WPU0383,partial,130.4,6.194405391104672,5.594711379601839,4.870606649492553,0.02688890021633039,0.1436729260361389,0.016235377870962076,-0.007698267425752192,0.018089364670112573,0.014576399241950533,0.05296553557991235,0.009852296443011,0.02114243657380932,0.005576809419736446,0.06719753886827728,-0.008547060578458776
022,1999,550,297,WPU0383,partial,129.4,6.309918278226516,5.6937321388027,4.8629083820668,0.11551288712184427,0.09902075920086073,-0.007698267425752192,0.014576399241950533,0.016235377870962076,0.009852296443011,0.018089364670112573,0.001507159290571991,0.05296553557991235,0.008645284991844507,0.02688890021633039,0.1436729260361389
022,2000,569,303,WPU0383,partial,131.3,6.343880434126331,5.713732805509369,4.877484781308751,0.03396215589981466,0.020000666706669,0.014576399241950533,0.009852296443011,-0.007698267425752192,0.001507159290571991,0.016235377870962076,-0.013646913841182773,0.018089364670112573,-0.0007624860358665941,0.11551288712184427,0.09902075920086073
022,2001,489,256,WPU0383,partial,132.6,6.192362489474872,5.545177444479562,4.887337077751762,-0.1515179446514585,-0.1685553610298065,0.009852296443011,0.001507159290571991,0.014576399241950533,-0.013646913841182773,-0.007698267425752192,0.01063032030175659,0.016235377870962076,-0.0005031447496180637,0.03396215589981466,0.020000666706669
022,2002,574,264,WPU0383,partial,132.8,6.352629396319567,5.575949103146316,4.888844237042334,0.16026690684469447,0.030771658666753687,0.001507159290571991,-0.013646913841182773,0.009852296443011,0.01063032030175659,0.014576399241950533,0.020187601463245386,-0.007698267425752192,0.005723669307939734,-0.1515179446514585,-0.1685553610298065
022,2003,674,318,WPU0383,partial,131.0,6.513230110912307,5.762051382780177,4.875197323201151,0.16060071459274017,0.18610227963386095,-0.013646913841182773,0.01063032030175659,0.001507159290571991,0.020187601463245386,0.009852296443011,0.02051353983310289,0.014576399241950533,0.017110487199368286,0.16026690684469447,0.030771658666753687
022,2004,728,370,WPU0383,partial,132.4,6.590301048196686,5.91350300563827,4.885827643502908,0.07707093728437897,0.15145162285809288,0.01063032030175659,0.020187601463245386,-0.013646913841182773,0.02051353983310289,0.001507159290571991,0.01153581646216395,0.009852296443011,0.017412319252837406,0.16060071459274017,0.18610227963386095
022,2005,778,395,WPU0383,partial,135.1,6.656726524178391,5.978885764901122,4.906015244966153,0.06642547598170534,0.0653827592628522,0.020187601463245386,0.02051353983310289,0.01063032030175659,0.01153581646216395,-0.013646913841182773,0.031054012631901884,0.001507159290571991,0.02103445630905624,0.07707093728437897,0.15145162285809288
022,2006,757,392,WPU0383,partial,137.9,6.6293632534374485,5.971261839790462,4.926528784799256,-0.027363270740942802,-0.0076239251106597905,0.02051353983310289,0.01153581646216395,0.020187601463245386,0.031054012631901884,0.01063032030175659,0.02741775582343209,-0.013646913841182773,0.023335861639165973,0.06642547598170534,0.0653827592628522
022,2007,825,409,WPU0383,partial,139.5,6.715383386334681,6.013715156042802,4.93806460126142,0.08602013289723232,0.042453316252339945,0.01153581646216395,0.031054012631901884,0.02051353983310289,0.02741775582343209,0.020187601463245386,0.008751318052906853,0.01063032030175659,0.02240769550274694,-0.027363270740942802,-0.0076239251106597905
022,2008,856,402,WPU0383,partial,143.9,6.752270376141742,5.996452088619021,4.969118613893322,0.03688698980706118,-0.01726306742378103,0.031054012631901884,0.02741775582343209,0.01153581646216395,0.008751318052906853,0.02051353983310289,0.032962773359567876,0.020187601463245386,0.023043949078635606,0.08602013289723232,0.042453316252339945
022,2009,722,369,WPU0383,partial,147.9,6.582025138892826,5.910796644040527,4.996536369716754,-0.17024523724891605,-0.08565544457849406,0.02741775582343209,0.008751318052906853,0.031054012631901884,0.032962773359567876,0.01153581646216395,0.030024612413441787,0.02051353983310289,0.023912901275305504,0.03688698980706118,-0.01726306742378103
022,2010,812,395,WPU0383,partial,149.2,6.699500340161678,5.978885764901122,5.005287687769661,0.11747520126885203,0.06808912086059493,0.008751318052906853,0.032962773359567876,0.02741775582343209,0.030024612413441787,0.031054012631901884,0.03159135428152826,0.01153581646216395,0.03152624668484597,-0.17024523724891605,-0.08565544457849406
022,2011,942,438,WPU0383,partial,154.2,6.848005274576363,6.082218910376446,5.038250461129229,0.14850493441468515,0.10333314547532435,0.032962773359567876,0.030024612413441787,0.008751318052906853,0.03159135428152826,0.02741775582343209,0.01452810056290943,0.031054012631901884,0.02538135575262649,0.11747520126885203,0.06808912086059493
022,2012,918,420,WPU0383,partial,158.9,6.822197390620491,6.040254711277414,5.0682750735426705,-0.025807883955872413,-0.041964199099032484,0.030024612413441787,0.03159135428152826,0.032962773359567876,0.01452810056290943,0.008751318052906853,0.0030003022806814883,0.02741775582343209,0.016373252375039726,0.14850493441468515,0.10333314547532435
022,2013,959,460,WPU0383,partial,164.0,6.8658910748834385,6.131226489483141,5.099866427824199,0.04369368426294784,0.0909717782057271,0.03159135428152826,0.01452810056290943,0.030024612413441787,0.0030003022806814883,0.032962773359567876,0.007164209746780337,0.008751318052906853,0.008230870863457085,-0.025807883955872413,-0.041964199099032484
022,2014,935,476,WPU0383,partial,166.4,6.840546529288687,6.16541785423142,5.114394528387108,-0.02534454559475119,0.03419136474827944,0.01452810056290943,0.0030003022806814883,0.03159135428152826,0.007164209746780337,0.030024612413441787,0.0035629491373523337,0.032962773359567876,0.004575820388271386,0.04369368426294784,0.0909717782057271
022,2015,1101,564,WPU0383,partial,166.9,7.00397413672268,6.335054251498059,5.11739483066779,0.16342760743399243,0.16963639726663882,0.0030003022806814883,0.007164209746780337,0.01452810056290943,0.0035629491373523337,0.03159135428152826,0.01587801661175714,0.030024612413441787,0.008868391831963269,-0.02534454559475119,0.03419136474827944
022,2016,1445,755,WPU0383,partial,168.1,7.275864600546533,6.626717749249025,5.12455904041457,0.27189046382385307,0.29166349775096556,0.007164209746780337,0.0035629491373523337,0.0030003022806814883,0.01587801661175714,0.01452810056290943,0.023069073774403037,0.03159135428152826,0.01417001317450417,0.16342760743399243,0.16963639726663882
022,2017,1872,1063,WPU0383,partial,168.7,7.534762657037537,6.968850378341948,5.128121989551922,0.25889805649100417,0.34213262909292297,0.0035629491373523337,0.01587801661175714,0.007164209746780337,0.023069073774403037,0.0030003022806814883,0.015837435098626784,0.01452810056290943,0.018261508494928986,0.27189046382385307,0.29166349775096556
022,2018,1817,1077,WPU0383,partial,171.4,7.504942068396171,6.981934677156389,5.1440000061636795,-0.02982058864136583,0.013084298814440842,0.01587801661175714,0.023069073774403037,0.0035629491373523337,0.015837435098626784,0.007164209746780337,0.0483945966585404,0.0030003022806814883,0.029100368510523406,0.25889805649100417,0.34213262909292297
022,2019,2292,1258,WPU0383,partial,175.4,7.73718007783463,7.1372784372603855,5.1670690799380825,0.23223800943845863,0.15534376010399686,0.023069073774403037,0.015837435098626784,0.01587801661175714,0.0483945966585404,0.0035629491373523337,0.09446117393136433,0.007164209746780337,0.0528977352295105,-0.02982058864136583,0.013084298814440842
022,2020,3063,2139,WPU0383,partial,178.2,8.027150106832774,7.668093709082406,5.182906515036709,0.2899700289981446,0.5308152718220205,0.015837435098626784,0.0483945966585404,0.023069073774403037,0.09446117393136433,0.01587801661175714,0.06184718840018455,0.0035629491373523337,0.06823431966336309,0.23223800943845863,0.15534376010399686
022,2021,3340,2254,WPU0383,partial,187.036,8.113726085970747,7.720461694599722,5.23130111169525,0.08657597913797233,0.05236798551731603,0.0483945966585404,0.09446117393136433,0.015837435098626784,0.06184718840018455,0.023069073774403037,0.03612835530683256,0.01587801661175714,0.06414557254612714,0.2899700289981446,0.5308152718220205
022,2022,2393,1593,WPU0383,partial,205.565,7.780303087908373,7.373374309910049,5.325762285626614,-0.33342299806237374,-0.34708738468967315,0.09446117393136433,0.06184718840018455,0.0483945966585404,0.03612835530683256,0.015837435098626784,0.03881349520970456,0.023069073774403037,0.04559634630557389,0.08657597913797233,0.05236798551731603
022,2023,2484,1671,WPU0383,partial,218.68,7.81762544305337,7.421177528595393,5.387609474026799,0.0373223551449966,0.04780321868534454,0.06184718840018455,0.03612835530683256,0.09446117393136433,0.03881349520970456,0.0483945966585404,,0.015837435098626784,,-0.33342299806237374,-0.34708738468967315
022,2024,2518,1689,WPU0383,partial,226.725,7.831220214604293,7.4318919168078,5.423737829333631,0.013594771550923035,0.010714388212406334,0.03612835530683256,0.03881349520970456,0.06184718840018455,,0.09446117393136433,,0.0483945966585404,,0.0373223551449966,0.04780321868534454
022,2025,2348,1582,WPU0383,partial,235.698,7.761319180947987,7.366445148327599,5.462551324543336,-0.06990103365630596,-0.06544676848020092,0.03881349520970456,,0.03612835530683256,,0.06184718840018455,,0.09446117393136433,,0.013594771550923035,0.010714388212406334
023,1985,202,74,PCU3131--3131--,good,99.4,5.308267697401205,4.30406509320417,4.599152113662528,,,,0.003013563305263922,,0.02182626326088677,,0.029015575173572117,,0.0179518005799076,,
023,1986,162,51,PCU3131--3131--,good,99.7,5.087596335232384,3.9318256327243257,4.602165676967792,-0.22067136216882144,-0.37223946047984446,0.003013563305263922,0.02182626326088677,,0.029015575173572117,,0.014198061505292792,,0.021679966646583892,,
023,1987,86,42,PCU3131--3131--,good,101.9,4.454347296253507,3.7376696182833684,4.623991940228679,-0.6332490389788763,-0.19415601444095731,0.02182626326088677,0.029015575173572117,0.003013563305263922,0.014198061505292792,,0.030543790373640967,,0.02458580901750196,-0.22067136216882144,-0.37223946047984446
023,1988,118,58,PCU3131--3131--,good,104.9,4.770684624465665,4.060443010546419,4.653007515402251,0.31633732821215776,0.3227733922630507,0.029015575173572117,0.014198061505292792,0.02182626326088677,0.030543790373640967,0.003013563305263922,0.0090744724334062,,0.017938774770779986,-0.6332490389788763,-0.19415601444095731
023,1989,101,43,PCU3131--3131--,good,106.4,4.61512051684126,3.7612001156935624,4.667205576907544,-0.15556410762440542,-0.2992428948528567,0.014198061505292792,0.030543790373640967,0.029015575173572117,0.0090744724334062,0.02182626326088677,-0.007252978305015034,0.003013563305263922,0.010788428167344044,0.31633732821215776,0.3227733922630507
023,1990,122,39,PCU3131--3131--,good,109.7,4.804021044733257,3.6635616461296463,4.697749367281185,0.18890052789199707,-0.09763846956391609,0.030543790373640967,0.0090744724334062,0.014198061505292792,-0.007252978305015034,0.029015575173572117,-0.02674202694767036,0.02182626326088677,-0.008306844273093065,-0.15556410762440542,-0.2992428948528567
023,1991,144,54,PCU3131--3131--,good,110.7,4.969813299576001,3.9889840465642745,4.706823839714591,0.16579225484274396,0.3254224004346282,0.0090744724334062,-0.007252978305015034,0.030543790373640967,-0.02674202694767036,0.014198061505292792,0.0037313476128586487,0.029015575173572117,-0.010087885879942249,0.18890052789199707,-0.09763846956391609
023,1992,138,51,PCU3131--3131--,good,109.9,4.927253685157205,3.9318256327243257,4.699570861409576,-0.04255961441879563,-0.057158413839948796,-0.007252978305015034,-0.02674202694767036,0.0090744724334062,0.0037313476128586487,0.030543790373640967,0.04283114800334964,0.014198061505292792,0.006606822889512642,0.16579225484274396,0.3254224004346282
023,1993,135,43,PCU3131--3131--,good,107.0,4.90527477843843,3.7612001156935624,4.672828834461906,-0.02197890671877545,-0.17062551703076334,-0.02674202694767036,0.0037313476128586487,-0.007252978305015034,0.04283114800334964,0.0090744724334062,0.013292176208937079,0.030543790373640967,0.019951557275048454,-0.04255961441879563,-0.057158413839948796
023,1994,124,56,PCU3131--3131--,good,107.4,4.820281565605037,4.02535169073515,4.676560182074764,-0.08499321283339256,0.26415157504158726,0.0037313476128586487,0.04283114800334964,-0.02674202694767036,0.013292176208937079,-0.007252978305015034,0.004391750580978737,0.0090744724334062,0.02017169159775515,-0.02197890671877545,-0.17062551703076334
023,1995,215,67,PCU3131--3131--,good,112.1,5.3706380281276624,4.204692619390966,4.719391330078114,0.5503564625226254,0.17934092865581608,0.04283114800334964,0.013292176208937079,0.0037313476128586487,0.004391750580978737,-0.02674202694767036,-0.017683926789915816,-0.007252978305015034,0.0,-0.08499321283339256,0.26415157504158726
023,1996,161,65,PCU3131--3131--,good,113.6,5.081404364984463,4.174387269895637,4.732683506287051,-0.2892336631431993,-0.030305349495328926,0.013292176208937079,0.004391750580978737,0.04283114800334964,-0.017683926789915816,0.0037313476128586487,-0.04749751204711483,-0.02674202694767036,-0.02026322941868397,0.5503564625226254,0.17934092865581608
023,1997,206,74,PCU3131--3131--,good,114.1,5.327876168789581,4.30406509320417,4.73707525686803,0.24647180380511813,0.1296778233085334,0.004391750580978737,-0.017683926789915816,0.013292176208937079,-0.04749751204711483,0.04283114800334964,-0.013182865114877984,0.0037313476128586487,-0.02612143465063621,-0.2892336631431993,-0.030305349495328926
023,1998,178,74,PCU3131--3131--,good,112.1,5.181783550292085,4.30406509320417,4.719391330078114,-0.14609261849749622,0.0,-0.017683926789915816,-0.04749751204711483,0.004391750580978737,-0.013182865114877984,0.013292176208937079,-0.02398196468648539,0.04283114800334964,-0.028220780616159402,0.24647180380511813,0.1296778233085334
023,1999,187,81,PCU3131--3131--,good,106.9,5.231108616854587,4.394449154672439,4.671893818030999,0.049325066562501796,0.09038406146826894,-0.04749751204711483,-0.013182865114877984,-0.017683926789915816,-0.02398196468648539,0.004391750580978737,-0.03156080491221758,0.013292176208937079,-0.022908544904526984,-0.14609261849749622,0.0
023,2000,195,79,PCU3131--3131--,good,105.5,5.272999558563747,4.3694478524670215,4.658710952916121,0.04189094170915997,-0.02500130220541763,-0.013182865114877984,-0.02398196468648539,-0.04749751204711483,-0.03156080491221758,-0.017683926789915816,0.010961744042145227,0.004391750580978737,-0.014860341852185913,0.049325066562501796,0.09038406146826894
023,2001,166,62,PCU3131--3131--,good,103.0,5.111987788356544,4.127134385045092,4.634728988229636,-0.16101177020720314,-0.24231346742192983,-0.02398196468648539,-0.03156080491221758,-0.013182865114877984,0.010961744042145227,-0.04749751204711483,0.04552844391259736,-0.017683926789915816,0.008309794347508337,0.04189094170915997,-0.02500130220541763
023,2002,209,82,PCU3131--3131--,good,99.8,5.342334251964811,4.406719247264253,4.603168183317418,0.23034646360826727,0.2795848622191617,-0.03156080491221758,0.010961744042145227,-0.02398196468648539,0.04552844391259736,-0.013182865114877984,0.029852963149681777,-0.04749751204711483,0.028781050368141454,-0.16101177020720314,-0.24231346742192983
023,2003,213,89,PCU3131--3131--,good,100.9,5.3612921657094255,4.48863636973214,4.6141299273595635,0.01895791374461453,0.0819171224678863,0.010961744042145227,0.04552844391259736,-0.03156080491221758,0.029852963149681777,-0.02398196468648539,0.0209193622237418,-0.013182865114877984,0.032100256428673646,0.23034646360826727,0.2795848622191617
023,2004,301,115,PCU3131--3131--,good,105.6,5.707110264748875,4.74493212836325,4.659658371272161,0.34581809903944993,0.25629575863111054,0.04552844391259736,0.029852963149681777,0.010961744042145227,0.0209193622237418,-0.03156080491221758,0.025767751748911216,-0.02398196468648539,0.025513359040778262,0.01895791374461453,0.0819171224678863
023,2005,360,129,PCU3131--3131--,good,108.8,5.886104031450156,4.859812404361672,4.689511334421843,0.17899376670128042,0.11488027599842177,0.029852963149681777,0.0209193622237418,0.04552844391259736,0.025767751748911216,0.010961744042145227,0.06041820216455118,-0.03156080491221758,0.03570177204573473,0.34581809903944993,0.25629575863111054
023,2006,334,125,PCU3131--3131--,good,111.1,5.811140992976701,4.8283137373023015,4.7104306966455844,-0.07496303847345498,-0.03149866705937043,0.0209193622237418,0.025767751748911216,0.029852963149681777,0.06041820216455118,0.04552844391259736,-0.02932761509452053,0.010961744042145227,0.018952779606313953,0.17899376670128042,0.11488027599842177
023,2007,319,117,PCU3131--3131--,good,114.0,5.765191102784844,4.762173934797756,4.736198448394496,-0.04594989019185647,-0.06613980250454521,0.025767751748911216,0.06041820216455118,0.0209193622237418,-0.02932761509452053,0.029852963149681777,0.07453305186256731,0.04552844391259736,0.035207879644199316,-0.07496303847345498,-0.03149866705937043
023,2008,325,125,PCU3131--3131--,good,121.1,5.783825182329737,4.8283137373023015,4.796616650559047,0.018634079544892934,0.06613980250454521,0.06041820216455118,-0.02932761509452053,0.025767751748911216,0.07453305186256731,0.0209193622237418,0.18205843351918283,0.029852963149681777,0.07575462342907653,-0.04594989019185647,-0.06613980250454521
023,2009,238,90,PCU3131--3131--,good,117.6,5.472270673671475,4.499809670330265,4.767289035464526,-0.3115545086582623,-0.3285040669720365,-0.02932761509452053,0.07453305186256731,0.06041820216455118,0.18205843351918283,0.025767751748911216,-0.09084647277357227,0.0209193622237418,0.05524833753605929,0.018634079544892934,0.06613980250454521
023,2010,245,93,PCU3131--3131--,good,126.7,5.501258210544727,4.532599493153256,4.841822087327094,0.028987536873252395,0.032789822822991255,0.07453305186256731,0.18205843351918283,-0.02932761509452053,-0.09084647277357227,0.06041820216455118,-0.007956642338094788,0.025767751748911216,0.027751772802505254,-0.3115545086582623,-0.3285040669720365
023,2011,327,80,PCU3131--3131--,good,152.0,5.7899601708972535,4.382026634673881,5.0238805208462765,0.28870196035252604,-0.15057285847937507,0.18205843351918283,-0.09084647277357227,0.07453305186256731,-0.007956642338094788,-0.02932761509452053,0.0007259528449488073,0.06041820216455118,-0.03269238742223941,0.028987536873252395,0.032789822822991255
023,2012,267,87,PCU3131--3131--,good,138.8,5.58724865840025,4.465908118654584,4.933034048072704,-0.2027115124970038,0.0838814839807025,-0.09084647277357227,-0.007956642338094788,0.18205843351918283,0.0007259528449488073,0.07453305186256731,-0.04300143599318762,-0.02932761509452053,-0.016744041828777867,0.28870196035252604,-0.15057285847937507
023,2013,281,88,PCU3131--3131--,good,137.7,5.638354669333745,4.477336814478207,4.925077405734609,0.05110601093349576,0.011428695823623158,-0.007956642338094788,0.0007259528449488073,-0.09084647277357227,-0.04300143599318762,0.18205843351918283,-0.01680711831638071,0.07453305186256731,-0.019694200488206505,-0.2027115124970038,0.0838814839807025
023,2014,289,102,PCU3131--3131--,good,137.8,5.666426688112432,4.624972813284271,4.925803358579558,0.028072018778686925,0.14763599880606382,0.0007259528449488073,-0.04300143599318762,-0.007956642338094788,-0.01680711831638071,-0.09084647277357227,0.02284943277234408,0.18205843351918283,-0.012319707179074749,0.05110601093349576,0.011428695823623158
023,2015,361,120,PCU3131--3131--,good,132.0,5.8888779583328805,4.787491742782046,4.882801922586371,0.2224512702204482,0.16251892949777513,-0.04300143599318762,-0.01680711831638071,0.0007259528449488073,0.02284943277234408,-0.007956642338094788,0.04850326128408966,-0.09084647277357227,0.018181858580017675,0.028072018778686925,0.14763599880606382
023,2016,374,119,PCU3131--3131--,good,129.8,5.924255797414532,4.77912349311153,4.86599480426999,0.03537783908165171,-0.008368249670516192,-0.01680711831638071,0.02284943277234408,-0.04300143599318762,0.04850326128408966,0.0007259528449488073,-0.012996572827180586,-0.007956642338094788,0.01945204040975105,0.2224512702204482,0.16251892949777513
023,2017,511,163,PCU3131--3131--,good,132.8,6.236369590203704,5.093750200806762,4.888844237042334,0.3121137927891722,0.3146267076952327,0.02284943277234408,0.04850326128408966,-0.01680711831638071,-0.012996572827180586,-0.04300143599318762,-0.030998792017719268,0.0007259528449488073,0.0015026321463966021,0.03537783908165171,-0.008368249670516192
023,2018,447,160,PCU3131--3131--,good,139.4,6.102558594613569,5.075173815233827,4.937347498326424,-0.1338109955901352,-0.018576385572935727,0.04850326128408966,-0.012996572827180586,0.02284943277234408,-0.030998792017719268,-0.01680711831638071,0.1440808730001102,-0.04300143599318762,0.03336183605173677,0.3121137927891722,0.3146267076952327
023,2019,641,187,PCU3131--3131--,good,137.6,6.46302945692067,5.231108616854587,4.924350925499243,0.3604708623071007,0.15593480162076023,-0.012996572827180586,-0.030998792017719268,0.04850326128408966,0.1440808730001102,0.02284943277234408,0.2088592189970182,-0.01680711831638071,0.10731376665980304,-0.1338109955901352,-0.018576385572935727
023,2020,522,277,PCU3131--3131--,good,133.4,6.257667587882639,5.6240175061873385,4.893352133481524,-0.20536186903803078,0.3929088893327517,-0.030998792017719268,0.1440808730001102,-0.012996572827180586,0.2088592189970182,0.04850326128408966,-0.10618543566424332,0.02284943277234408,0.08225155211096169,0.3604708623071007,0.15593480162076023
023,2021,688,338,PCU3131--3131--,good,154.074,6.5337888379333435,5.823045895483019,5.037433006481634,0.2761212500507044,0.19902838929568034,0.1440808730001102,0.2088592189970182,-0.030998792017719268,-0.10618543566424332,-0.012996572827180586,-0.02420498447860364,0.04850326128408966,0.026156266284723746,-0.20536186903803078,0.3929088893327517
023,2022,429,250,PCU3131--3131--,good,189.861,6.061456918928017,5.521460917862246,5.246292225478652,-0.47233191900532656,-0.30158497762077285,0.2088592189970182,-0.10618543566424332,0.1440808730001102,-0.02420498447860364,-0.030998792017719268,-0.007861557310380185,-0.012996572827180586,-0.046083992484409045,0.2761212500507044,0.19902838929568034
023,2023,607,349,PCU3131--3131--,good,170.734,6.408528791059498,5.855071922202427,5.140106789814409,0.3470718721314814,0.333611004340181,-0.10618543566424332,-0.02420498447860364,0.2088592189970182,-0.007861557310380185,0.1440808730001102,,-0.030998792017719268,,-0.47233191900532656,-0.30158497762077285
023,2024,597,393,PCU3131--3131--,good,166.651,6.391917113392602,5.973809611869261,5.115901805335805,-0.016611677666896085,0.11873768966683418,-0.02420498447860364,-0.007861557310380185,-0.10618543566424332,,0.2088592189970182,,0.1440808730001102,,0.3470718721314814,0.333611004340181
023,2025,464,305,PCU3131--3131--,good,165.346,6.139884552226255,5.720311776607412,5.108040248025425,-0.252032561166347,-0.2534978352618493,-0.007861557310380185,,-0.02420498447860364,,-0.10618543566424332,,0.2088592189970182,,-0.016611677666896085,0.11873768966683418
024,1980,553,209,WPU0382,partial,86.8,6.315358001522335,5.342334251964811,4.463606621666305,,,,0.09132234788503979,,0.05024121643674739,,-0.014098924379502442,,0.042488213314094914,,
024,1981,635,251,WPU0382,partial,95.1,6.453624998892692,5.5254529391317835,4.554928969551344,0.13826699737035675,0.18311868716697255,0.09132234788503979,0.05024121643674739,,-0.014098924379502442,,0.01609692704217469,,0.01741307303313988,,
024,1982,811,355,WPU0382,partial,100.0,6.698268054115413,5.872117789475416,4.605170185988092,0.24464305522272145,0.3466648503436325,0.05024121643674739,-0.014098924379502442,0.09132234788503979,0.01609692704217469,,0.0039840690148746916,,0.0019940238925156466,0.13826699737035675,0.18311868716697255
024,1983,563,239,WPU0382,partial,98.6,6.333279628139691,5.476463551931511,4.591071261608589,-0.36498842597572256,-0.39565423754390494,-0.014098924379502442,0.01609692704217469,0.05024121643674739,0.0039840690148746916,0.09132234788503979,0.004957868360786932,,0.008346288139278771,0.24464305522272145,0.3466648503436325
024,1984,742,324,WPU0382,partial,100.2,6.60934924316738,5.780743515792329,4.607168188650764,0.2760696150276898,0.304279963860818,0.01609692704217469,0.0039840690148746916,-0.014098924379502442,0.004957868360786932,0.05024121643674739,0.0029629651306573024,0.09132234788503979,0.003968300835439642,-0.36498842597572256,-0.39565423754390494
024,1985,777,354,WPU0382,partial,100.6,6.655440350367647,5.869296913133774,4.611152257665639,0.04609110720026699,0.08855339734144518,0.0039840690148746916,0.004957868360786932,0.01609692704217469,0.0029629651306573024,-0.014098924379502442,0.029156584291455623,0.05024121643674739,0.012359139260966618,0.2760696150276898,0.304279963860818
024,1986,715,333,WPU0382,partial,101.1,6.5722825426940075,5.808142489980444,4.616110126026426,-0.0831578076736399,-0.061154423153330306,0.004957868360786932,0.0029629651306573024,0.0039840690148746916,0.029156584291455623,0.01609692704217469,0.02085383628320514,-0.014098924379502442,0.017657795235106022,0.04609110720026699,0.08855339734144518
024,1987,709,365,WPU0382,partial,101.4,6.5638555265321274,5.8998973535824915,4.619073091157083,-0.008427016161880019,0.09175486360204754,0.0029629651306573024,0.029156584291455623,0.004957868360786932,0.02085383628320514,0.0039840690148746916,0.026841037524811817,0.01609692704217469,0.025617152699824192,-0.0831578076736399,-0.061154423153330306
024,1988,810,404,WPU0382,partial,104.4,6.697034247666484,6.0014148779611505,4.648229675448539,0.1331787211343567,0.10151752437865902,0.029156584291455623,0.02085383628320514,0.0029629651306573024,0.026841037524811817,0.004957868360786932,0.02078701146444306,0.0039840690148746916,0.022827295090820005,-0.008427016161880019,0.09175486360204754
024,1989,912,439,WPU0382,partial,106.6,6.815639990074331,6.0844994130751715,4.669083511731744,0.11860574240784683,0.08308453511402103,0.02085383628320514,0.026841037524811817,0.029156584291455623,0.02078701146444306,0.0029629651306573024,0.016851840035491783,0.004957868360786932,0.02149329634158222,0.1331787211343567,0.10151752437865902
024,1990,1252,627,WPU0382,partial,109.5,7.132497551660044,6.440946540632921,4.695924549256556,0.31685756158571277,0.35644712755774943,0.026841037524811817,0.02078701146444306,0.02085383628320514,0.016851840035491783,0.029156584291455623,0.0183011643824047,0.0029629651306573024,0.018646671960779848,0.11860574240784683,0.08308453511402103
024,1991,1206,538,WPU0382,partial,111.8,7.095064377287131,6.2878585601617845,4.716711560720999,-0.0374331743729126,-0.15308798047113648,0.02078701146444306,0.016851840035491783,0.026841037524811817,0.0183011643824047,0.02085383628320514,0.012870190520534841,0.029156584291455623,0.016007731646143775,0.31685756158571277,0.35644712755774943
024,1992,1168,531,WPU0382,partial,113.7,7.0630481633881725,6.274762021241939,4.73356340075649,-0.03201621389895859,-0.013096538919845635,0.016851840035491783,0.0183011643824047,0.02078701146444306,0.012870190520534841,0.026841037524811817,0.01858161571213568,0.02085383628320514,0.016584323538358405,-0.0374331743729126,-0.15308798047113648
024,1993,1352,652,WPU0382,partial,115.8,7.20934025660291,6.480044561926653,4.751864565138895,0.14629209321473713,0.2052825406847143,0.0183011643824047,0.012870190520534841,0.016851840035491783,0.01858161571213568,0.02078701146444306,0.023160671321560855,0.026841037524811817,0.01820415918474379,-0.03201621389895859,-0.013096538919845635
024,1994,1341,614,WPU0382,partial,117.3,7.201170883281678,6.419994928147142,4.76473475565943,-0.008169373321231355,-0.06004963377951089,0.012870190520534841,0.01858161571213568,0.0183011643824047,0.023160671321560855,0.016851840035491783,0.00244998080898462,0.02078701146444306,0.014730755947560384,0.14629209321473713,0.2052825406847143
024,1995,1622,689,WPU0382,partial,119.5,7.3914152346753585,6.535241271013659,4.783316371371566,0.19024435139368023,0.11524634286651647,0.01858161571213568,0.023160671321560855,0.012870190520534841,0.00244998080898462,0.0183011643824047,0.0040700096882968495,0.016851840035491783,0.009893553939614108,-0.008169373321231355,-0.06004963377951089
024,1996,1715,714,WPU0382,partial,122.3,7.44716835960004,6.570882962339584,4.8064770426931265,0.05575312492468143,0.03564169132592543,0.023160671321560855,0.00244998080898462,0.01858161571213568,0.0040700096882968495,0.012870190520534841,-0.0032546814735425755,0.0183011643824047,0.0010884363412462978,0.19024435139368023,0.11524634286651647
024,1997,1913,801,WPU0382,partial,122.6,7.556427969440253,6.68586094706836,4.808927023502111,0.10925960984021277,0.11497798472877552,0.00244998080898462,0.0040700096882968495,0.023160671321560855,-0.0032546814735425755,0.01858161571213568,-0.0057213069836086206,0.012870190520534841,-0.0016353262562847821,0.05575312492468143,0.03564169132592543
024,1998,1896,855,WPU0382,partial,123.1,7.547501682814967,6.75110146893676,4.812997033190408,-0.00892628662528594,0.06524052186840024,0.0040700096882968495,-0.0032546814735425755,0.00244998080898462,-0.0057213069836086206,0.023160671321560855,0.004089985251525263,0.01858161571213568,-0.0016286677352086443,0.10925960984021277,0.11497798472877552
024,1999,2184,986,WPU0382,partial,122.7,7.688913336864796,6.893656354602635,4.809742351716865,0.14141165404982914,0.14255488566587537,-0.0032546814735425755,-0.0057213069836086206,0.0040700096882968495,0.004089985251525263,0.00244998080898462,-0.0016339872916555365,0.023160671321560855,-0.0010884363412462978,-0.00892628662528594,0.06524052186840024
024,2000,2379,1083,WPU0382,partial,122.0,7.774435510302958,6.9874902470009905,4.804021044733257,0.08552217343816171,0.09383389239835527,-0.0057213069836086206,0.004089985251525263,-0.0032546814735425755,-0.0016339872916555365,0.0040700096882968495,0.0008173273850990981,0.00244998080898462,0.0010911084483229416,0.14141165404982914,0.14255488566587537
024,2001,1994,891,WPU0382,partial,122.5,7.597897950521784,6.792344427470809,4.808111029984782,-0.17653755978117402,-0.19514581953018162,0.004089985251525263,-0.0016339872916555365,-0.0057213069836086206,0.0008173273850990981,-0.0032546814735425755,0.008136741393061975,0.0040700096882968495,0.002440027162168512,0.08552217343816171,0.09383389239835527
024,2002,2196,974,WPU0382,partial,122.3,7.694392802629421,6.881411303642535,4.8064770426931265,0.09649485210763764,0.08906687617172615,-0.0016339872916555365,0.0008173273850990981,0.004089985251525263,0.008136741393061975,-0.0057213069836086206,-0.00406009489929815,-0.0032546814735425755,0.0016313246262876409,-0.17653755978117402,-0.19514581953018162
024,2003,2352,1104,WPU0382,partial,122.4,7.763021309018518,7.00669522683704,4.807294370078226,0.06862850638909634,0.12528392319450532,0.0008173273850990981,0.008136741393061975,-0.0016339872916555365,-0.00406009489929815,0.004089985251525263,0.0024380345274304105,-0.0057213069836086206,0.002171560340398078,0.09649485210763764,0.08906687617172615
024,2004,2786,1305,WPU0382,partial,123.4,7.932362154339751,7.173958319756794,4.8154311114712876,0.1693408453212335,0.16726309291975383,0.008136741393061975,-0.00406009489929815,0.0008173273850990981,0.0024380345274304105,-0.0016339872916555365,0.016901810802602668,0.004089985251525263,0.0050932501435783095,0.06862850638909634,0.12528392319450532
024,2005,2896,1381,WPU0382,partial,122.9,7.971085753505607,7.2305631534092925,4.811371016571989,0.03872359916585566,0.05660483365249824,-0.00406009489929815,0.0024380345274304105,0.008136741393061975,0.016901810802602668,0.0008173273850990981,0.013476224556568717,-0.0016339872916555365,0.010938689962200598,0.1693408453212335,0.16726309291975383
024,2006,3162,1527,WPU0382,partial,123.2,8.058960017769417,7.3310603052186325,4.81380905109942,0.08787426426381018,0.10049715180934005,0.0024380345274304105,0.016901810802602668,-0.00406009489929815,0.013476224556568717,0.008136741393061975,0.016400211394005382,0.0008173273850990981,0.015592748917725588,0.03872359916585566,0.05660483365249824
024,2007,3415,1562,WPU0382,partial,125.3,8.13593277200489,7.3537223303996315,4.8307108619020225,0.07697275423547367,0.022662025180999024,0.016901810802602668,0.013476224556568717,0.0024380345274304105,0.016400211394005382,-0.00406009489929815,0.01993931089663903,0.008136741393061975,0.01660524894907104,0.08787426426381018,0.10049715180934005
024,2008,2993,1392,WPU0382,partial,127.0,8.0040315078527,7.238496840894365,4.844187086458591,-0.13190126415219083,-0.11522548950526623,0.013476224556568717,0.016400211394005382,0.016901810802602668,0.01993931089663903,0.0024380345274304105,0.052507439323468574,-0.00406009489929815,0.029615653871370995,0.07697275423547367,0.022662025180999024
024,2009,2672,1198,WPU0382,partial,129.1,7.890582534656536,7.088408778675395,4.860587297852597,-0.11344897319616365,-0.15008806221897064,0.016400211394005382,0.01993931089663903,0.013476224556568717,0.052507439323468574,0.016901810802602668,0.028411001832780336,0.0024380345274304105,0.03361925068429598,-0.13190126415219083,-0.11522548950526623
024,2010,2774,1240,WPU0382,partial,131.7,7.928045600874777,7.122866658599083,4.880526608749236,0.03746306621824047,0.03445787992368832,0.01993931089663903,0.052507439323468574,0.016400211394005382,0.028411001832780336,0.013476224556568717,0.00628274317949451,0.016901810802602668,0.029067061445247806,-0.11344897319616365,-0.15008806221897064
024,2011,3095,1318,WPU0382,partial,138.8,8.037543185118697,7.183870715062453,4.933034048072704,0.10949758424392009,0.061004056463369594,0.052507439323468574,0.028411001832780336,0.01993931089663903,0.00628274317949451,0.016400211394005382,0.10931926653052848,0.013476224556568717,0.04800433718093444,0.03746306621824047,0.03445787992368832
024,2012,3144,1358,WPU0382,partial,142.8,8.053251153549096,7.213768308118642,4.9614450499054845,0.015707968430399788,0.02989759305618911,0.028411001832780336,0.00628274317949451,0.052507439323468574,0.10931926653052848,0.01993931089663903,0.015475393952932848,0.016400211394005382,0.043692467887651944,0.10949758424392009,0.061004056463369594
024,2013,3338,1473,WPU0382,partial,143.7,8.11312710422178,7.29505641646263,4.967727793084979,0.05987595067268359,0.0812881083439887,0.00628274317949451,0.10931926653052848,0.028411001832780336,0.015475393952932848,0.052507439323468574,0.010995834674528915,0.01993931089663903,0.04526349838599675,0.015707968430399788,0.02989759305618911
024,2014,3604,1526,WPU0382,partial,160.3,8.189799618728228,7.330405211844402,5.0770470596155075,0.07667251450644841,0.035348795381771936,0.10931926653052848,0.015475393952932848,0.00628274317949451,0.010995834674528915,0.028411001832780336,0.01746506302215156,0.052507439323468574,0.014645430549871108,0.05987595067268359,0.0812881083439887
024,2015,4121,1958,WPU0382,partial,162.8,8.323851131338817,7.579678823090456,5.09252245356844,0.13405151261058812,0.2492736112460534,0.015475393952932848,0.010995834674528915,0.10931926653052848,0.01746506302215156,0.00628274317949451,0.0023852128183747823,0.028411001832780336,0.010282036838351752,0.07667251450644841,0.035348795381771936
024,2016,4957,2476,WPU0382,partial,164.6,8.508555998020574,7.814399633804487,5.103518288242969,0.18470486668175745,0.23472081071403128,0.010995834674528915,0.01746506302215156,0.015475393952932848,0.0023852128183747823,0.10931926653052848,0.007712883088626832,0.00628274317949451,0.009187719643051057,0.13405151261058812,0.2492736112460534
024,2017,6508,3637,WPU0382,partial,167.5,8.780787468338929,8.19891444498699,5.120983351265121,0.2722314703183546,0.38451481118250275,0.01746506302215156,0.0023852128183747823,0.010995834674528915,0.007712883088626832,0.015475393952932848,-0.0011827322490489678,0.10931926653052848,0.0029717878859842153,0.18470486668175745,0.23472081071403128
024,2018,6849,3964,WPU0382,partial,167.9,8.831857935197906,8.285008895449879,5.123368564083496,0.051070466858977426,0.08609445046288933,0.0023852128183747823,0.007712883088626832,0.01746506302215156,-0.0011827322490489678,0.010995834674528915,0.002204668523094533,0.015475393952932848,0.002911606454224132,0.2722314703183546,0.38451481118250275
024,2019,8114,4756,WPU0382,partial,169.2,9.001346243766392,8.467162257810672,5.1310814471721224,0.16948830856848573,0.18215336236079338,0.007712883088626832,-0.0011827322490489678,0.0023852128183747823,0.002204668523094533,0.01746506302215156,0.05237876953108156,0.010995834674528915,0.017800235268375708,0.051070466858977426,0.08609445046288933
024,2020,12846,8401,WPU0382,partial,169.0,9.460787757817737,9.036106025364846,5.1298987149230735,0.4594415140513455,0.568943767554174,-0.0011827322490489678,0.002204668523094533,0.007712883088626832,0.05237876953108156,0.0023852128183747823,0.021522536762218714,0.01746506302215156,0.0253686582721316,0.16948830856848573,0.18215336236079338
024,2021,14297,9187,WPU0382,partial,169.373,9.567805004029164,9.125544720271467,5.132103383446168,0.10701724621142716,0.0894386949066206,0.002204668523094533,0.05237876953108156,-0.0011827322490489678,0.021522536762218714,0.007712883088626832,0.011530946124785224,0.0023852128183747823,0.028477417472695166,0.4594415140513455,0.568943767554174
024,2022,9895,6151,WPU0382,partial,178.481,9.199784858036667,8.724369949208368,5.18448215297725,-0.36802014599249766,-0.40117477106309885,0.05237876953108156,0.021522536762218714,0.002204668523094533,0.011530946124785224,-0.0011827322490489678,0.025660064793236792,0.007712883088626832,0.019571182560080242,0.10701724621142716,0.0894386949066206
024,2023,9355,6132,WPU0382,partial,182.364,9.14366623870819,8.721276239991704,5.206004689739468,-0.05611861932847617,-0.0030937092166638536,0.021522536762218714,0.011530946124785224,0.05237876953108156,0.025660064793236792,0.002204668523094533,,-0.0011827322490489678,,-0.36802014599249766,-0.40117477106309885
024,2024,10134,6647,WPU0382,partial,184.479,9.223651386035854,8.801920904041582,5.2175356358642535,0.0799851473276636,0.08064466404987769,0.011530946124785224,0.025660064793236792,0.021522536762218714,,0.05237876953108156,,0.002204668523094533,,-0.05611861932847617,-0.0030937092166638536
024,2025,8753,5468,WPU0382,partial,189.274,9.077151777732437,8.60666819784384,5.24319570065749,-0.1464996083034169,-0.19525270619774204,0.025660064793236792,,0.011530946124785224,,0.021522536762218714,,0.05237876953108156,,0.0799851473276636,0.08064466404987769
025,1980,2566,1088,WPU0381,good,88.7,7.850103545175582,6.992096427415888,4.485259889315534,,,,0.07595840914337426,,0.04395188752918333,,0.015873349156289684,,0.04526121527628242,,
025,1981,3552,1568,WPU0381,good,95.7,8.17526610411206,7.357556200910353,4.5612182984589085,0.32516255893647816,0.36545977349446535,0.07595840914337426,0.04395188752918333,,0.015873349156289684,,0.019493794681000765,,0.026439677122157924,,
025,1982,4808,2115,WPU0381,good,100.0,8.478036476215044,7.656810091480378,4.605170185988092,0.30277037210298374,0.29925389057002505,0.04395188752918333,0.015873349156289684,0.07595840914337426,0.019493794681000765,,0.013423020332140823,,0.01626338805647709,0.32516255893647816,0.36545977349446535
025,1983,4576,1937,WPU0381,good,101.6,8.428580533059634,7.5688956634069955,4.6210435351443815,-0.0494559431554098,-0.08791442807338257,0.015873349156289684,0.019493794681000765,0.04395188752918333,0.013423020332140823,0.07595840914337426,0.012304935190378785,,0.01507391673450679,0.30277037210298374,0.29925389057002505
025,1984,5056,2288,WPU0381,good,103.6,8.528330935826693,7.7354333524996886,4.640537329825382,0.09975040276705904,0.16653768909269306,0.019493794681000765,0.013423020332140823,0.015873349156289684,0.012304935190378785,0.04395188752918333,0.019562803657644068,0.07595840914337426,0.015096919726721225,-0.0494559431554098,-0.08791442807338257
025,1985,4974,2234,WPU0381,good,105.0,8.51197962436335,7.711548979629146,4.653960350157523,-0.016351311463342455,-0.023884372870542236,0.013423020332140823,0.012304935190378785,0.019493794681000765,0.019562803657644068,0.015873349156289684,0.02998861706960909,0.04395188752918333,0.020618785305877314,0.09975040276705904,0.16653768909269306
025,1986,5458,2387,WPU0381,good,106.3,8.604837701268284,7.77779262633883,4.666265285347902,0.09285807690493364,0.06624364670968408,0.012304935190378785,0.019562803657644068,0.013423020332140823,0.02998861706960909,0.019493794681000765,0.02475811691913954,0.015873349156289684,0.024769845882130898,-0.016351311463342455,-0.023884372870542236
025,1987,5654,2547,WPU0381,good,108.4,8.640118538253535,7.842671474979457,4.685828089005546,0.035280836985251085,0.06487884864062643,0.019562803657644068,0.02998861706960909,0.012304935190378785,0.02475811691913954,0.013423020332140823,0.02586351058991898,0.019493794681000765,0.026870081526222535,0.09285807690493364,0.06624364670968408
025,1988,5862,2627,WPU0381,good,111.7,8.676246121270838,7.87359778968554,4.715816706075155,0.036127583017302456,0.030926314706083424,0.02998861706960909,0.02475811691913954,0.019562803657644068,0.02586351058991898,0.012304935190378785,0.017714507932318213,0.013423020332140823,0.022778711813792242,0.035280836985251085,0.06487884864062643
025,1989,6601,2967,WPU0381,good,114.5,8.79497643168877,7.995306620290822,4.740574822994295,0.11873031041793247,0.12170883060528137,0.02475811691913954,0.02586351058991898,0.02998861706960909,0.017714507932318213,0.019562803657644068,0.02150620522096336,0.012304935190378785,0.021694741247733518,0.036127583017302456,0.030926314706083424
025,1990,9355,4249,WPU0381,good,117.5,9.14366623870819,8.354438940114811,4.7664383335842135,0.34868980701942043,0.3591323198239893,0.02586351058991898,0.017714507932318213,0.02475811691913954,0.02150620522096336,0.02998861706960909,0.008150004361924701,0.019562803657644068,0.015790239171735422,0.11873031041793247,0.12170883060528137
025,1991,8983,3856,WPU0381,good,119.6,9.103089181229207,8.257385655730436,4.784152841516532,-0.0405770574789841,-0.09705328438437455,0.017714507932318213,0.02150620522096336,0.02586351058991898,0.008150004361924701,0.02475811691913954,0.0024321049686122365,0.02998861706960909,0.010696104850500099,0.34868980701942043,0.3591323198239893
025,1992,9423,3956,WPU0381,good,122.2,9.150908788206756,8.282988692742602,4.805659046737495,0.04781960697754961,0.02560303701216604,0.02150620522096336,0.008150004361924701,0.017714507932318213,0.0024321049686122365,0.02586351058991898,0.005652013431346248,0.02475811691913954,0.005411374253961061,-0.0405770574789841,-0.09705328438437455
025,1993,12122,5301,WPU0381,good,123.2,9.402777262511231,8.575650760987806,4.81380905109942,0.2518684743044748,0.29266206824520324,0.008150004361924701,0.0024321049686122365,0.02150620522096336,0.005652013431346248,0.017714507932318213,0.007220247973487304,0.02586351058991898,0.005101455457815263,0.04781960697754961,0.02560303701216604
025,1994,12135,5310,WPU0381,good,123.5,9.403849118160702,8.577347114235984,4.816241156068032,0.0010718556494708764,0.001696353248178184,0.0024321049686122365,0.005652013431346248,0.008150004361924701,0.007220247973487304,0.02150620522096336,0.004784698123335929,0.017714507932318213,0.005885653176056493,0.2518684743044748,0.29266206824520324
025,1995,13134,5869,WPU0381,good,124.2,9.482959566750917,8.677439540558334,4.821893169499378,0.07911044859021565,0.10009242632234994,0.005652013431346248,0.007220247973487304,0.0024321049686122365,0.004784698123335929,0.008150004361924701,0.007923971730892099,0.02150620522096336,0.006642972609238443,0.0010718556494708764,0.001696353248178184
025,1996,14359,6518,WPU0381,good,125.1,9.572132202294377,8.782322859397507,4.829113417472866,0.08917263554345922,0.1048833188391729,0.007220247973487304,0.004784698123335929,0.005652013431346248,0.007923971730892099,0.0024321049686122365,0.003152090868314694,0.008150004361924701,0.005286920240847573,0.07911044859021565,0.10009242632234994
025,1997,14671,6524,WPU0381,good,125.7,9.593628035139645,8.783242963740905,4.8338981155962015,0.021495832845268126,0.00092010434339862,0.004784698123335929,0.007923971730892099,0.007220247973487304,0.003152090868314694,0.005652013431346248,0.0023575649426543777,0.0024321049686122365,0.004477875847287057,0.08917263554345922,0.1048833188391729
025,1998,14320,6496,WPU0381,good,126.7,9.569412440514636,8.778941881841513,4.841822087327094,-0.024215594625008663,-0.004301081899392045,0.007923971730892099,0.003152090868314694,0.004784698123335929,0.0023575649426543777,0.007220247973487304,-0.004720701134937499,0.005652013431346248,0.0002629848920105241,0.021495832845268126,0.00092010434339862
025,1999,17672,8611,WPU0381,good,127.1,9.779736745099953,9.060795734696166,4.844974178195408,0.21032430458531692,0.2818538528546526,0.003152090868314694,0.0023575649426543777,0.007923971730892099,-0.004720701134937499,0.004784698123335929,-0.010305283431286227,0.007220247973487304,-0.004222806541189783,-0.024215594625008663,-0.004301081899392045
025,2000,16377,8070,WPU0381,good,127.4,9.703633190449867,8.995908761263994,4.847331743138063,-0.07610355465008567,-0.06488697343217176,0.0023575649426543777,-0.004720701134937499,0.003152090868314694,-0.010305283431286227,0.007923971730892099,0.0015923570243625562,0.004784698123335929,-0.004477875847287057,0.21032430458531692,0.2818538528546526
025,2001,14213,6810,WPU0381,good,126.8,9.561912317739012,8.826147399143558,4.842611042003125,-0.14172087271085587,-0.16976136212043613,-0.004720701134937499,-0.010305283431286227,0.0023575649426543777,0.0015923570243625562,0.003152090868314694,-0.0007958615621035392,0.007923971730892099,-0.0031695959896757366,-0.07610355465008567,-0.06488697343217176
025,2002,15852,7953,WPU0381,good,125.5,9.671050954310326,8.981304494957135,4.832305758571839,0.1091386365713145,0.15515709581357662,-0.010305283431286227,0.0015923570243625562,-0.004720701134937499,-0.0007958615621035392,0.0023575649426543777,0.0,0.003152090868314694,0.0002654984874196723,-0.14172087271085587,-0.16976136212043613
025,2003,18336,9289,WPU0381,good,125.7,9.816621619514466,9.136586183387521,4.8338981155962015,0.14557066520413997,0.15528168843038692,0.0015923570243625562,-0.0007958615621035392,-0.010305283431286227,0.0,-0.004720701134937499,0.0023856870162033417,0.0023575649426543777,0.0005299418180332675,0.1091386365713145,0.15515709581357662
025,2004,22716,11958,WPU0381,good,125.6,10.030824800997323,9.38915578944085,4.833102254034098,0.21420318148285666,0.2525696060533278,-0.0007958615621035392,0.0,0.0015923570243625562,0.0023856870162033417,-0.010305283431286227,0.008699145408289866,-0.004720701134937499,0.0036949441414977358,0.14557066520413997,0.15528168843038692
025,2005,24344,12898,WPU0381,good,125.6,10.100040691576806,9.464827539570322,4.833102254034098,0.06921589057948374,0.07567175012947303,0.0,0.0023856870162033417,-0.0007958615621035392,0.008699145408289866,0.0015923570243625562,0.007843177461025697,-0.010305283431286227,0.006309336628506301,0.21420318148285666,0.2525696060533278
025,2006,25447,13382,WPU0381,good,125.9,10.144353136837955,9.501665799342762,4.835487941050301,0.044312445261148525,0.036838259772439486,0.0023856870162033417,0.008699145408289866,0.0,0.007843177461025697,-0.0007958615621035392,0.010105021858194618,0.0015923570243625562,0.008882448242503393,0.06921589057948374,0.07567175012947303
025,2007,27767,14795,WPU0381,good,127.0,10.231603544216687,9.60204456483431,4.844187086458591,0.08725040737873258,0.10037876549154845,0.008699145408289866,0.007843177461025697,0.0023856870162033417,0.010105021858194618,0.0,0.0015455953617813378,-0.0007958615621035392,0.006497931560333884,0.044312445261148525,0.036838259772439486
025,2008,27262,14654,WPU0381,good,128.0,10.213249070130788,9.592468614719909,4.852030263919617,-0.018354474085899852,-0.009575950114401266,0.007843177461025697,0.010105021858194618,0.008699145408289866,0.0015455953617813378,0.0023856870162033417,0.03191760296830459,0.0,0.014522740062760182,0.08725040737873258,0.10037876549154845
025,2009,24924,13494,WPU0381,good,129.3,10.123586473664112,9.510000421187371,4.8621352857778115,-0.08966259646667574,-0.08246819353253798,0.010105021858194618,0.0015455953617813378,0.007843177461025697,0.03191760296830459,0.008699145408289866,0.02292152108055312,0.0023856870162033417,0.018794906470213014,-0.018354474085899852,-0.009575950114401266
025,2010,27448,14613,WPU0381,good,129.5,10.220048584538286,9.589666822474653,4.863680881139593,0.09646211087417456,0.07966640128728208,0.0015455953617813378,0.03191760296830459,0.010105021858194618,0.02292152108055312,0.007843177461025697,0.011628037995119023,0.008699145408289866,0.022155720681325576,-0.08966259646667574,-0.08246819353253798
025,2011,29239,16186,WPU0381,good,133.7,10.283258713552488,9.691901950055648,4.895598484107897,0.06321012901420175,0.10223512758099496,0.03191760296830459,0.02292152108055312,0.0015455953617813378,0.011628037995119023,0.010105021858194618,0.0,0.007843177461025697,0.011516519691890714,0.09646211087417456,0.07966640128728208
025,2012,31462,17474,WPU0381,good,136.8,10.35653574738245,9.76846934085804,4.918520005188451,0.07327703382996198,0.07656739080239205,0.02292152108055312,0.011628037995119023,0.03191760296830459,0.0,0.0015455953617813378,0.007199455142854028,0.010105021858194618,0.0062758310459910165,0.06321012901420175,0.10223512758099496
025,2013,33534,18859,WPU0381,good,138.4,10.420315128497753,9.844745532512365,4.93014804318357,0.06377938111530312,0.07627619165432442,0.011628037995119023,0.0,0.02292152108055312,0.007199455142854028,0.03191760296830459,0.0057224762740659685,0.0015455953617813378,0.004307310472306665,0.07327703382996198,0.07656739080239205
025,2014,35003,19607,WPU0381,good,138.4,10.463189051084006,9.883641924315421,4.93014804318357,0.04287392258625289,0.03889639180305693,0.0,0.007199455142854028,0.011628037995119023,0.0057224762740659685,0.02292152108055312,0.013461060502565125,0.03191760296830459,0.008794330639828374,0.06377938111530312,0.07627619165432442
025,2015,39374,22612,WPU0381,good,139.4,10.580860978980033,10.026236017795181,4.937347498326424,0.11767192789602632,0.14259409347975982,0.007199455142854028,0.0057224762740659685,0.0,0.013461060502565125,0.011628037995119023,0.013282264472946004,0.02292152108055312,0.010821933749859031,0.04287392258625289,0.03889639180305693
025,2016,44534,26979,WPU0381,good,140.2,10.704008221364402,10.202814064582626,4.94306997460049,0.1231472423843698,0.17657804678744426,0.0057224762740659685,0.013461060502565125,0.007199455142854028,0.013282264472946004,0.0,0.006920442844573493,0.011628037995119023,0.011221255940028207,0.11767192789602632,0.14259409347975982
025,2017,52449,32445,WPU0381,good,142.1,10.867596547865759,10.387301627055269,4.956531035103055,0.16358832650135646,0.18448756247264342,0.013461060502565125,0.013282264472946004,0.0057224762740659685,0.006920442844573493,0.007199455142854028,0.0006894174695677435,0.0,0.006964041595695747,0.1231472423843698,0.17657804678744426
025,2018,53743,32863,WPU0381,good,144.0,10.891968704950774,10.400102683833003,4.969813299576001,0.024372157085014834,0.012801056777734132,0.013282264472946004,0.006920442844573493,0.013461060502565125,0.0006894174695677435,0.0057224762740659685,0.008885288048377404,0.007199455142854028,0.0054983827875062135,0.16358832650135646,0.18448756247264342
025,2019,59316,35972,WPU0381,good,145.0,10.99063436309496,10.490496137034405,4.976733742420574,0.09866565814418671,0.09039345320140235,0.006920442844573493,0.0006894174695677435,0.013282264472946004,0.008885288048377404,0.013461060502565125,0.05021549118355573,0.0057224762740659685,0.019930065567166956,0.024372157085014834,0.012801056777734132
025,2020,84294,54421,WPU0381,good,145.1,11.342065967079707,10.904505387765616,4.977423159890142,0.3514316039847465,0.4140092507312101,0.0006894174695677435,0.008885288048377404,0.006920442844573493,0.05021549118355573,0.013282264472946004,0.017541146234822946,0.013461060502565125,0.02554730848891869,0.09866565814418671,0.09039345320140235
025,2021,83147,52359,WPU0381,good,146.395,11.328365404595573,10.865879121292947,4.986308447938519,-0.013700562484133982,-0.03862626647266865,0.008885288048377404,0.05021549118355573,0.0006894174695677435,0.017541146234822946,0.006920442844573493,0.01888125088657766,0.013282264472946004,0.02887929610165211,0.3514316039847465,0.4140092507312101
025,2022,60737,36833,WPU0381,good,153.934,11.014308346533742,10.51414946145713,5.036523939122075,-0.31405705806183093,-0.35172965983581683,0.05021549118355573,0.017541146234822946,0.008885288048377404,0.01888125088657766,0.0006894174695677435,0.01353827013621789,0.006920442844573493,0.016653555752539496,-0.013700562484133982,-0.03862626647266865
025,2023,59641,36163,WPU0381,good,156.658,10.996098536008393,10.495791775666511,5.054065085356898,-0.018209810525348757,-0.018357685790618916,0.017541146234822946,0.01888125088657766,0.05021549118355573,0.01353827013621789,0.008885288048377404,,0.0006894174695677435,,-0.31405705806183093,-0.35172965983581683
025,2024,62213,37589,WPU0381,good,159.644,11.038319260104576,10.534466733384463,5.072946336243476,0.042220724096182494,0.038674957717951486,0.01888125088657766,0.01353827013621789,0.017541146234822946,,0.05021549118355573,,0.008885288048377404,,-0.018209810525348757,-0.018357685790618916
025,2025,64581,39588,WPU0381,good,161.82,11.075675528862556,10.586281321016582,5.086484606379694,0.03735626875798026,0.05181458763211921,0.01353827013621789,,0.01888125088657766,,0.017541146234822946,,0.05021549118355573,,0.042220724096182494,0.038674957717951486
026,1986,316,162,WPU153201,partial,103.8,5.755742213586912,5.087596335232384,4.642465970731788,,,,0.016244982184333345,,0.022493919347967406,,0.03907812082450768,,0.025939007452269475,,
026,1987,285,170,WPU153201,partial,105.5,5.652489180268651,5.135798437050262,4.658710952916121,-0.10325303331826152,0.04820210181787843,0.016244982184333345,0.022493919347967406,,0.03907812082450768,,0.03330719801776816,,0.03162641273008108,,
026,1988,357,196,WPU153201,partial,107.9,5.877735781779639,5.278114659230517,4.681204872264089,0.22524660151098796,0.14231622218025475,0.022493919347967406,0.03907812082450768,0.016244982184333345,0.03330719801776816,,0.013698844358161821,,0.02869472106681255,-0.10325303331826152,0.04820210181787843
026,1989,329,184,WPU153201,partial,112.2,5.796057750765372,5.214935757608986,4.720282993088596,-0.08167803101426685,-0.06317890162153095,0.03907812082450768,0.03330719801776816,0.022493919347967406,0.013698844358161821,0.016244982184333345,0.01435229363934365,,0.020452778671757876,0.22524660151098796,0.14231622218025475
026,1990,450,275,WPU153201,partial,116.0,6.1092475827643655,5.616771097666572,4.7535901911063645,0.31318983199899364,0.4018353400575858,0.03330719801776816,0.013698844358161821,0.03907812082450768,0.01435229363934365,0.022493919347967406,0.011666798999615757,0.016244982184333345,0.013239312332373743,-0.08167803101426685,-0.06317890162153095
026,1991,484,287,WPU153201,partial,117.6,6.182084906716632,5.659482215759621,4.767289035464526,0.07283732395226661,0.04271111809304973,0.013698844358161821,0.01435229363934365,0.03330719801776816,0.011666798999615757,0.03907812082450768,0.009892908383740462,0.022493919347967406,0.011970667007566622,0.31318983199899364,0.4018353400575858
026,1992,475,247,WPU153201,partial,119.3,6.163314804034641,5.5093883366279774,4.78164132910387,-0.018770102681990863,-0.15009387913164396,0.01435229363934365,0.011666798999615757,0.013698844358161821,0.009892908383740462,0.03330719801776816,0.01627375214787019,0.03907812082450768,0.012611153177075469,0.07283732395226661,0.04271111809304973
026,1993,595,319,WPU153201,partial,120.7,6.38856140554563,5.765191102784844,4.793308128103486,0.22524660151098885,0.2558027661568669,0.011666798999615757,0.009892908383740462,0.01435229363934365,0.01627375214787019,0.013698844358161821,0.019185240721348862,0.03330719801776816,0.015117300417653171,-0.018770102681990863,-0.15009387913164396
026,1994,507,271,WPU153201,partial,121.9,6.2285110035911835,5.602118820879701,4.803201036487226,-0.16005040195444664,-0.16307228190514333,0.009892908383740462,0.01627375214787019,0.011666798999615757,0.019185240721348862,0.01435229363934365,-0.0015847863855711353,0.013698844358161821,0.011291402161215972,0.22524660151098885,0.2558027661568669
026,1995,701,347,WPU153201,partial,123.9,6.55250788703459,5.849324779946859,4.819474788635096,0.3239968834434066,0.24720595906715825,0.01627375214787019,0.019185240721348862,0.009892908383740462,-0.0015847863855711353,0.011666798999615757,-0.008761505668572589,0.01435229363934365,0.0029463162224017125,-0.16005040195444664,-0.16307228190514333
026,1996,717,359,WPU153201,partial,126.3,6.57507584059962,5.883322388488279,4.838660029356445,0.022567953565030052,0.03399760854141931,0.019185240721348862,-0.0015847863855711353,0.01627375214787019,-0.008761505668572589,0.009892908383740462,0.018232768261059462,0.011666798999615757,0.002628825402305246,0.3239968834434066,0.24720595906715825
026,1997,727,351,WPU153201,partial,126.1,6.588926477533519,5.860786223465865,4.837075242970874,0.013850636933899096,-0.02253616502241318,-0.0015847863855711353,-0.008761505668572589,0.019185240721348862,0.018232768261059462,0.01627375214787019,0.012490404381781062,0.009892908383740462,0.007320555658089312,0.022567953565030052,0.03399760854141931
026,1998,778,410,WPU153201,partial,125.0,6.656726524178391,6.016157159698354,4.8283137373023015,0.06780004664487205,0.15537093623248843,-0.008761505668572589,0.018232768261059462,-0.0015847863855711353,0.012490404381781062,0.019185240721348862,-0.0007760962748886158,0.01627375214787019,0.009982358789317303,0.013850636933899096,-0.02253616502241318
026,1999,884,465,WPU153201,partial,127.3,6.784457062637643,6.142037405587356,4.846546505563361,0.12773053845925197,0.12588024588900204,0.018232768261059462,0.012490404381781062,-0.008761505668572589,-0.0007760962748886158,-0.0015847863855711353,0.004647568396547008,0.019185240721348862,0.005453958834479818,0.06780004664487205,0.15537093623248843
026,2000,813,417,WPU153201,partial,128.9,6.70073110954781,6.0330862217988015,4.859036909945142,-0.0837259530898331,-0.1089511837885544,0.012490404381781062,-0.0007760962748886158,0.018232768261059462,0.004647568396547008,-0.008761505668572589,-0.001546790718299107,-0.0015847863855711353,0.0007748938011197618,0.12773053845925197,0.12588024588900204
026,2001,720,350,WPU153201,partial,128.8,6.579251212010101,5.857933154483459,4.858260813670253,-0.12147989753770894,-0.17515306731534253,-0.0007760962748886158,0.004647568396547008,0.012490404381781062,-0.001546790718299107,0.018232768261059462,0.01459879942115272,-0.008761505668572589,0.00589985903313354,-0.0837259530898331,-0.1089511837885544
026,2002,837,423,WPU153201,partial,129.4,6.729824070489475,6.0473721790462776,4.8629083820668,0.15057285847937418,0.18943902456281858,0.004647568396547008,-0.001546790718299107,-0.0007760962748886158,0.01459879942115272,0.012490404381781062,0.024860037319395012,0.018232768261059462,0.012637348674082874,-0.12147989753770894,-0.17515306731534253
026,2003,840,434,WPU153201,partial,129.2,6.733401891837359,6.073044534100405,4.861361591348501,0.0035778213478838694,0.02567235505412757,-0.001546790718299107,0.01459879942115272,0.004647568396547008,0.024860037319395012,-0.0007760962748886158,0.06551460711062695,0.012490404381781062,0.03499114795039156,0.15057285847937418,0.18943902456281858
026,2004,959,528,WPU153201,partial,131.1,6.8658910748834385,6.269096283706261,4.875960390769654,0.13248918304607926,0.19605174960585625,0.01459879942115272,0.024860037319395012,-0.001546790718299107,0.06551460711062695,0.004647568396547008,0.048956070432773835,-0.0007760962748886158,0.046443571620931934,0.0035778213478838694,0.02567235505412757
026,2005,1022,550,WPU153201,partial,134.4,6.92951677076365,6.309918278226516,4.900820428089049,0.06362569588021127,0.04082199452025481,0.024860037319395012,0.06551460711062695,0.01459879942115272,0.048956070432773835,-0.001546790718299107,0.05675281659244913,0.004647568396547008,0.057074498045283306,0.13248918304607926,0.19605174960585625
026,2006,1114,572,WPU153201,partial,143.5,7.01571242048723,6.349138991379798,4.966335035199676,0.08619564972357985,0.03922071315328157,0.06551460711062695,0.048956070432773835,0.024860037319395012,0.05675281659244913,0.01459879942115272,0.0435518075078436,-0.001546790718299107,0.049753564844355516,0.06362569588021127,0.04082199452025481
026,2007,1265,690,WPU153201,partial,150.7,7.142827401161621,6.536691597591305,5.01529110563245,0.1271149806743912,0.18755260621150693,0.048956070432773835,0.05675281659244913,0.06551460711062695,0.0435518075078436,0.024860037319395012,0.03247997348475096,0.01459879942115272,0.04426153252834789,0.08619564972357985,0.03922071315328157
026,2008,1204,661,WPU153201,partial,159.5,7.093404625868766,6.493753839851686,5.072043922224899,-0.04942277529285466,-0.04293775773961883,0.05675281659244913,0.0435518075078436,0.048956070432773835,0.03247997348475096,0.06551460711062695,0.11823486719545695,0.024860037319395012,0.06475554939601716,0.1271149806743912,0.18755260621150693
026,2009,1112,583,WPU153201,partial,166.6,7.013915474810528,6.368187186350492,5.115595729732743,-0.0794891510582385,-0.12556665350119367,0.0435518075078436,0.03247997348475096,0.05675281659244913,0.11823486719545695,0.048956070432773835,0.011293754537544665,0.06551460711062695,0.054002865072584186,-0.04942277529285466,-0.04293775773961883
026,2010,1262,656,WPU153201,partial,172.1,7.140453043101158,6.486160788944089,5.1480757032174935,0.12653756829063045,0.11797360259359646,0.03247997348475096,0.11823486719545695,0.0435518075078436,0.011293754537544665,0.05675281659244913,0.008640460363272595,0.048956070432773835,0.04605636069875807,-0.0794891510582385,-0.12556665350119367
026,2011,1392,697,WPU153201,partial,193.7,7.238496840894365,6.546785410760524,5.2663105704129505,0.09804379779320715,0.060624621816435464,0.11823486719545695,0.011293754537544665,0.03247997348475096,0.008640460363272595,0.0435518075078436,0.034323190169089024,0.05675281659244913,0.01808580168996876,0.12653756829063045,0.11797360259359646
026,2012,1388,742,WPU153201,partial,195.9,7.23561914106675,6.60934924316738,5.277604324950495,-0.00287769982761521,0.06256383240685626,0.011293754537544665,0.008640460363272595,0.11823486719545695,0.034323190169089024,0.03247997348475096,0.012150817782512036,0.0435518075078436,0.018371489438291217,0.09804379779320715,0.060624621816435464
026,2013,1471,781,WPU153201,partial,197.6,7.293697720601438,6.660575149839686,5.286244785313768,0.05807857953468787,0.051225906672305754,0.008640460363272595,0.034323190169089024,0.011293754537544665,0.012150817782512036,0.11823486719545695,0.0057803629154999925,0.03247997348475096,0.017418123622367016,-0.00287769982761521,0.06256383240685626
026,2014,1462,844,WPU153201,partial,204.5,7.2875606403097235,6.738152494595957,5.320567975482857,-0.006137080291714447,0.07757734475627132,0.034323190169089024,0.012150817782512036,0.008640460363272595,0.0057803629154999925,0.011293754537544665,0.021853601286620616,0.11823486719545695,0.013261593994877547,0.05807857953468787,0.051225906672305754
026,2015,1915,1122,WPU153201,partial,207.0,7.557472901614746,7.022868086082641,5.332718793265369,0.26991226130502266,0.2847155914866839,0.012150817782512036,0.0057803629154999925,0.034323190169089024,0.021853601286620616,0.008640460363272595,0.007956980900582167,0.011293754537544665,0.011863648367567592,-0.006137080291714447,0.07757734475627132
026,2016,2416,1558,WPU153201,partial,208.2,7.789868559054706,7.351158226430694,5.338499156180869,0.2323956574399597,0.32829014034805226,0.0057803629154999925,0.021853601286620616,0.012150817782512036,0.007956980900582167,0.034323190169089024,0.007431525144768969,0.008640460363272595,0.012414035777323917,0.26991226130502266,0.2847155914866839
026,2017,3693,2366,WPU153201,partial,212.8,8.214194414852564,7.768956044538332,5.360352757467489,0.424325855797858,0.4177978181076387,0.021853601286620616,0.007956980900582167,0.0057803629154999925,0.007431525144768969,0.012150817782512036,0.010586980357909503,0.034323190169089024,0.008658495467753546,0.2323956574399597,0.32829014034805226
026,2018,3039,1968,WPU153201,partial,214.5,8.019283792916793,7.584773077612199,5.368309738368072,-0.19491062193577058,-0.18418296692613367,0.007956980900582167,0.007431525144768969,0.021853601286620616,0.010586980357909503,0.0057803629154999925,0.05083325268715644,0.012150817782512036,0.0229505860632783,0.424325855797858,0.4177978181076387
026,2019,3983,2523,WPU153201,partial,216.1,8.289790583181643,7.833203948641057,5.3757412635128405,0.27050679026485014,0.24843087102885875,0.007431525144768969,0.010586980357909503,0.007956980900582167,0.05083325268715644,0.021853601286620616,0.11009191660677597,0.0057803629154999925,0.05717071655061397,-0.19491062193577058,-0.18418296692613367
026,2020,6211,4692,WPU153201,partial,218.4,8.734077192559303,8.453614209773367,5.38632824387075,0.4442866093776594,0.6204102611323092,0.010586980357909503,0.05083325268715644,0.007431525144768969,0.11009191660677597,0.007956980900582167,0.04232959716648832,0.021853601286620616,0.06775158882014023,0.27050679026485014,0.24843087102885875
026,2021,7473,5532,WPU153201,partial,229.789,8.91905180393029,8.61830469278465,5.4371614965579065,0.18497461137098803,0.16469048301128275,0.05083325268715644,0.11009191660677597,0.010586980357909503,0.04232959716648832,0.007431525144768969,0.03149878292248509,0.007956980900582167,0.06130676556524979,0.4442866093776594,0.6204102611323092
026,2022,5229,3795,WPU153201,partial,256.532,8.56197533418813,8.24143968982973,5.5472534131646825,-0.3570764697421609,-0.37686500295491854,0.11009191660677597,0.04232959716648832,0.05083325268715644,0.03149878292248509,0.010586980357909503,,0.007431525144768969,,0.18497461137098803,0.16469048301128275
026,2023,5252,3704,WPU153201,partial,267.624,8.566364235422688,8.21716859576607,5.589583010331171,0.004388901234557707,-0.02427109406366057,0.04232959716648832,0.03149878292248509,0.11009191660677597,,0.05083325268715644,,0.010586980357909503,,-0.3570764697421609,-0.37686500295491854
026,2024,6781,4616,WPU153201,partial,276.188,8.821879862683842,8.437283808187935,5.621081793253656,0.25551562726115407,0.22011521242186483,0.03149878292248509,,0.04232959716648832,,0.11009191660677597,,0.05083325268715644,,0.004388901234557707,-0.02427109406366057
027,1980,259,83,WPU1231,good,89.0,5.556828061699537,4.418840607796598,4.48863636973214,,,,0.1044612350216827,,0.012072581234269464,,0.0217614917815121,,0.04609843601248809,,
027,1981,317,128,WPU1231,good,98.8,5.75890177387728,4.852030263919617,4.593097604753822,0.20207371217774295,0.43318965612301863,0.1044612350216827,0.012072581234269464,,0.0217614917815121,,0.02988174137032562,,0.02123860479536906,,
027,1982,363,146,WPU1231,good,100.0,5.8944028342648505,4.983606621708336,4.605170185988092,0.13550106038757015,0.13157635778871946,0.012072581234269464,0.0217614917815121,0.1044612350216827,0.02988174137032562,,-0.009542057133202775,,0.014033725339544981,0.20207371217774295,0.43318965612301863
027,1983,262,90,WPU1231,good,102.2,5.568344503761097,4.499809670330265,4.626931677769604,-0.3260583305037539,-0.4837969513780713,0.0217614917815121,0.02988174137032562,0.012072581234269464,-0.009542057133202775,0.1044612350216827,0.02555747245517903,,0.015299052230767291,0.13550106038757015,0.13157635778871946
027,1984,294,98,WPU1231,good,105.3,5.683579767338681,4.584967478670572,4.6568134191399295,0.11523526357758485,0.08515780834030728,0.02988174137032562,-0.009542057133202775,0.0217614917815121,0.02555747245517903,0.012072581234269464,0.02126756072058722,0.1044612350216827,0.012427658680854492,-0.3260583305037539,-0.4837969513780713
027,1985,397,150,WPU1231,good,104.3,5.983936280687191,5.0106352940962555,4.647271362006727,0.3003565133485093,0.4256678154256832,-0.009542057133202775,0.02555747245517903,0.02988174137032562,0.02126756072058722,0.0217614917815121,0.03240607597312373,0.012072581234269464,0.026410369716296657,0.11523526357758485,0.08515780834030728
027,1986,313,105,WPU1231,good,107.0,5.746203190540153,4.653960350157523,4.672828834461906,-0.2377330901470378,-0.35667494393873245,0.02555747245517903,0.02126756072058722,-0.009542057133202775,0.03240607597312373,0.02988174137032562,0.022768058806231117,0.0217614917815121,0.025480565166647352,0.3003565133485093,0.4256678154256832
027,1987,296,114,WPU1231,good,109.3,5.69035945432406,4.736198448394496,4.694096395182493,-0.05584373621609284,0.08223809823697259,0.02126756072058722,0.03240607597312373,0.02555747245517903,0.022768058806231117,-0.009542057133202775,0.01290340483590846,0.02988174137032562,0.022692513205087767,-0.2377330901470378,-0.35667494393873245
027,1988,317,123,WPU1231,good,112.9,5.75890177387728,4.812184355372417,4.726502471155617,0.06854231955322021,0.0759859069779214,0.03240607597312373,0.022768058806231117,0.02126756072058722,0.01290340483590846,0.02555747245517903,0.005965079468475132,-0.009542057133202775,0.013878847703538236,-0.05584373621609284,0.08223809823697259
027,1989,332,132,WPU1231,good,115.5,5.805134968916488,4.882801922586371,4.749270529961848,0.046233195039207864,0.07061756721395351,0.022768058806231117,0.01290340483590846,0.03240607597312373,0.005965079468475132,0.02126756072058722,-0.0025521068722351714,0.02555747245517903,0.0054387924773828065,0.06854231955322021,0.0759859069779214
027,1990,502,199,WPU1231,good,117.0,6.218600119691729,5.293304824724492,4.762173934797756,0.4134651507752407,0.4105029021381217,0.01290340483590846,0.005965079468475132,0.022768058806231117,-0.0025521068722351714,0.03240607597312373,-0.0059803681014862775,0.02126756072058722,-0.0008557985017487724,0.046233195039207864,0.07061756721395351
027,1991,427,157,WPU1231,good,117.7,6.056784013228625,5.056245805348308,4.768139014266231,-0.16181610646310407,-0.23705901937618457,0.005965079468475132,-0.0025521068722351714,0.01290340483590846,-0.0059803681014862775,0.022768058806231117,0.011925183910806325,0.03240607597312373,0.001130902979028292,0.4134651507752407,0.4105029021381217
027,1992,471,149,WPU1231,good,117.4,6.154858094016418,5.003946305945459,4.765586907393996,0.0980740807877929,-0.052299499402848504,-0.0025521068722351714,-0.0059803681014862775,0.005965079468475132,0.011925183910806325,0.01290340483590846,0.014291962478032438,0.022768058806231117,0.006745592762450828,-0.16181610646310407,-0.23705901937618457
027,1993,591,182,WPU1231,good,116.7,6.3818160174060985,5.204006687076795,4.75960653929251,0.2269579233896808,0.20006038113133595,-0.0059803681014862775,0.011925183910806325,-0.0025521068722351714,0.014291962478032438,0.005965079468475132,0.01983536105614636,0.01290340483590846,0.01535083581499504,0.0980740807877929,-0.052299499402848504
027,1994,506,184,WPU1231,good,118.1,6.226536669287466,5.214935757608986,4.771531723203316,-0.15527934811863275,0.010929070532190721,0.011925183910806325,0.014291962478032438,-0.0059803681014862775,0.01983536105614636,-0.0025521068722351714,0.011391498286095647,0.005965079468475132,0.015172940606758148,0.2269579233896808,0.20006038113133595
027,1995,645,211,WPU1231,good,119.8,6.4692503167957724,5.351858133476067,4.785823685681349,0.2427136475083067,0.13692237586708078,0.014291962478032438,0.01983536105614636,0.011925183910806325,0.011391498286095647,-0.0059803681014862775,0.003231020581446309,-0.0025521068722351714,0.011485959974562771,-0.15527934811863275,0.010929070532190721
027,1996,554,194,WPU1231,good,122.2,6.317164686747284,5.267858159063328,4.805659046737495,-0.15208563004848852,-0.08399997441273843,0.01983536105614636,0.011391498286095647,0.014291962478032438,0.003231020581446309,0.011925183910806325,-0.012170535620255052,-0.0059803681014862775,0.0008173277490956347,0.2427136475083067,0.13692237586708078
027,1997,630,206,WPU1231,good,123.6,6.4457198193855785,5.327876168789581,4.817050545023591,0.12855513263829454,0.06001800972625304,0.011391498286095647,0.003231020581446309,0.01983536105614636,-0.012170535620255052,0.014291962478032438,0.021002387488083585,0.011925183910806325,0.004020957483091614,-0.15208563004848852,-0.08399997441273843
027,1998,769,275,WPU1231,good,124.0,6.645090969505644,5.616771097666572,4.820281565605037,0.1993711501200659,0.2888949288769904,0.003231020581446309,-0.012170535620255052,0.011391498286095647,0.021002387488083585,0.01983536105614636,0.009546611883579637,0.014291962478032438,0.006126154583802723,0.12855513263829454,0.06001800972625304
027,1999,865,298,WPU1231,good,122.5,6.762729506931879,5.697093486505405,4.808111029984782,0.11763853742623454,0.08032238883883291,-0.012170535620255052,0.021002387488083585,0.003231020581446309,0.009546611883579637,0.011391498286095647,0.0015822788111297115,0.01983536105614636,0.010710426060930978,0.1993711501200659,0.2888949288769904
027,2000,808,318,WPU1231,good,125.1,6.694562058521095,5.762051382780177,4.829113417472866,-0.06816744841078393,0.06495789627477233,0.021002387488083585,0.009546611883579637,-0.012170535620255052,0.0015822788111297115,0.003231020581446309,0.025752496102414923,0.011391498286095647,0.012293795599041424,0.11763853742623454,0.08032238883883291
027,2001,732,239,WPU1231,good,126.3,6.595780513961311,5.476463551931511,4.838660029356445,-0.09878154455978372,-0.2855878308486659,0.009546611883579637,0.0015822788111297115,0.021002387488083585,0.025752496102414923,-0.012170535620255052,0.024354323951763845,0.003231020581446309,0.01722969962176949,-0.06816744841078393,0.06495789627477233
027,2002,805,308,WPU1231,good,126.5,6.690842277418564,5.730099782973574,4.840242308167575,0.09506176345725237,0.253636231042063,0.0015822788111297115,0.025752496102414923,0.009546611883579637,0.024354323951763845,0.021002387488083585,0.07319455834065103,-0.012170535620255052,0.04110045946494326,-0.09878154455978372,-0.2855878308486659
027,2003,841,347,WPU1231,good,129.8,6.734591659972948,5.849324779946859,4.86599480426999,0.04374938255438465,0.11922499697328526,0.025752496102414923,0.024354323951763845,0.0015822788111297115,0.07319455834065103,0.009546611883579637,0.05770178664586645,0.021002387488083585,0.05175022297942711,0.09506176345725237,0.253636231042063
027,2004,851,344,WPU1231,good,133.0,6.7464121285733745,5.840641657373398,4.890349128221754,0.011820468600426182,-0.008683122573461155,0.024354323951763845,0.07319455834065103,0.025752496102414923,0.05770178664586645,0.0015822788111297115,0.011803415724884303,0.009546611883579637,0.04756658690380059,0.04374938255438465,0.11922499697328526
027,2005,920,392,WPU1231,good,143.1,6.824373670043086,5.971261839790462,4.963543686562405,0.0779615414697119,0.13062018241706408,0.07319455834065103,0.05770178664586645,0.024354323951763845,0.011803415724884303,0.025752496102414923,0.020007121047052046,0.0015822788111297115,0.029837441139267597,0.011820468600426182,-0.008683122573461155
027,2006,958,404,WPU1231,good,151.6,6.86484777797086,6.0014148779611505,5.021245473208271,0.04047410792777395,0.030153038170688262,0.05770178664586645,0.011803415724884303,0.07319455834065103,0.020007121047052046,0.024354323951763845,0.04375698035710052,0.025752496102414923,0.02518917237634562,0.0779615414697119,0.13062018241706408
027,2007,1005,366,WPU1231,good,153.4,6.912742820493176,5.902633333401366,5.0330488889331555,0.04789504252231591,-0.0987815445597846,0.011803415724884303,0.020007121047052046,0.05770178664586645,0.04375698035710052,0.07319455834065103,0.008526239228245025,0.024354323951763845,0.024096780210799196,0.04047410792777395,0.030153038170688262
027,2008,1054,415,WPU1231,good,156.5,6.960347729101308,6.028278520230698,5.0530560099802075,0.0476049086081316,0.125645186829332,0.020007121047052046,0.04375698035710052,0.011803415724884303,0.008526239228245025,0.05770178664586645,0.03690895133259442,0.07319455834065103,0.029730723639313318,0.04789504252231591,-0.0987815445597846
027,2009,828,320,WPU1231,good,163.5,6.71901315438526,5.768320995793772,5.096812990337308,-0.24133457471604824,-0.2599575244369259,0.04375698035710052,0.008526239228245025,0.020007121047052046,0.03690895133259442,0.011803415724884303,0.02082203624186363,0.05770178664586645,0.02208574226756769,0.0476049086081316,0.125645186829332
027,2010,870,304,WPU1231,good,164.9,6.76849321164863,5.717027701406222,5.105339229565553,0.049480057263370014,-0.05129329438755015,0.008526239228245025,0.03690895133259442,0.04375698035710052,0.02082203624186363,0.020007121047052046,0.0057077780530399025,0.011803415724884303,0.021146255209165982,-0.24133457471604824,-0.2599575244369259
027,2011,952,344,WPU1231,good,171.1,6.858565034791365,5.840641657373398,5.1422481808981475,0.09007182314273532,0.12361395596717628,0.03690895133259442,0.02082203624186363,0.008526239228245025,0.0057077780530399025,0.04375698035710052,0.024178855697159385,0.020007121047052046,0.016902889997354304,0.049480057263370014,-0.05129329438755015
027,2012,900,350,WPU1231,good,174.7,6.802394763324311,5.857933154483459,5.163070217140011,-0.056170271467054,0.01729149711006084,0.02082203624186363,0.0057077780530399025,0.03690895133259442,0.024178855697159385,0.008526239228245025,0.00719626687059538,0.04375698035710052,0.012360966873598223,0.09007182314273532,0.12361395596717628
027,2013,1047,398,WPU1231,good,175.7,6.953684210870537,5.986452005284438,5.168777995193051,0.15128944754622609,0.1285188508009787,0.0057077780530399025,0.024178855697159385,0.02082203624186363,0.00719626687059538,0.03690895133259442,-0.0011037528714377132,0.008526239228245025,0.010090456565439016,-0.056170271467054,0.01729149711006084
027,2014,1002,341,WPU1231,good,180.0,6.90975328164481,5.831882477283517,5.19295685089021,-0.043930929225727056,-0.15456952800092072,0.024178855697159385,0.00719626687059538,0.0057077780530399025,-0.0011037528714377132,0.02082203624186363,0.0033076105127571864,0.03690895133259442,0.003133374837304951,0.15128944754622609,0.1285188508009787
027,2015,1235,509,WPU1231,good,181.3,7.118826249062078,6.2324480165505225,5.200153117760806,0.209072967417268,0.40056553926700555,0.00719626687059538,-0.0011037528714377132,0.024178855697159385,0.0033076105127571864,0.0057077780530399025,0.045719174709164534,0.02082203624186363,0.015974344116828,-0.043930929225727056,-0.15456952800092072
027,2016,1455,577,WPU1231,good,181.1,7.282761179605593,6.3578422665081,5.199049364889368,0.16393493054351538,0.1253942499575773,-0.0011037528714377132,0.0033076105127571864,0.00719626687059538,0.045719174709164534,0.024178855697159385,0.014614038793595796,0.0057077780530399025,0.021213608005172503,0.209072967417268,0.40056553926700555
027,2017,2087,985,WPU1231,good,181.7,7.643482907077201,6.892641641172089,5.202356975402125,0.36072172747160725,0.5347993746639892,0.0033076105127571864,0.045719174709164534,-0.0011037528714377132,0.014614038793595796,0.00719626687059538,-0.005715785891231562,0.024178855697159385,0.01820580920384292,0.16393493054351538,0.1253942499575773
027,2018,2130,1049,WPU1231,good,190.2,7.6638772587034705,6.955592608396297,5.24807615011129,0.020394351626269902,0.06295096722420812,0.045719174709164534,0.014614038793595796,0.0033076105127571864,-0.005715785891231562,-0.0011037528714377132,0.035324891208819764,0.00719626687059538,0.014741048037061333,0.36072172747160725,0.5347993746639892
027,2019,2503,1265,WPU1231,good,193.0,7.8252452914317745,7.142827401161621,5.262690188904886,0.16136803272830402,0.18723479276532373,0.014614038793595796,-0.005715785891231562,0.045719174709164534,0.035324891208819764,0.0033076105127571864,0.020275944072262853,-0.0011037528714377132,0.016628349796617016,0.020394351626269902,0.06295096722420812
027,2020,3707,2472,WPU1231,good,191.9,8.217978203150732,7.812782818577581,5.256974403013654,0.39273291171895774,0.6699554174159603,-0.005715785891231562,0.035324891208819764,0.014614038793595796,0.020275944072262853,0.045719174709164534,0.019418654612683994,0.0033076105127571864,0.025006496631255537,0.16136803272830402,0.18723479276532373
027,2021,4449,2814,WPU1231,good,198.8,8.400434630806041,7.942362237674335,5.292299294222474,0.18245642765530867,0.1295794190967534,0.035324891208819764,0.020275944072262853,-0.005715785891231562,0.019418654612683994,0.014614038793595796,0.006048867113666034,0.045719174709164534,0.01524782193287096,0.39273291171895774,0.6699554174159603
027,2022,2972,1906,WPU1231,good,202.872,7.99699040583765,7.552762084214147,5.312575238294737,-0.40344422496839094,-0.3896001534601874,0.020275944072262853,0.019418654612683994,0.035324891208819764,0.006048867113666034,-0.005715785891231562,0.012862312801851239,0.014614038793595796,0.012776611509400421,0.18245642765530867,0.1295794190967534
027,2023,3097,2100,WPU1231,good,206.85,8.038189179973203,7.649692623711514,5.331993892907421,0.041198774135553506,0.09693053949736719,0.019418654612683994,0.006048867113666034,0.020275944072262853,0.012862312801851239,0.035324891208819764,,-0.005715785891231562,,-0.40344422496839094,-0.3896001534601874
027,2024,3428,2254,WPU1231,good,208.105,8.13973227971767,7.720461694599722,5.338042760021087,0.1015430997444664,0.07076907088820761,0.006048867113666034,0.012862312801851239,0.019418654612683994,,0.020275944072262853,,0.035324891208819764,,0.041198774135553506,0.09693053949736719
027,2025,2835,1814,WPU1231,good,210.799,7.949797216161852,7.503289630675082,5.350905072822938,-0.18993506355581768,-0.2171720639246404,0.012862312801851239,,0.006048867113666034,,0.019418654612683994,,0.020275944072262853,,0.1015430997444664,0.07076907088820761
028,1986,3417,1384,PCU339920339920,partial,101.4,8.136518252115291,7.232733136177615,4.619073091157083,,,,0.01953187091724562,,0.030478549657415144,,0.03683657735649071,,0.028948999310383822,,
028,1987,3702,1540,PCU339920339920,partial,103.4,8.216628493133443,7.3395376954076745,4.638604962074329,0.08011024101815245,0.10680455923005994,0.01953187091724562,0.030478549657415144,,0.03683657735649071,,0.031155167779795434,,0.032823431597900424,,
028,1988,3497,1569,PCU339920339920,partial,106.6,8.159660737063376,7.358193752733032,4.669083511731744,-0.05696775607006721,0.0186560573253578,0.030478549657415144,0.03683657735649071,0.01953187091724562,0.031155167779795434,,0.023387813526096757,,0.030459852887460965,0.08011024101815245,0.10680455923005994
028,1989,4377,1750,PCU339920339920,partial,110.6,8.384118837190895,7.4673710669175595,4.7059200890882344,0.224458100127519,0.10917731418452714,0.03683657735649071,0.031155167779795434,0.030478549657415144,0.023387813526096757,0.01953187091724562,0.023689771122405112,,0.026077584142765765,-0.05696775607006721,0.0186560573253578
028,1990,6299,2555,PCU339920339920,partial,114.1,8.74814616962193,7.845807502637805,4.73707525686803,0.3640273324310339,0.37843643572024543,0.031155167779795434,0.023387813526096757,0.03683657735649071,0.023689771122405112,0.030478549657415144,0.005835781464101686,0.01953187091724562,0.017637788704201185,0.224458100127519,0.10917731418452714
028,1991,6185,2348,PCU339920339920,partial,116.8,8.729882284826589,7.761319180947987,4.760463070394127,-0.018263884795340246,-0.08448832168981824,0.023387813526096757,0.023689771122405112,0.031155167779795434,0.005835781464101686,0.03683657735649071,0.014032421752623314,0.030478549657415144,0.014519324779710036,0.3640273324310339,0.37843643572024543
028,1992,6911,2360,PCU339920339920,partial,119.6,8.840869624091395,7.7664168980196555,4.784152841516532,0.1109873392648062,0.005097717071668839,0.023689771122405112,0.005835781464101686,0.023387813526096757,0.014032421752623314,0.031155167779795434,0.013029500290334006,0.03683657735649071,0.010965901169019668,-0.018263884795340246,-0.08448832168981824
028,1993,8170,2883,PCU339920339920,partial,120.3,9.008224187854049,7.9665866976384025,4.789988622980633,0.1673545637626539,0.20016979961874704,0.005835781464101686,0.014032421752623314,0.023689771122405112,0.013029500290334006,0.023387813526096757,0.013660316878431722,0.031155167779795434,0.013574079640463014,0.1109873392648062,0.005097717071668839
028,1994,8728,2815,PCU339920339920,partial,122.0,9.074291527512907,7.942717540573791,4.804021044733257,0.0660673396588578,-0.023869157064611457,0.014032421752623314,0.013029500290334006,0.005835781464101686,0.013660316878431722,0.023689771122405112,0.017405502696458797,0.023387813526096757,0.014698439955074841,0.1673545637626539,0.20016979961874704
028,1995,9710,3307,PCU339920339920,partial,123.6,9.18091156128537,8.103796712981794,4.817050545023591,0.10662003377246343,0.1610791724080025,0.013029500290334006,0.013660316878431722,0.014032421752623314,0.017405502696458797,0.005835781464101686,0.011696039763190669,0.023689771122405112,0.014253953112693729,0.0660673396588578,-0.023869157064611457
028,1996,9886,3220,PCU339920339920,partial,125.3,9.198874893866904,8.077136638538454,4.8307108619020225,0.01796333258153382,-0.026660074443340065,0.013660316878431722,0.017405502696458797,0.013029500290334006,0.011696039763190669,0.014032421752623314,-0.0015515906914185251,0.005835781464101686,0.009183317256076979,0.10662003377246343,0.1610791724080025
028,1997,9737,3263,PCU339920339920,partial,127.5,9.183688340978756,8.09040229659332,4.848116364598481,-0.01518655288814763,0.013265658054866236,0.017405502696458797,0.011696039763190669,0.013660316878431722,-0.0015515906914185251,0.013029500290334006,-0.007012105085456355,0.014032421752623314,0.0010441146621052628,0.01796333258153382,-0.026660074443340065
028,1998,10011,3325,PCU339920339920,partial,129.0,9.211439767419483,8.109224953089955,4.859812404361672,0.02775142644072659,0.01882265649663495,0.011696039763190669,-0.0015515906914185251,0.017405502696458797,-0.007012105085456355,0.013660316878431722,-0.0007821666413629913,0.013029500290334006,-0.003115287472745957,-0.01518655288814763,0.013265658054866236
028,1999,11537,3971,PCU339920339920,partial,128.8,9.35331454092729,8.286773231131251,4.858260813670253,0.14187477350780675,0.17754827804129647,-0.0015515906914185251,-0.007012105085456355,0.011696039763190669,-0.0007821666413629913,0.017405502696458797,-0.010224233775859126,0.013660316878431722,-0.006006168500892824,0.02775142644072659,0.01882265649663495
028,2000,10919,3756,PCU339920339920,partial,127.9,9.298259670014065,8.231109840328154,4.851248708584797,-0.05505487091322436,-0.05566339080309746,-0.007012105085456355,-0.0007821666413629913,-0.0015515906914185251,-0.010224233775859126,0.011696039763190669,-0.011128890694709348,0.017405502696458797,-0.007378430370643821,0.14187477350780675,0.17754827804129647
028,2001,11231,3030,PCU339920339920,partial,127.8,9.326433090963036,8.016317898503415,4.850466541943434,0.028173420948970573,-0.21479194182473904,-0.0007821666413629913,-0.010224233775859126,-0.007012105085456355,-0.011128890694709348,-0.0015515906914185251,-0.008831851867828533,0.011696039763190669,-0.010061658779465668,-0.05505487091322436,-0.05566339080309746
028,2002,9771,3301,PCU339920339920,partial,126.5,9.187174093944343,8.101980731853192,4.840242308167575,-0.13925899701869326,0.08566283334977776,-0.010224233775859126,-0.011128890694709348,-0.0007821666413629913,-0.008831851867828533,-0.007012105085456355,0.007231851526494637,-0.0015515906914185251,-0.004242963678681081,0.028173420948970573,-0.21479194182473904
028,2003,10419,3525,PCU339920339920,partial,125.1,9.251386341412184,8.16763571524637,4.829113417472866,0.06421224746784127,0.06565498339317699,-0.011128890694709348,-0.008831851867828533,-0.010224233775859126,0.007231851526494637,-0.0007821666413629913,0.015097624871593496,-0.007012105085456355,0.0044992081767532,-0.13925899701869326,0.08566283334977776
028,2004,11648,3774,PCU339920339920,partial,124.0,9.362889770436468,8.235890725928495,4.820281565605037,0.11150342902428356,0.06825501068212603,-0.008831851867828533,0.007231851526494637,-0.011128890694709348,0.015097624871593496,-0.010224233775859126,0.03791556674611041,-0.0007821666413629913,0.02008168104806618,0.06421224746784127,0.06565498339317699
028,2005,11309,4020,PCU339920339920,partial,124.9,9.333354147871328,8.299037181613066,4.827513417131532,-0.029535622565139974,0.06314645568457067,0.007231851526494637,0.015097624871593496,-0.008831851867828533,0.03791556674611041,-0.011128890694709348,-0.01299215829365341,-0.010224233775859126,0.013340344441350164,0.11150342902428356,0.06825501068212603
028,2006,10541,3925,PCU339920339920,partial,126.8,9.26302769425519,8.275121630216509,4.842611042003125,-0.0703264536161381,-0.023915551396557433,0.015097624871593496,0.03791556674611041,0.007231851526494637,-0.01299215829365341,-0.008831851867828533,0.019048194970694432,-0.011128890694709348,0.014657201141050475,-0.029535622565139974,0.06314645568457067
028,2007,11372,4219,PCU339920339920,partial,131.7,9.33890947277089,8.347353412124338,4.880526608749236,0.07588177851570066,0.07223178190782953,0.03791556674611041,-0.01299215829365341,0.015097624871593496,0.019048194970694432,0.007231851526494637,0.008267615676269102,-0.008831851867828533,0.004774550784436707,-0.0703264536161381,-0.023915551396557433
028,2008,10456,3953,PCU339920339920,partial,130.0,9.254931255304058,8.282230063296685,4.867534450455582,-0.0839782174668322,-0.0651233488276528,-0.01299215829365341,0.019048194970694432,0.03791556674611041,0.008267615676269102,0.015097624871593496,-0.010534333684959485,0.007231851526494637,0.00559382565400135,0.07588177851570066,0.07223178190782953
028,2009,9458,3583,PCU339920339920,partial,132.5,9.15461622320382,8.183955717304954,4.886582645426277,-0.10031503210023729,-0.09827434599173124,0.019048194970694432,0.008267615676269102,-0.01299215829365341,-0.010534333684959485,0.03791556674611041,0.017991489793041104,0.015097624871593496,0.005241590594783574,-0.0839782174668322,-0.0651233488276528
028,2010,9941,3782,PCU339920339920,partial,133.6,9.204422898212146,8.238008249218403,4.894850261102546,0.04980667500832503,0.05405253191344883,0.008267615676269102,-0.010534333684959485,0.019048194970694432,0.017991489793041104,-0.01299215829365341,0.014749529926062266,0.03791556674611041,0.007402228678047962,-0.10031503210023729,-0.09827434599173124
028,2011,10472,3984,PCU339920339920,partial,132.2,9.256460307589736,8.290041618704489,4.884315927417586,0.05203740937758994,0.052033369486085945,-0.010534333684959485,0.017991489793041104,0.008267615676269102,0.014749529926062266,0.019048194970694432,0.03382834255379219,-0.01299215829365341,0.02218978742429852,0.04980667500832503,0.05405253191344883
028,2012,11671,4253,PCU339920339920,partial,134.6,9.364862411412354,8.355379895253634,4.902307417210627,0.10840210382261795,0.06533827654914504,0.017991489793041104,0.014749529926062266,-0.010534333684959485,0.03382834255379219,0.008267615676269102,0.017538155596464655,0.019048194970694432,0.022038676025439703,0.05203740937758994,0.052033369486085945
028,2013,11725,4243,PCU339920339920,partial,136.6,9.36947859331448,8.353025845202325,4.91705694713669,0.00461618190212576,-0.0023540500513092866,0.014749529926062266,0.03382834255379219,0.017991489793041104,0.017538155596464655,-0.010534333684959485,0.011065119812472268,0.008267615676269102,0.020810539320909704,0.10840210382261795,0.06533827654914504
028,2014,11968,4305,PCU339920339920,partial,141.3,9.389991700214258,8.367532416861831,4.950885289690482,0.020513106899779032,0.014506571659506307,0.03382834255379219,0.017538155596464655,0.014749529926062266,0.011065119812472268,0.017991489793041104,-0.013850636933899096,-0.010534333684959485,0.004917546158345942,0.00461618190212576,-0.0023540500513092866
028,2015,13103,5408,PCU339920339920,partial,143.8,9.480596490604585,8.5956346177228,4.9684234452869465,0.09060479039032643,0.22810220086096855,0.017538155596464655,0.011065119812472268,0.03382834255379219,-0.013850636933899096,0.014749529926062266,0.010405921161116716,0.017991489793041104,0.002540134679896629,0.020513106899779032,0.014506571659506307
028,2016,14669,6309,PCU339920339920,partial,145.4,9.593491702487762,8.74973246437081,4.979488565099419,0.11289521188317764,0.15409784664801052,0.011065119812472268,-0.013850636933899096,0.017538155596464655,0.010405921161116716,0.03382834255379219,0.033924555781915444,0.014749529926062266,0.01015994666971102,0.09060479039032643,0.22810220086096855
028,2017,18300,8683,PCU339920339920,partial,143.4,9.814656338829513,9.069122370060645,4.96563792816552,0.22116463634175076,0.3193899056898353,-0.013850636933899096,0.010405921161116716,0.011065119812472268,0.033924555781915444,0.017538155596464655,0.02177585219793876,0.03382834255379219,0.022035443046990306,0.11289521188317764,0.15409784664801052
028,2018,18395,8835,PCU339920339920,partial,144.9,9.819834167538875,9.086476384753796,4.976043849326636,0.005177828709362231,0.017354014693150788,0.010405921161116716,0.033924555781915444,-0.013850636933899096,0.02177585219793876,0.011065119812472268,0.024450591329533644,0.017538155596464655,0.026716999769795947,0.22116463634175076,0.3193899056898353
028,2019,20146,10055,PCU339920339920,partial,149.9,9.910761036502626,9.215825302206753,5.009968405108552,0.09092686896375035,0.1293489174529565,0.033924555781915444,0.02177585219793876,0.010405921161116716,0.024450591329533644,-0.013850636933899096,0.060186886639223225,0.011065119812472268,0.035471110055565205,0.005177828709362231,0.017354014693150788
028,2020,35431,22270,PCU339920339920,partial,153.2,10.47534242212957,10.010995760251413,5.0317442573064906,0.5645813856269442,0.7951704580446606,0.02177585219793876,0.024450591329533644,0.033924555781915444,0.060186886639223225,0.010405921161116716,0.025322756062085006,-0.013850636933899096,0.036653411343613954,0.09092686896375035,0.1293489174529565
028,2021,36601,22814,PCU339920339920,partial,156.992,10.50783084142058,10.035129661587844,5.056194848636024,0.03248841929100976,0.02413390133643034,0.024450591329533644,0.060186886639223225,0.02177585219793876,0.025322756062085006,0.033924555781915444,0.021897925315658817,0.010405921161116716,0.03580252267232235,0.5645813856269442,0.7951704580446606
028,2022,27293,15527,PCU339920339920,partial,166.731,10.214385538037911,9.65033572298117,5.116381735275247,-0.2934453033826685,-0.38479393860667344,0.060186886639223225,0.025322756062085006,0.024450591329533644,0.021897925315658817,0.02177585219793876,0.015886367845475036,0.033924555781915444,0.021035683074406286,0.03248841929100976,0.02413390133643034
028,2023,28046,16398,PCU339920339920,partial,171.007,10.241601298286596,9.704914655156124,5.141704491337332,0.027215760248685328,0.054578932174953465,0.025322756062085006,0.021897925315658817,0.060186886639223225,0.015886367845475036,0.024450591329533644,,0.02177585219793876,,-0.2934453033826685,-0.38479393860667344
028,2024,30875,18150,PCU339920339920,partial,174.793,10.337702073930279,9.806425839692997,5.163602416652991,0.09610077564368247,0.10151118453687324,0.021897925315658817,0.015886367845475036,0.025322756062085006,,0.060186886639223225,,0.024450591329533644,,0.027215760248685328,0.054578932174953465
028,2025,30669,17637,PCU339920339920,partial,177.592,10.331007651425123,9.777754247070364,5.179488784498466,-0.006694422505155728,-0.028671592622632858,0.015886367845475036,,0.021897925315658817,,0.025322756062085006,,0.060186886639223225,,0.09610077564368247,0.10151118453687324
029,1980,1022,349,WPU022,partial,94.4,6.92951677076365,5.855071922202427,4.547541073151455,,,,0.01263174690590052,,0.04499736593073589,,-0.0335567835288435,,0.008024109769264301,,
029,1981,1436,567,WPU022,partial,95.6,7.269616749608169,6.340359303727752,4.560172820057356,0.3400999788445196,0.4852873815253247,0.01263174690590052,0.04499736593073589,,-0.0335567835288435,,0.02148420229457404,,0.010974928232155474,,
029,1982,2029,799,WPU022,partial,100.0,7.615298339825815,6.683360945766275,4.605170185988092,0.34568159021764533,0.3430016420385229,0.04499736593073589,-0.0335567835288435,0.01263174690590052,0.02148420229457404,,-0.029791622864429712,,-0.01395473469956639,0.3400999788445196,0.4852873815253247
029,1983,1520,592,WPU022,partial,96.7,7.326465613840322,6.3835066348840055,4.571613402459248,-0.28883272598549237,-0.2998543108822691,-0.0335567835288435,0.02148420229457404,0.04499736593073589,-0.029791622864429712,0.01263174690590052,0.043862206761371425,,0.011851595397171916,0.34568159021764533,0.3430016420385229
029,1984,1634,655,WPU022,partial,98.8,7.3987862754199485,6.484635235635252,4.593097604753822,0.07232066157962613,0.10112860075124619,0.02148420229457404,-0.029791622864429712,-0.0335567835288435,0.043862206761371425,0.04499736593073589,0.045839326751487164,0.01263174690590052,0.019969970216142958,-0.28883272598549237,-0.2998543108822691
029,1985,1992,769,WPU022,partial,95.9,7.596894438144544,6.645090969505644,4.563305981889393,0.19810816272459508,0.1604557338703927,-0.029791622864429712,0.043862206761371425,0.02148420229457404,0.045839326751487164,-0.0335567835288435,0.016075996329492526,0.04499736593073589,0.03525917661411704,0.07232066157962613,0.10112860075124619
029,1986,1677,655,WPU022,partial,100.2,7.424761761823209,6.484635235635252,4.607168188650764,-0.17213267632133444,-0.1604557338703927,0.043862206761371425,0.045839326751487164,-0.029791622864429712,0.016075996329492526,0.02148420229457404,0.04044668958059017,-0.0335567835288435,0.03412067088718995,0.19810816272459508,0.1604557338703927
029,1987,1902,775,WPU022,partial,104.9,7.550661243105336,6.652863029353347,4.653007515402251,0.12589948128212658,0.1682277937180956,0.045839326751487164,0.016075996329492526,0.043862206761371425,0.04044668958059017,-0.029791622864429712,0.07462264020419784,0.02148420229457404,0.043715108704760176,-0.17213267632133444,-0.1604557338703927
029,1988,1869,734,WPU022,partial,106.6,7.533158807455563,6.598509028614515,4.669083511731744,-0.017502435649772607,-0.05435400073883212,0.016075996329492526,0.04044668958059017,0.045839326751487164,0.07462264020419784,0.043862206761371425,-0.025403567600140065,-0.029791622864429712,0.02988858739488265,0.12589948128212658,0.1682277937180956
029,1989,2307,852,WPU022,partial,111.0,7.7437032581737535,6.747586526829315,4.709530201312334,0.2105444507181904,0.1490774982148002,0.04044668958059017,0.07462264020419784,0.016075996329492526,-0.025403567600140065,0.045839326751487164,-0.03846628082779535,0.043862206761371425,0.003584263925420809,-0.017502435649772607,-0.05435400073883212
029,1990,3031,1112,WPU022,partial,119.6,8.016647877057803,7.013915474810528,4.784152841516532,0.27294461888404964,0.2663289479812123,0.07462264020419784,-0.025403567600140065,0.04044668958059017,-0.03846628082779535,0.016075996329492526,0.028987536873251507,0.045839326751487164,-0.011627437184894635,0.2105444507181904,0.1490774982148002
029,1991,2995,1001,WPU022,partial,116.6,8.00469951054955,6.90875477931522,4.758749273916392,-0.011948366508253372,-0.10516069549530727,-0.025403567600140065,-0.03846628082779535,0.07462264020419784,0.028987536873251507,0.04044668958059017,-0.028987536873251507,0.016075996329492526,-0.012822093609265117,0.27294461888404964,0.2663289479812123
029,1992,2871,959,WPU022,partial,112.2,7.962415680121064,6.8658910748834385,4.720282993088596,-0.04228383042848538,-0.04286370443178189,-0.03846628082779535,0.028987536873251507,-0.025403567600140065,-0.028987536873251507,0.07462264020419784,-0.0035714323675977155,0.04044668958059017,-0.001190477455865905,-0.011948366508253372,-0.10516069549530727
029,1993,3129,1028,WPU022,partial,115.5,8.048468743668883,6.93537044601511,4.749270529961848,0.08605306354781828,0.06947937113167146,0.028987536873251507,-0.028987536873251507,-0.03846628082779535,-0.0035714323675977155,-0.025403567600140065,0.04117971228475703,0.07462264020419784,0.0028735810146359357,-0.04228383042848538,-0.04286370443178189
029,1994,3031,1024,WPU022,partial,112.2,8.016647877057803,6.931471805599453,4.720282993088596,-0.031820866611079524,-0.0038986404156569066,-0.028987536873251507,-0.0035714323675977155,0.028987536873251507,0.04117971228475703,-0.03846628082779535,0.018708028609866645,-0.025403567600140065,0.018772102842341987,0.08605306354781828,0.06947937113167146
029,1995,3416,1119,WPU022,partial,111.8,8.13622555490846,7.020190708311925,4.716711560720999,0.11957767785065698,0.08871890271247196,-0.0035714323675977155,0.04117971228475703,-0.028987536873251507,0.018708028609866645,0.028987536873251507,-0.04921148290328148,-0.03846628082779535,0.0035587526637807323,-0.031820866611079524,-0.0038986404156569066
029,1996,3730,1280,WPU022,partial,116.5,8.224163512637862,7.154615356913663,4.757891273005756,0.08793795772940172,0.13442464860173775,0.04117971228475703,0.018708028609866645,-0.0035714323675977155,-0.04921148290328148,-0.028987536873251507,0.01056347850956918,0.028987536873251507,-0.006646658594615218,0.11957767785065698,0.08871890271247196
029,1997,3796,1274,WPU022,partial,118.7,8.241703159729818,7.149916836132109,4.776599301615622,0.017539647091956212,-0.004698520781554194,0.018708028609866645,-0.04921148290328148,0.04117971228475703,0.01056347850956918,-0.0035714323675977155,0.05866535333713685,-0.028987536873251507,0.006672449647808183,0.08793795772940172,0.13442464860173775
029,1998,3713,1247,WPU022,partial,113.0,8.21959545417708,7.1284959456800365,4.727387818712341,-0.02210770555273811,-0.021420890452072072,-0.04921148290328148,0.01056347850956918,0.018708028609866645,0.05866535333713685,0.04117971228475703,0.03648560347505114,-0.0035714323675977155,0.035238145107252386,0.017539647091956212,-0.004698520781554194
029,1999,4436,1549,WPU022,partial,114.2,8.397508348470257,7.3453648404168685,4.73795129722191,0.17791289429317736,0.21686889473683202,0.01056347850956918,0.05866535333713685,-0.04921148290328148,0.03648560347505114,0.018708028609866645,-0.05313877767284403,0.04117971228475703,0.014004059713114653,-0.02210770555273811,-0.021420890452072072
029,2000,4163,1476,WPU022,partial,121.1,8.333991247194975,7.297091005160418,4.796616650559047,-0.06351710127528243,-0.04827383525645068,0.05866535333713685,0.03648560347505114,0.01056347850956918,-0.05313877767284403,-0.04921148290328148,0.09447019655460043,0.018708028609866645,0.02593900745226918,0.17791289429317736,0.21686889473683202
029,2001,4094,1410,WPU022,partial,125.6,8.317277766221235,7.251344983372214,4.833102254034098,-0.016713480973740147,-0.04574602178820353,0.03648560347505114,-0.05313877767284403,0.05866535333713685,0.09447019655460043,0.01056347850956918,0.06649420875558132,-0.04921148290328148,0.03594187587911257,-0.06351710127528243,-0.04827383525645068
029,2002,4454,1567,WPU022,partial,119.1,8.401557847817314,7.356918242356021,4.779963476361254,0.08428008159607892,0.10557325898380654,-0.05313877767284403,0.09447019655460043,0.03648560347505114,0.06649420875558132,0.05866535333713685,0.021916748588471258,0.01056347850956918,0.060960384632884335,-0.016713480973740147,-0.04574602178820353
029,2003,5158,1770,WPU022,partial,130.9,8.54830418644129,7.478734825567875,4.874433672915854,0.14674633862397712,0.12181658321185385,0.09447019655460043,0.06649420875558132,-0.05313877767284403,0.021916748588471258,0.03648560347505114,-0.03341939158919427,0.05866535333713685,0.018330521918286102,0.08428008159607892,0.10557325898380654
029,2004,5583,1943,WPU022,partial,139.9,8.62748154531036,7.57198844937744,4.940927881671436,0.07917735886906918,0.09325362380956559,0.06649420875558132,0.021916748588471258,0.09447019655460043,-0.03341939158919427,-0.05313877767284403,0.04937533190552479,0.03648560347505114,0.012624229634933926,0.14674633862397712,0.12181658321185385
029,2005,5446,1868,WPU022,partial,143.0,8.602636673233706,7.532623618788788,4.962844630259907,-0.024844872076654312,-0.03936483058865203,0.021916748588471258,-0.03341939158919427,0.06649420875558132,0.04937533190552479,0.09447019655460043,0.03649053505621236,-0.05313877767284403,0.01748215845751429,0.07917735886906918,0.09325362380956559
029,2006,5934,2006,WPU022,partial,138.3,8.688453800850768,7.603897968521881,4.929425238670713,0.08581712761706228,0.07127434973309299,-0.03341939158919427,0.04937533190552479,0.021916748588471258,0.03649053505621236,0.06649420875558132,-0.0330552860578921,0.09447019655460043,0.017603526967948348,-0.024844872076654312,-0.03936483058865203
029,2007,6225,2120,WPU022,partial,145.3,8.736328721332908,7.659171367666058,4.9788005705762375,0.04787492048214048,0.05527339914417695,0.04937533190552479,0.03649053505621236,-0.03341939158919427,-0.0330552860578921,0.021916748588471258,0.08035921345240915,0.06649420875558132,0.02793148748357647,0.08581712761706228,0.07127434973309299
029,2008,5681,1949,WPU022,partial,150.7,8.644882552557126,7.575071699507561,5.01529110563245,-0.09144616877578216,-0.08409966815849756,0.03649053505621236,-0.0330552860578921,0.04937533190552479,0.08035921345240915,-0.03341939158919427,0.07614026369660465,0.021916748588471258,0.04114806369704056,0.04787492048214048,0.05527339914417695
029,2009,5542,1974,WPU022,partial,145.8,8.620110725422924,7.587817219993427,4.982235819574558,-0.02477182713420234,0.012745520485866635,-0.0330552860578921,0.08035921345240915,0.03649053505621236,0.07614026369660465,0.04937533190552479,0.05533204845066564,-0.03341939158919427,0.07061050853322648,-0.09144616877578216,-0.08409966815849756
029,2010,5847,2102,WPU022,partial,158.0,8.67368398817567,7.650644551436897,5.062595033026967,0.053573262752745876,0.06282733144346953,0.08035921345240915,0.07614026369660465,-0.0330552860578921,0.05533204845066564,0.03649053505621236,0.020868412434748684,0.04937533190552479,0.050780241527339655,-0.02477182713420234,0.012745520485866635
029,2011,6331,2353,WPU022,partial,170.5,8.753213480544126,7.763446388727362,5.1387352967235715,0.07952949236845619,0.11280183729046556,0.07614026369660465,0.05533204845066564,0.08035921345240915,0.020868412434748684,-0.0330552860578921,0.1134257302874273,0.03649053505621236,0.06320873039094721,0.053573262752745876,0.06282733144346953
029,2012,6493,2397,WPU022,partial,180.2,8.778479952508487,7.781973234434385,5.194067345174237,0.02526647196436116,0.018526845707022233,0.05533204845066564,0.020868412434748684,0.07614026369660465,0.1134257302874273,0.08035921345240915,-0.04110506870780117,-0.0330552860578921,0.031063024671458273,0.07952949236845619,0.11280183729046556
029,2013,6947,2595,WPU022,partial,184.0,8.846065190692881,7.861341795599989,5.214935757608986,0.06758523818439421,0.07936856116560431,0.020868412434748684,0.1134257302874273,0.05533204845066564,-0.04110506870780117,0.07614026369660465,-0.07232066157962613,0.08035921345240915,0.0,0.02526647196436116,0.018526845707022233
029,2014,7237,2694,WPU022,partial,206.1,8.886962034866128,7.898782356970309,5.328361487896413,0.040896844173246905,0.03744056137032015,0.1134257302874273,-0.04110506870780117,0.020868412434748684,-0.07232066157962613,0.05533204845066564,0.010273137118412379,0.07614026369660465,-0.034384197723004974,0.06758523818439421,0.07936856116560431
029,2015,8018,3077,WPU022,partial,197.8,8.989444293202451,8.031710375322042,5.287256419188612,0.10248225833632318,0.13292801835173318,-0.04110506870780117,-0.07232066157962613,0.1134257302874273,0.010273137118412379,0.020868412434748684,-0.02560750111851906,0.05533204845066564,-0.029218341859910936,0.040896844173246905,0.03744056137032015
029,2016,8503,3135,WPU022,partial,184.0,9.048174321385792,8.050384453067021,5.214935757608986,0.05873002818334072,0.0186740777449792,-0.07232066157962613,0.010273137118412379,-0.04110506870780117,-0.02560750111851906,0.1134257302874273,0.023453488438610393,0.020868412434748684,0.00270637481283457,0.10248225833632318,0.13292801835173318
029,2017,8943,3315,WPU022,partial,185.9,9.09862638234618,8.106212902619962,5.225208894727398,0.05045206096038868,0.05582844955294064,0.010273137118412379,-0.02560750111851906,-0.07232066157962613,0.023453488438610393,-0.04110506870780117,0.017103570327014594,0.1134257302874273,0.004983185882368642,0.05873002818334072,0.0186740777449792
029,2018,9075,3448,WPU022,partial,181.2,9.113278659133051,8.145549631783584,5.199601393608879,0.014652276786870644,0.03933672916362241,-0.02560750111851906,0.023453488438610393,0.010273137118412379,0.017103570327014594,-0.07232066157962613,0.17281707248239098,-0.04110506870780117,0.07112471041600532,0.05045206096038868,0.05582844955294064
029,2019,9644,3566,WPU022,partial,185.5,9.174091239301061,8.179199798423086,5.22305488204749,0.060812580168009944,0.03365016663950193,0.023453488438610393,0.017103570327014594,-0.02560750111851906,0.17281707248239098,0.010273137118412379,0.049703073108103624,-0.07232066157962613,0.07987457197250306,0.014652276786870644,0.03933672916362241
029,2020,9649,3951,WPU022,partial,188.7,9.174609562020384,8.281723990411392,5.240158452374504,0.000518322719322839,0.10252419198830509,0.017103570327014594,0.17281707248239098,0.023453488438610393,0.049703073108103624,-0.02560750111851906,-0.02784803877998865,0.010273137118412379,0.06489070227016865,0.060812580168009944,0.03365016663950193
029,2021,9568,3925,WPU022,partial,224.298,9.166179476190413,8.275121630216509,5.412975524856895,-0.00843008582997129,-0.006602360194882806,0.17281707248239098,0.049703073108103624,0.017103570327014594,-0.02784803877998865,0.023453488438610393,0.03895577201975531,-0.02560750111851906,0.020270268782623425,0.000518322719322839,0.10252419198830509
029,2022,7901,3139,WPU022,partial,235.728,8.974744612722734,8.051659556841953,5.462678597964999,-0.1914348634676788,-0.22346207337455581,0.049703073108103624,-0.02784803877998865,0.17281707248239098,0.03895577201975531,0.017103570327014594,0.07795157754175275,0.023453488438610393,0.029686436927173133,-0.00843008582997129,-0.006602360194882806
029,2023,8063,3345,WPU022,partial,229.254,8.995040974685022,8.11522197256233,5.43483055918501,0.02029636196228779,0.06356241572037646,-0.02784803877998865,0.03895577201975531,0.049703073108103624,0.07795157754175275,0.17281707248239098,,0.017103570327014594,,-0.1914348634676788,-0.22346207337455581
029,2024,8554,3645,WPU022,partial,238.361,9.054154288786854,8.201111644442758,5.473786331204765,0.059113314101832515,0.08588967188042851,0.03895577201975531,0.07795157754175275,-0.02784803877998865,,0.049703073108103624,,0.17281707248239098,,0.02029636196228779,0.06356241572037646
029,2025,9225,3972,WPU022,partial,257.685,9.129672468908728,8.287025025165063,5.551737908746518,0.07551818012187361,0.08591338072230492,0.07795157754175275,,0.03895577201975531,,-0.02784803877998865,,0.049703073108103624,,0.059113314101832515,0.08588967188042851
030,1980,1290,477,WPU021,partial,93.0,7.162397497355718,6.1675164908883415,4.532599493153256,,,,0.0795463065712605,,-0.006975613736424968,,0.027615167032973176,,0.033395286622602896,,
030,1981,1756,709,WPU021,partial,100.7,7.470793774195062,6.5638555265321274,4.612145799724517,0.30839627683934445,0.3963390356437859,0.0795463065712605,-0.006975613736424968,,0.027615167032973176,,0.03629815871067876,,0.018979237335742322,,
030,1982,2436,956,WPU021,partial,100.0,7.798112628829788,6.862757913051401,4.605170185988092,0.32731885463472565,0.2989023865192735,-0.006975613736424968,0.027615167032973176,0.0795463065712605,0.03629815871067876,,0.034120414527713194,,0.032677913423788375,0.30839627683934445,0.3963390356437859
030,1983,2185,875,WPU021,partial,102.8,7.68937110752969,6.774223886357614,4.632785353021065,-0.10874152130009751,-0.08853402669378685,0.027615167032973176,0.03629815871067876,-0.006975613736424968,0.034120414527713194,0.0795463065712605,0.006326275052876973,,0.025581616097089643,0.32731885463472565,0.2989023865192735
030,1984,2264,936,WPU021,partial,106.6,7.724888439323074,6.841615476477592,4.669083511731744,0.035517331793383455,0.06739159011997753,0.03629815871067876,0.034120414527713194,0.027615167032973176,0.006326275052876973,-0.006975613736424968,0.014311514393256175,0.0795463065712605,0.01825273465794878,-0.10874152130009751,-0.08853402669378685
030,1985,2508,1020,WPU021,partial,110.3,7.827240901752812,6.927557906278317,4.703203926259457,0.10235246242973783,0.08594242980072497,0.034120414527713194,0.006326275052876973,0.03629815871067876,0.014311514393256175,0.027615167032973176,0.08834263966682698,-0.006975613736424968,0.03632680970432004,0.035517331793383455,0.06739159011997753
030,1986,2592,999,WPU021,partial,111.0,7.860185057472165,6.906754778648554,4.709530201312334,0.032944155719353496,-0.020803127629762663,0.006326275052876973,0.014311514393256175,0.034120414527713194,0.08834263966682698,0.03629815871067876,0.06377603539723697,0.027615167032973176,0.05547672981910671,0.10235246242973783,0.08594242980072497
030,1987,2773,1046,WPU021,partial,112.6,7.927685045615778,6.952728644624869,4.72384171570559,0.06749998814361291,0.0459738659763147,0.014311514393256175,0.08834263966682698,0.006326275052876973,0.06377603539723697,0.034120414527713194,0.02337083376792748,0.03629815871067876,0.05849650294399714,0.032944155719353496,-0.020803127629762663
030,1988,2815,1097,WPU021,partial,123.0,7.942717540573791,7.00033446027523,4.812184355372417,0.015032494958012954,0.04760581565036137,0.08834263966682698,0.06377603539723697,0.014311514393256175,0.02337083376792748,0.006326275052876973,0.027197560261674525,0.034120414527713194,0.038114809808946326,0.06749998814361291,0.0459738659763147
030,1989,3423,1292,WPU021,partial,131.1,8.138272638530186,7.163946684342547,4.875960390769654,0.1955550979563947,0.16361222406731724,0.06377603539723697,0.02337083376792748,0.08834263966682698,0.027197560261674525,0.014311514393256175,0.044672440051592766,0.006326275052876973,0.031746944693731585,0.015032494958012954,0.04760581565036137
030,1990,4733,1654,WPU021,partial,134.2,8.462314529906248,7.4109518755836366,4.8993312245375815,0.3240418913760621,0.24700519124108933,0.02337083376792748,0.027197560261674525,0.06377603539723697,0.044672440051592766,0.08834263966682698,0.023304687315523154,0.014311514393256175,0.03172489587626348,0.1955550979563947,0.16361222406731724
030,1991,4290,1500,WPU021,partial,137.9,8.364042011922063,7.313220387090301,4.926528784799256,-0.09827251798418501,-0.09773148849333513,0.027197560261674525,0.044672440051592766,0.02337083376792748,0.023304687315523154,0.06377603539723697,0.023435957112321937,0.08834263966682698,0.03047102815981262,0.3240418913760621,0.24700519124108933
030,1992,4667,1566,WPU021,partial,144.2,8.448271745949816,7.356279876550748,4.971201224850849,0.08422973402775291,0.0430594894604468,0.044672440051592766,0.023304687315523154,0.027197560261674525,0.023435957112321937,0.02337083376792748,0.023545888300326112,0.06377603539723697,0.023428844242723734,-0.09827251798418501,-0.09773148849333513
030,1993,5497,1844,WPU021,partial,147.6,8.61195776786066,7.519692404116539,4.994505912166372,0.16368602191084491,0.16341252756579117,0.023304687315523154,0.023435957112321937,0.044672440051592766,0.023545888300326112,0.027197560261674525,0.033060862260888335,0.02337083376792748,0.02668090255784546,0.08422973402775291,0.0430594894604468
030,1994,5667,1839,WPU021,partial,151.1,8.64241515616962,7.516977224604321,5.017941869278694,0.0304573883089585,-0.0027151795122186684,0.023435957112321937,0.023545888300326112,0.023304687315523154,0.033060862260888335,0.044672440051592766,-0.011320875624481808,0.027197560261674525,0.015095291645577547,0.16368602191084491,0.16341252756579117
030,1995,6139,2033,WPU021,partial,154.7,8.722417141427496,7.617267813628347,5.04148775757902,0.08000198525787638,0.10029058902402621,0.023545888300326112,0.033060862260888335,0.023435957112321937,-0.011320875624481808,0.023304687315523154,-0.004437408232123907,0.044672440051592766,0.005767526134760873,0.0304573883089585,-0.0027151795122186684
030,1996,6222,2031,WPU021,partial,159.9,8.735846677457582,7.616283561580385,5.074548619839908,0.013429536030086453,-0.000984252047961931,0.033060862260888335,-0.011320875624481808,0.023545888300326112,-0.004437408232123907,0.023435957112321937,0.0006351222823850478,0.023304687315523154,-0.005041053858073555,0.08000198525787638,0.10029058902402621
030,1997,6425,2143,WPU021,partial,158.1,8.76795190976342,7.669961995473577,5.0632277442154265,0.03210523230583817,0.05367843389319216,-0.011320875624481808,-0.004437408232123907,0.033060862260888335,0.0006351222823850478,0.023545888300326112,0.005698021114637797,0.023435957112321937,0.000631911721632979,0.013429536030086453,-0.000984252047961931
030,1998,6501,2226,WPU021,partial,157.4,8.77971129020447,7.70796153183549,5.058790335983303,0.011759380441048961,0.03799953636191322,-0.004437408232123907,0.0006351222823850478,-0.011320875624481808,0.005698021114637797,0.033060862260888335,0.02247285585205816,0.023545888300326112,0.009601999749693668,0.03210523230583817,0.05367843389319216
030,1999,7011,2430,WPU021,partial,157.5,8.855235623206967,7.795646536334594,5.059425458265688,0.07552433300249817,0.08768500449910377,0.0006351222823850478,0.005698021114637797,-0.004437408232123907,0.02247285585205816,-0.011320875624481808,0.01531423497304285,0.033060862260888335,0.014495037313246268,0.011759380441048961,0.03799953636191322
030,2000,6805,2473,WPU021,partial,158.4,8.825412915085566,7.813187267521416,5.0651234793803255,-0.029822708121400865,0.017540731186821645,0.005698021114637797,0.02247285585205816,0.0006351222823850478,0.01531423497304285,-0.004437408232123907,0.03699705959496846,-0.011320875624481808,0.024928050140023156,0.07552433300249817,0.08768500449910377
030,2001,6824,2238,WPU021,partial,162.0,8.828201089171515,7.71333788887187,5.087596335232384,0.002788174085948114,-0.09984937864954535,0.02247285585205816,0.01531423497304285,0.005698021114637797,0.03699705959496846,0.0006351222823850478,0.022017111842086656,-0.004437408232123907,0.024776135470032656,-0.029822708121400865,0.017540731186821645
030,2002,7244,2545,WPU021,partial,164.5,8.887928819003305,7.841885928984623,5.1029105702054265,0.0597277298317902,0.12854804011275256,0.01531423497304285,0.03699705959496846,0.02247285585205816,0.022017111842086656,0.005698021114637797,0.014224990931347214,0.0006351222823850478,0.024413054122800776,0.002788174085948114,-0.09984937864954535
030,2003,7956,2902,WPU021,partial,170.7,8.981681639973862,7.973155433444133,5.139907629800395,0.0937528209705576,0.13126950445951024,0.03699705959496846,0.022017111842086656,0.01531423497304285,0.014224990931347214,0.02247285585205816,0.039872391247377514,0.005698021114637797,0.025371498006937127,0.0597277298317902,0.12854804011275256
030,2004,8968,3231,WPU021,partial,174.5,9.101417964751995,8.080546965824498,5.161924741642482,0.1197363247781329,0.10739153238036447,0.022017111842086656,0.014224990931347214,0.03699705959496846,0.039872391247377514,0.01531423497304285,0.06971646051997027,0.02247285585205816,0.041271280899565,0.0937528209705576,0.13126950445951024
030,2005,9030,3318,WPU021,partial,177.0,9.108307646411031,8.10711747075039,5.176149732573829,0.006889681659036029,0.026570504925892635,0.014224990931347214,0.039872391247377514,0.022017111842086656,0.06971646051997027,0.03699705959496846,0.14492196919457356,0.01531423497304285,0.08483694032064044,0.1197363247781329,0.10739153238036447
030,2006,9493,3637,WPU021,partial,184.2,9.158309963881798,8.19891444498699,5.216022123821206,0.05000231747076711,0.09179697423659938,0.039872391247377514,0.06971646051997027,0.014224990931347214,0.14492196919457356,0.022017111842086656,-0.02573345192945542,0.03699705959496846,0.0629683259283628,0.006889681659036029,0.026570504925892635
030,2007,9751,3786,WPU021,partial,197.5,9.18512512283512,8.239065331769268,5.285738584341177,0.02681515895332076,0.040150886782278405,0.06971646051997027,0.14492196919457356,0.039872391247377514,-0.02573345192945542,0.014224990931347214,-0.010390877317715486,0.022017111842086656,0.03626587998246755,0.05000231747076711,0.09179697423659938
030,2008,9300,3636,WPU021,partial,228.3,9.137769679141348,8.19863945529737,5.43066055353575,-0.04735544369377109,-0.04042587647189855,0.14492196919457356,-0.02573345192945542,0.06971646051997027,-0.010390877317715486,0.039872391247377514,0.07773444938289575,0.014224990931347214,0.013870040045241616,0.02681515895332076,0.040150886782278405
030,2009,9210,3614,WPU021,partial,222.5,9.128045129249353,8.192570471152173,5.404927101606295,-0.009724549891995338,-0.00606898414519641,-0.02573345192945542,-0.010390877317715486,0.14492196919457356,0.07773444938289575,0.06971646051997027,0.033467283725535424,0.039872391247377514,0.03360361859690523,-0.04735544369377109,-0.04042587647189855
030,2010,10108,4121,WPU021,partial,220.2,9.221082468508085,8.323851131338817,5.394536224288579,0.09303733925873203,0.13128066018664342,-0.010390877317715486,0.07773444938289575,-0.02573345192945542,0.033467283725535424,0.14492196919457356,0.01732168182893279,0.06971646051997027,0.04284113831245465,-0.009724549891995338,-0.00606898414519641
030,2011,10797,4529,WPU021,partial,238.0,9.28702359674714,8.418256443556213,5.472270673671475,0.0659411282390554,0.0944053122173969,0.07773444938289575,0.033467283725535424,-0.010390877317715486,0.01732168182893279,-0.02573345192945542,-0.00039944078821463336,0.14492196919457356,0.01679650825541786,0.09303733925873203,0.13128066018664342
030,2012,11066,4593,WPU021,partial,246.1,9.311632623458054,8.432288684325794,5.50573795739701,0.02460902671091425,0.01403224076958054,0.033467283725535424,0.01732168182893279,0.07773444938289575,-0.00039944078821463336,-0.010390877317715486,-0.007619848378404903,-0.02573345192945542,0.0031007975541044175,0.0659411282390554,0.0944053122173969
030,2013,12334,5207,WPU021,partial,250.4,9.420114955551439,8.557759153162898,5.523059639225943,0.10848233209338431,0.12547046883710422,0.01732168182893279,-0.00039944078821463336,0.033467283725535424,-0.007619848378404903,0.07773444938289575,-0.005247237064759602,-0.010390877317715486,-0.004422175410459713,0.02460902671091425,0.01403224076958054
030,2014,13006,5579,WPU021,partial,250.3,9.473166068429098,8.626764827845529,5.522660198437729,0.05305111287765918,0.06900567468263041,-0.00039944078821463336,-0.007619848378404903,0.01732168182893279,-0.005247237064759602,0.033467283725535424,0.002021427815876997,0.07773444938289575,-0.003615219209095836,0.10848233209338431,0.12547046883710422
030,2015,13267,5784,WPU021,partial,248.4,9.493035027916918,8.6628507638386,5.515040350059324,0.019868959487819637,0.036085935993071416,-0.007619848378404903,-0.005247237064759602,-0.00039944078821463336,0.002021427815876997,0.01732168182893279,0.021574947917079257,0.033467283725535424,0.00611637955606555,0.05305111287765918,0.06900567468263041
030,2016,14045,5987,WPU021,partial,247.1,9.550021739538344,8.697345730925353,5.509793112994564,0.05698671162142688,0.03449496708675248,-0.005247237064759602,0.002021427815876997,-0.007619848378404903,0.021574947917079257,-0.00039944078821463336,0.013349236318994429,0.01732168182893279,0.012315204017316894,0.019868959487819637,0.036085935993071416
030,2017,14852,6485,WPU021,partial,247.6,9.60588981529697,8.777247096750544,5.511814540810441,0.05586807575862629,0.07990136582519192,0.002021427815876997,0.021574947917079257,-0.005247237064759602,0.013349236318994429,-0.007619848378404903,0.00544536545857266,-0.00039944078821463336,0.013456516564882115,0.05698671162142688,0.03449496708675248
030,2018,15854,7058,WPU021,partial,253.0,9.671177113397102,8.861917004235215,5.53338948872752,0.0652872981001309,0.0846699074846704,0.021574947917079257,0.013349236318994429,0.002021427815876997,0.00544536545857266,-0.005247237064759602,0.0441282373781684,-0.007619848378404903,0.020974279718578494,0.05586807575862629,0.07990136582519192
030,2019,16519,7264,WPU021,partial,256.4,9.712266512555141,8.890685920281129,5.546738725046515,0.04108939915803944,0.02876891604591414,0.013349236318994429,0.00544536545857266,0.021574947917079257,0.0441282373781684,0.002021427815876997,0.13879761054737916,-0.005247237064759602,0.0627904044613734,0.0652872981001309,0.0846699074846704
030,2020,17608,8499,WPU021,partial,257.8,9.776108623206298,9.047703788498627,5.552184090505087,0.06384211065115686,0.15701786821749764,0.00544536545857266,0.0441282373781684,0.013349236318994429,0.13879761054737916,0.021574947917079257,0.06661863288601921,0.002021427815876997,0.08318149360385559,0.04108939915803944,0.02876891604591414
030,2021,18110,9042,WPU021,partial,269.431,9.804219550877459,9.109635667854551,5.596312327883256,0.02811092767116108,0.06193187935592448,0.0441282373781684,0.13879761054737916,0.00544536545857266,0.06661863288601921,0.013349236318994429,-0.008751548967625311,0.021574947917079257,0.06555489815525768,0.06384211065115686,0.15701786821749764
030,2022,15498,7361,WPU021,partial,309.547,9.648466262323895,8.903951072058707,5.735109938430635,-0.15575328855356396,-0.20568459579584442,0.13879761054737916,0.06661863288601921,0.0441282373781684,-0.008751548967625311,0.00544536545857266,0.003187105736798479,0.013349236318994429,0.020351396551730794,0.02811092767116108,0.06193187935592448
030,2023,16502,8120,WPU021,partial,330.871,9.711236864664288,9.002085433155724,5.801728571316654,0.06277060234039311,0.09813436109701712,0.06661863288601921,-0.008751548967625311,0.13879761054737916,0.003187105736798479,0.0441282373781684,,0.00544536545857266,,-0.15575328855356396,-0.20568459579584442
030,2024,18236,9081,WPU021,partial,327.988,9.811152941333331,9.113939597689829,5.792977022349029,0.09991607666904301,0.11185416453410468,-0.008751548967625311,0.003187105736798479,0.06661863288601921,,0.13879761054737916,,0.0441282373781684,,0.06277060234039311,0.09813436109701712
030,2025,19048,10066,WPU021,partial,329.035,9.854717388166698,9.216918687336305,5.796164128085827,0.04356444683336669,0.1029790896464764,0.003187105736798479,,-0.008751548967625311,,0.06661863288601921,,0.13879761054737916,,0.09991607666904301,0.11185416453410468
031,1980,494,198,WPU01,partial,102.9,6.202535517187923,5.288267030694535,4.633757642840004,,,,0.022105657463606043,,-0.05069311431551782,,0.02371652661731538,,-0.001623643411532131,,
031,1981,703,305,WPU01,partial,105.2,6.555356891810665,5.720311776607412,4.65586330030361,0.3528213746227422,0.43204474591287667,0.022105657463606043,-0.05069311431551782,,0.02371652661731538,,0.029824240310714067,,0.0009492175375038769,,
031,1982,804,367,WPU01,partial,100.0,6.6895992691789665,5.905361848054571,4.605170185988092,0.13424237736830147,0.1850500714471588,-0.05069311431551782,0.02371652661731538,0.022105657463606043,0.029824240310714067,,-0.10378198336477684,,-0.016747072145582464,0.3528213746227422,0.43204474591287667
031,1983,649,275,WPU01,partial,102.4,6.47543271670409,5.616771097666572,4.628886712605407,-0.21416655247487615,-0.288590750387999,0.02371652661731538,0.029824240310714067,-0.05069311431551782,-0.10378198336477684,0.022105657463606043,-0.023405323731551242,,-0.03245435559520467,0.13424237736830147,0.1850500714471588
031,1984,690,301,WPU01,partial,105.5,6.536691597591305,5.707110264748875,4.658710952916121,0.06125888088721432,0.09033916708230372,0.029824240310714067,-0.10378198336477684,0.02371652661731538,-0.023405323731551242,-0.05069311431551782,0.027602601666891324,0.022105657463606043,-0.03319490180981225,-0.21416655247487615,-0.288590750387999
031,1985,844,330,WPU01,partial,95.1,6.738152494595957,5.799092654460526,4.554928969551344,0.20146089700465275,0.09198238971165029,-0.10378198336477684,-0.023405323731551242,0.029824240310714067,0.027602601666891324,0.02371652661731538,0.09388126791556672,-0.05069311431551782,0.03269284861696893,0.06125888088721432,0.09033916708230372
031,1986,817,386,WPU01,partial,92.9,6.705639094860003,5.955837369464831,4.531523645819793,-0.03251339973595435,0.1567447150043053,-0.023405323731551242,0.027602601666891324,-0.10378198336477684,0.09388126791556672,0.029824240310714067,0.055621378954070266,0.02371652661731538,0.059035082845509436,0.20146089700465275,0.09198238971165029
031,1987,840,374,WPU01,partial,95.5,6.733401891837359,5.924255797414532,4.5591262474866845,0.027762796977356174,-0.03158157205029877,0.027602601666891324,0.09388126791556672,-0.023405323731551242,0.055621378954070266,-0.10378198336477684,0.011654098732274853,0.029824240310714067,0.05371891520063728,-0.03251339973595435,0.1567447150043053
031,1988,928,388,WPU01,partial,104.9,6.833031732786201,5.961005339623274,4.653007515402251,0.09962984094884142,0.03674954220874138,0.09388126791556672,0.055621378954070266,0.027602601666891324,0.011654098732274853,-0.023405323731551242,-0.059678100212404495,-0.10378198336477684,0.0025324591579802083,0.027762796977356174,-0.03158157205029877
031,1989,1095,477,WPU01,partial,110.9,6.9985096422506015,6.1675164908883415,4.7086288943563215,0.16547790946440077,0.20651115126506792,0.055621378954070266,0.011654098732274853,0.09388126791556672,-0.059678100212404495,0.027602601666891324,-0.02006756305080959,-0.023405323731551242,-0.022697188176979743,0.09962984094884142,0.03674954220874138
031,1990,1471,563,WPU01,partial,112.2,7.293697720601438,6.333279628139691,4.720282993088596,0.2951880783508365,0.16576313725134906,0.011654098732274853,-0.059678100212404495,0.055621378954070266,-0.02006756305080959,0.09388126791556672,0.03322564762832059,0.027602601666891324,-0.015506671878297832,0.16547790946440077,0.20651115126506792
031,1991,1464,572,WPU01,partial,105.7,7.288927694521257,6.349138991379798,4.660604892876192,-0.004770026080181289,0.01585936324010717,-0.059678100212404495,-0.02006756305080959,0.011654098732274853,0.03322564762832059,0.055621378954070266,-0.007497692105800979,0.09388126791556672,0.001886797490570006,0.2951880783508365,0.16576313725134906
031,1992,1355,495,WPU01,partial,103.6,7.2115567333138015,6.20455776256869,4.640537329825382,-0.07737096120745512,-0.14458122881110747,-0.02006756305080959,0.03322564762832059,-0.059678100212404495,-0.007497692105800979,0.011654098732274853,0.010294896726862568,0.055621378954070266,0.012007617416460725,-0.004770026080181289,0.01585936324010717
031,1993,1633,569,WPU01,partial,107.1,7.398174092970465,6.343880434126331,4.673762977453703,0.1866173596566636,0.13932267155764055,0.03322564762832059,-0.007497692105800979,-0.02006756305080959,0.010294896726862568,-0.059678100212404495,0.13073418800346115,0.011654098732274853,0.04451046420817424,-0.07737096120745512,-0.14458122881110747
031,1994,1562,587,WPU01,partial,106.3,7.3537223303996315,6.375024819828097,4.666265285347902,-0.04445176257083361,0.03114438570176592,-0.007497692105800979,0.010294896726862568,0.03322564762832059,0.13073418800346115,-0.02006756305080959,-0.08079189892260885,-0.059678100212404495,0.020079061935904953,0.1866173596566636,0.13932267155764055
031,1995,1876,652,WPU01,partial,107.4,7.53689712956617,6.480044561926653,4.676560182074764,0.18317479916653845,0.10501974209855636,0.010294896726862568,0.13073418800346115,-0.007497692105800979,-0.08079189892260885,0.03322564762832059,-0.07635891952479401,-0.02006756305080959,-0.008805543481313904,-0.04445176257083361,0.03114438570176592
031,1996,1813,691,WPU01,partial,122.4,7.502738210754851,6.53813982376767,4.807294370078226,-0.03415891881131916,0.0580952618410171,0.13073418800346115,-0.08079189892260885,0.010294896726862568,-0.07635891952479401,-0.007497692105800979,-0.06110274757261536,0.03322564762832059,-0.0727511886733394,0.18317479916653845,0.10501974209855636
031,1997,1998,728,WPU01,partial,112.9,7.599901959208498,6.590301048196686,4.726502471155617,0.09716374845364761,0.05216122442901572,-0.08079189892260885,-0.07635891952479401,0.13073418800346115,-0.06110274757261536,0.010294896726862568,0.01111684010633951,-0.007497692105800979,-0.04211494233035662,-0.03415891881131916,0.0580952618410171
031,1998,2013,790,WPU01,partial,104.6,7.607381425639791,6.672032945461067,4.650143551630823,0.007479466431292714,0.08173189726438146,-0.07635891952479401,-0.06110274757261536,-0.08079189892260885,0.01111684010633951,0.13073418800346115,0.04230832656724104,0.010294896726862568,-0.0025591936330116027,0.09716374845364761,0.05216122442901572
031,1999,2328,949,WPU01,partial,98.4,7.752764808851328,6.855408798609928,4.589040804058207,0.145383383211537,0.18337585314886073,-0.06110274757261536,0.01111684010633951,-0.07635891952479401,0.04230832656724104,-0.08079189892260885,-0.047346120597198116,0.13073418800346115,0.0020263486921274776,0.007479466431292714,0.08173189726438146
031,2000,2350,957,WPU01,partial,99.5,7.762170607138205,6.863803391452954,4.600157644164547,0.00940579828687671,0.008394592843026238,0.01111684010633951,0.04230832656724104,-0.06110274757261536,-0.047346120597198116,-0.07635891952479401,0.11890474076558366,-0.08079189892260885,0.03795564891187553,0.145383383211537,0.18337585314886073
031,2001,2130,807,WPU01,partial,103.8,7.6638772587034705,6.693323668269949,4.642465970731788,-0.09829334843473436,-0.1704797231830053,0.04230832656724104,-0.047346120597198116,0.01111684010633951,0.11890474076558366,-0.06110274757261536,0.10059581927012484,-0.07635891952479401,0.057384813146170124,0.00940579828687671,0.008394592843026238
031,2002,2386,866,WPU01,partial,99.0,7.777373602657861,6.763884908562435,4.59511985013459,0.11349634395439079,0.070561240292486,-0.047346120597198116,0.11890474076558366,0.04230832656724104,0.10059581927012484,0.01111684010633951,-0.03970744959511219,-0.06110274757261536,0.0599310368135321,-0.09829334843473436,-0.1704797231830053
031,2003,2518,929,WPU01,partial,111.5,7.831220214604293,6.834108738813838,4.7140245909001735,0.053846611946431366,0.07022383025140311,0.11890474076558366,0.10059581927012484,-0.047346120597198116,-0.03970744959511219,0.04230832656724104,-0.012739025777429802,0.01111684010633951,0.016049781299194283,0.11349634395439079,0.070561240292486
031,2004,2740,947,WPU01,partial,123.3,7.9157131993821155,6.853299093186078,4.814620410170298,0.08449298477782285,0.019190354372240037,0.10059581927012484,-0.03970744959511219,0.11890474076558366,-0.012739025777429802,-0.047346120597198116,0.20346399336776333,0.04230832656724104,0.050339172665073775,0.053846611946431366,0.07022383025140311
031,2005,2797,978,WPU01,partial,118.5,7.936302693201959,6.885509670034818,4.774912960575186,0.020589493819843874,0.032210576848739514,-0.03970744959511219,-0.012739025777429802,0.10059581927012484,0.20346399336776333,0.11890474076558366,0.1176280569656436,-0.047346120597198116,0.10278434151865903,0.08449298477782285,0.019190354372240037
031,2006,3090,1033,WPU01,partial,117.0,8.035926369891792,6.940222469119639,4.762173934797756,0.09962367668983241,0.05471279908482085,-0.012739025777429802,0.20346399336776333,-0.03970744959511219,0.1176280569656436,0.10059581927012484,-0.18095856792053588,0.11890474076558366,0.046711160804290344,0.020589493819843874,0.032210576848739514
031,2007,3081,1094,WPU01,partial,143.4,8.033009498596668,6.9975959829819265,4.96563792816552,-0.0029168712951239684,0.05737351386228795,0.20346399336776333,0.1176280569656436,-0.012739025777429802,-0.18095856792053588,-0.03970744959511219,0.11497241960429694,0.10059581927012484,0.01721396954980155,0.09962367668983241,0.05471279908482085
031,2008,3024,1037,WPU01,partial,161.3,8.014335737299424,6.9440872082295275,5.083265985131163,-0.01867376129724363,-0.05350877475239901,0.1176280569656436,-0.18095856792053588,0.20346399336776333,0.11497241960429694,-0.012739025777429802,0.21222321373275221,-0.03970744959511219,0.04874568847217109,-0.0029168712951239684,0.05737351386228795
031,2009,2822,987,WPU01,partial,134.6,7.945201132412759,6.894670039433482,4.902307417210627,-0.06913460488666523,-0.04941716879604563,-0.18095856792053588,0.11497241960429694,0.1176280569656436,0.21222321373275221,0.20346399336776333,0.03059310318016273,-0.012739025777429802,0.11926291217240395,-0.01867376129724363,-0.05350877475239901
031,2010,3153,1086,WPU01,partial,151.0,8.056109659545061,6.990256500493881,5.017279836814924,0.11090852713230248,0.0955864610603987,0.11497241960429694,0.21222321373275221,-0.18095856792053588,0.03059310318016273,0.1176280569656436,0.014440684154793715,0.20346399336776333,0.08575233368923621,-0.06913460488666523,-0.04941716879604563
031,2011,3266,1096,WPU01,partial,186.7,8.09132127353041,6.999422467507961,5.2295030505476765,0.03521161398534822,0.009165967014080678,0.21222321373275221,0.03059310318016273,0.11497241960429694,0.014440684154793715,-0.18095856792053588,0.010695289116748441,0.1176280569656436,0.01857635881723496,0.11090852713230248,0.0955864610603987
031,2012,3112,1075,WPU01,partial,192.5,8.043020885298283,6.980075940561763,5.260096153727839,-0.04830038823212668,-0.019346526946198317,0.03059310318016273,0.014440684154793715,0.21222321373275221,0.010695289116748441,0.11497241960429694,-0.12732691416808972,-0.18095856792053588,-0.03406364696551585,0.03521161398534822,0.009165967014080678
031,2013,3493,1237,WPU01,partial,195.3,8.158516244806831,7.1204443723924875,5.274536837882633,0.11549535950854839,0.14036843183072456,0.014440684154793715,0.010695289116748441,0.03059310318016273,-0.12732691416808972,0.21222321373275221,-0.10165940748298397,0.11497241960429694,-0.07276367751144175,-0.04830038823212668,-0.019346526946198317
031,2014,3557,1244,WPU01,partial,197.4,8.176672771948455,7.126087273299125,5.285232126999381,0.018156527141623968,0.005642900906637216,0.010695289116748441,-0.12732691416808972,0.014440684154793715,-0.10165940748298397,0.03059310318016273,0.03011519927608397,0.21222321373275221,-0.06629037412499657,0.11549535950854839,0.14036843183072456
031,2015,3877,1411,WPU01,partial,173.8,8.262816937670928,7.252053951852814,5.157905212831292,0.08614416572247308,0.1259666785536897,-0.12732691416808972,-0.10165940748298397,0.010695289116748441,0.03011519927608397,0.014440684154793715,-0.00557795062605404,0.03059310318016273,-0.025707386277651345,0.018156527141623968,0.005642900906637216
031,2016,4405,1583,WPU01,partial,157.0,8.39049553837028,7.367077059881012,5.056245805348308,0.1276786006993511,0.11502310802819782,-0.10165940748298397,0.03011519927608397,-0.12732691416808972,-0.00557795062605404,0.010695289116748441,0.003722088664373402,0.014440684154793715,0.00941977910480111,0.08614416572247308,0.1259666785536897
031,2017,4703,1759,WPU01,partial,161.8,8.455955881945048,7.472500744737558,5.086361004624392,0.06546034357476849,0.10542368485654574,0.03011519927608397,-0.00557795062605404,-0.10165940748298397,0.003722088664373402,-0.12732691416808972,-0.022543221401114977,0.010695289116748441,-0.008133027787598538,0.1276786006993511,0.11502310802819782
031,2018,5084,2008,WPU01,partial,160.9,8.533853632309345,7.60489448081162,5.080783053998338,0.07789775036429702,0.13239373607406169,-0.00557795062605404,0.003722088664373402,0.03011519927608397,-0.022543221401114977,-0.10165940748298397,0.22646166283438163,-0.12732691416808972,0.06921351003254668,0.06546034357476849,0.10542368485654574
031,2019,5509,2129,WPU01,partial,161.5,8.614138397472717,7.663407664893479,5.084505142662711,0.08028476516337157,0.05851318408185957,0.003722088664373402,-0.022543221401114977,-0.00557795062605404,0.22646166283438163,0.03011519927608397,0.23583342106826954,-0.10165940748298397,0.14658395416717873,0.07789775036429702,0.13239373607406169
031,2020,5548,2396,WPU01,partial,157.9,8.621192781434722,7.78155595923534,5.061961921261596,0.007054383962005417,0.1181482943418608,-0.022543221401114977,0.22646166283438163,0.003722088664373402,0.23583342106826954,-0.00557795062605404,-0.08838011979625193,0.03011519927608397,0.12463832136879974,0.08028476516337157,0.05851318408185957
031,2021,5974,2666,WPU01,partial,198.031,8.695171998776056,7.888334500738654,5.288423584095978,0.07397921734133384,0.10677854150331356,0.22646166283438163,0.23583342106826954,-0.022543221401114977,-0.08838011979625193,0.003722088664373402,-0.029795394146084675,-0.00557795062605404,0.039219302375310974,0.007054383962005417,0.1181482943418608
031,2022,4989,2236,WPU01,partial,250.7,8.514990767861038,7.71244383427499,5.524257005164247,-0.18018123091501792,-0.1758906664636637,0.23583342106826954,-0.08838011979625193,0.22646166283438163,-0.029795394146084675,-0.022543221401114977,0.06498257243545691,0.003722088664373402,-0.01773098050229323,0.07397921734133384,0.10677854150331356
031,2023,4988,2292,WPU01,partial,229.494,8.514790306799927,7.73718007783463,5.435876885367995,-0.0002004610611106017,0.02473624355963988,-0.08838011979625193,-0.029795394146084675,0.23583342106826954,0.06498257243545691,0.22646166283438163,,-0.022543221401114977,,-0.18018123091501792,-0.1758906664636637
031,2024,5508,2588,WPU01,partial,222.757,8.613956859848546,7.858640655620791,5.406081491221911,0.09916655304861877,0.12146057778616104,-0.029795394146084675,0.06498257243545691,-0.08838011979625193,,0.23583342106826954,,0.22646166283438163,,-0.0002004610611106017,0.02473624355963988
031,2025,5332,2520,WPU01,partial,237.713,8.5814816812986,7.832014180505469,5.4710640636573675,-0.03247517854994619,-0.02662647511532157,0.06498257243545691,,-0.029795394146084675,,-0.08838011979625193,,0.23583342106826954,,0.09916655304861877,0.12146057778616104
032,1985,830,348,PCU3121--3121--,partial,100.7,6.721425700790643,5.8522024797744745,4.612145799724517,,,,0.020639553296548208,,0.012566622599858412,,0.016198543803275456,,0.016468239899894023,,
032,1986,742,305,PCU3121--3121--,partial,102.8,6.60934924316738,5.720311776607412,4.632785353021065,-0.1120764576232629,-0.13189070316706264,0.020639553296548208,0.012566622599858412,,0.016198543803275456,,0.029797362804944605,,0.01952084306935949,,
032,1987,796,378,PCU3121--3121--,partial,104.1,6.679599185844383,5.934894195619588,4.645351975620923,0.07024994267700269,0.21458241901217612,0.012566622599858412,0.016198543803275456,0.020639553296548208,0.029797362804944605,,0.027150989065950704,,0.02438229855805692,-0.1120764576232629,-0.13189070316706264
032,1988,771,351,PCU3121--3121--,partial,105.8,6.647688373563329,5.860786223465865,4.661550519424199,-0.03191081228105386,-0.07410797215372256,0.016198543803275456,0.029797362804944605,0.012566622599858412,0.027150989065950704,0.020639553296548208,0.03853366400224356,,0.03182733862437962,0.07024994267700269,0.21458241901217612
032,1989,909,364,PCU3121--3121--,partial,109.0,6.812345094177479,5.8971538676367405,4.6913478822291435,0.1646567206141496,0.036367644170875124,0.029797362804944605,0.027150989065950704,0.016198543803275456,0.03853366400224356,0.012566622599858412,0.012804272245987569,0.020639553296548208,0.026162975104727277,-0.03191081228105386,-0.07410797215372256
032,1990,1342,584,PCU3121--3121--,partial,112.0,7.201916317531627,6.369900982828227,4.718498871295094,0.3895712233541486,0.4727471151914866,0.027150989065950704,0.03853366400224356,0.029797362804944605,0.012804272245987569,0.016198543803275456,0.0050761530318608195,0.012566622599858412,0.018804696426697316,0.1646567206141496,0.036367644170875124
032,1991,1454,545,PCU3121--3121--,partial,116.4,7.282073658093465,6.300785794663244,4.757032535297338,0.08015734056183721,-0.06911518816498319,0.03853366400224356,0.012804272245987569,0.027150989065950704,0.0050761530318608195,0.029797362804944605,0.002528446353358582,0.016198543803275456,0.006802957210402323,0.3895712233541486,0.4727471151914866
032,1992,1585,557,PCU3121--3121--,partial,117.9,7.368339686311381,6.322565239927284,4.769836807543325,0.08626602821791618,0.021779445264040298,0.012804272245987569,0.0050761530318608195,0.03853366400224356,0.002528446353358582,0.027150989065950704,0.03555562626186326,0.029797362804944605,0.014386741882360887,0.08015734056183721,-0.06911518816498319
032,1993,2019,719,PCU3121--3121--,partial,118.5,7.610357618312838,6.577861357721047,4.774912960575186,0.24201793200145705,0.2552961177937627,0.0050761530318608195,0.002528446353358582,0.012804272245987569,0.03555562626186326,0.03853366400224356,0.019308725381431024,0.027150989065950704,0.019130932665550954,0.08626602821791618,0.021779445264040298
032,1994,2286,785,PCU3121--3121--,partial,118.8,7.734558844354756,6.665683717782408,4.777441406928545,0.12420122604191786,0.08782236006136124,0.002528446353358582,0.03555562626186326,0.0050761530318608195,0.019308725381431024,0.012804272245987569,0.006354270784606264,0.03853366400224356,0.02040620747596685,0.24201793200145705,0.2552961177937627
032,1995,2977,967,PCU3121--3121--,partial,123.1,7.998671361015776,6.874198495453294,4.812997033190408,0.26411251666102054,0.208514777670886,0.03555562626186326,0.019308725381431024,0.002528446353358582,0.006354270784606264,0.0050761530318608195,0.00710062154957658,0.012804272245987569,0.010921205905204623,0.12420122604191786,0.08782236006136124
032,1996,2962,1001,PCU3121--3121--,partial,125.5,7.993619994827744,6.90875477931522,4.832305758571839,-0.005051366188031814,0.03455628386192622,0.019308725381431024,0.006354270784606264,0.03555562626186326,0.00710062154957658,0.002528446353358582,0.020234153363968055,0.0050761530318608195,0.011229681899383632,0.26411251666102054,0.208514777670886
032,1997,2749,948,PCU3121--3121--,partial,126.3,7.918992488165245,6.854354502255021,4.838660029356445,-0.07462750666249907,-0.05440027706019901,0.006354270784606264,0.00710062154957658,0.019308725381431024,0.020234153363968055,0.03555562626186326,0.03482562381905918,0.002528446353358582,0.02072013291086794,-0.005051366188031814,0.03455628386192622
032,1998,2612,895,PCU3121--3121--,partial,127.2,7.867871490396322,6.796823718274855,4.845760650906022,-0.05112099776892354,-0.05753078398016598,0.00710062154957658,0.020234153363968055,0.006354270784606264,0.03482562381905918,0.019308725381431024,0.030771658666753687,0.03555562626186326,0.02861047861659364,-0.07462750666249907,-0.05440027706019901
032,1999,2675,960,PCU3121--3121--,partial,129.8,7.891704659330107,6.866933284461882,4.86599480426999,0.023833168933784954,0.07010956618702657,0.020234153363968055,0.03482562381905918,0.00710062154957658,0.030771658666753687,0.006354270784606264,0.01574835696813981,0.019308725381431024,0.02711521315131756,-0.05112099776892354,-0.05753078398016598
032,2000,2526,939,PCU3121--3121--,partial,134.4,7.8343923029104365,6.844815479208263,4.900820428089049,-0.05731235641967025,-0.02211780525361906,0.03482562381905918,0.030771658666753687,0.020234153363968055,0.01574835696813981,0.00710062154957658,0.013404080758848025,0.006354270784606264,0.019974698797913838,0.023833168933784954,0.07010956618702657
032,2001,2738,955,PCU3121--3121--,partial,138.6,7.914983005848394,6.86171134048073,4.931592086755803,0.08059070293795756,0.01689586127246745,0.030771658666753687,0.01574835696813981,0.03482562381905918,0.013404080758848025,0.020234153363968055,0.025598077044421075,0.00710062154957658,0.018250171590469634,-0.05731235641967025,-0.02211780525361906
032,2002,2869,1042,PCU3121--3121--,partial,140.8,7.9617188159813645,6.948897222313312,4.9473404437239425,0.04673581013297046,0.08718588183258191,0.01574835696813981,0.013404080758848025,0.030771658666753687,0.025598077044421075,0.03482562381905918,0.026955809988527868,0.020234153363968055,0.02198598926393232,0.08059070293795756,0.01689586127246745
032,2003,3143,1203,PCU3121--3121--,partial,142.7,8.052933036797567,7.0925737159746784,4.960744524482791,0.09121422081620256,0.14367649366136614,0.013404080758848025,0.025598077044421075,0.01574835696813981,0.026955809988527868,0.030771658666753687,0.01909837436202899,0.03482562381905918,0.02388408713165931,0.04673581013297046,0.08718588183258191
032,2004,3741,1477,PCU3121--3121--,partial,146.4,8.227108234348146,7.29776828253138,4.986342601527212,0.17417519755057853,0.20519456655670165,0.025598077044421075,0.026955809988527868,0.013404080758848025,0.01909837436202899,0.01574835696813981,0.012317821871349999,0.030771658666753687,0.019457335407302285,0.09121422081620256,0.14367649366136614
032,2005,4141,1583,PCU3121--3121--,partial,150.4,8.328692583545568,7.367077059881012,5.0132984115157395,0.10158434919742199,0.06930877734963214,0.026955809988527868,0.01909837436202899,0.025598077044421075,0.012317821871349999,0.013404080758848025,0.04411553393219414,0.01574835696813981,0.025177243388524374,0.17417519755057853,0.20519456655670165
032,2006,4415,1648,PCU3121--3121--,partial,153.3,8.392763113038061,7.4073177104694174,5.0323967858777685,0.06407052949249348,0.0402406505884052,0.01909837436202899,0.012317821871349999,0.026955809988527868,0.04411553393219414,0.025598077044421075,0.03751196012691338,0.013404080758848025,0.031315105310152504,0.10158434919742199,0.06930877734963214
032,2007,5172,2029,PCU3121--3121--,partial,155.2,8.551014739891748,7.615298339825815,5.0447146077491185,0.1582516268536871,0.20798062935639727,0.012317821871349999,0.04411553393219414,0.01909837436202899,0.03751196012691338,0.026955809988527868,0.014151179546243675,0.025598077044421075,0.031926224535117065,0.06407052949249348,0.0402406505884052
032,2008,5060,1825,PCU3121--3121--,partial,162.2,8.52912176228151,7.509335266016592,5.088830141681313,-0.021892977610237452,-0.10596307380922276,0.04411553393219414,0.03751196012691338,0.012317821871349999,0.014151179546243675,0.01909837436202899,0.019136565419673346,0.026955809988527868,0.023599901697610132,0.1582516268536871,0.20798062935639727
032,2009,4468,1665,PCU3121--3121--,partial,168.4,8.404696160189092,7.417580402414544,5.126342101808226,-0.12442560209241904,-0.09175486360204754,0.03751196012691338,0.014151179546243675,0.04411553393219414,0.019136565419673346,0.012317821871349999,0.028314462292523324,0.01909837436202899,0.02053406908614678,-0.021892977610237452,-0.10596307380922276
032,2010,5019,1891,PCU3121--3121--,partial,170.8,8.520985989654934,7.544861068658458,5.14049328135447,0.11628982946584188,0.1272806662439132,0.014151179546243675,0.019136565419673346,0.03751196012691338,0.028314462292523324,0.04411553393219414,0.011105055822701715,0.012317821871349999,0.019518694511632795,-0.12442560209241904,-0.09175486360204754
032,2011,5581,2170,PCU3121--3121--,partial,174.1,8.627123250788433,7.682482446534506,5.159629846774143,0.1061372611334992,0.137621377876048,0.019136565419673346,0.028314462292523324,0.014151179546243675,0.011105055822701715,0.03751196012691338,0.008796098494593174,0.04411553393219414,0.016071872203272736,0.11628982946584188,0.1272806662439132
032,2012,6160,2414,PCU3121--3121--,partial,179.1,8.725832056527565,7.789040401657477,5.187944309066666,0.09870880573913254,0.10655795512297139,0.028314462292523324,0.011105055822701715,0.019136565419673346,0.008796098494593174,0.014151179546243675,0.01142869582362227,0.03751196012691338,0.010443283380305719,0.1061372611334992,0.137621377876048
032,2013,7600,2835,PCU3121--3121--,partial,181.1,8.935903526274423,7.949797216161852,5.199049364889368,0.21007146974685753,0.16075681450437518,0.011105055822701715,0.008796098494593174,0.028314462292523324,0.01142869582362227,0.019136565419673346,0.023530497410193973,0.014151179546243675,0.014585097242803139,0.09870880573913254,0.10655795512297139
032,2014,8079,2933,PCU3121--3121--,partial,182.7,8.997023381479709,7.983781068977451,5.207845463383961,0.061119855205285845,0.03398385281559868,0.008796098494593174,0.01142869582362227,0.011105055822701715,0.023530497410193973,0.028314462292523324,0.0036929612004623635,0.019136565419673346,0.012884051478092868,0.21007146974685753,0.16075681450437518
032,2015,9375,3268,PCU3121--3121--,partial,184.8,9.14580185083861,8.091933455979893,5.2192741592075835,0.14877846935890204,0.10815238700244212,0.01142869582362227,0.023530497410193973,0.008796098494593174,0.0036929612004623635,0.011105055822701715,0.010476785195414173,0.028314462292523324,0.012566747935356837,0.061119855205285845,0.03398385281559868
032,2016,9721,3380,PCU3121--3121--,partial,189.2,9.18204377282107,8.125630988477065,5.2428046566177775,0.03624192198245879,0.03369753249717178,0.023530497410193973,0.0036929612004623635,0.01142869582362227,0.010476785195414173,0.008796098494593174,0.018585976411766403,0.011105055822701715,0.010918574269214313,0.14877846935890204,0.10815238700244212
032,2017,9531,3504,PCU3121--3121--,partial,189.9,9.162304922937626,8.161660452056282,5.24649761781824,-0.019738849883443876,0.03602946357921688,0.0036929612004623635,0.010476785195414173,0.023530497410193973,0.018585976411766403,0.01142869582362227,0.014724815425352311,0.008796098494593174,0.014595859010844295,0.03624192198245879,0.03369753249717178
032,2018,9461,3349,PCU3121--3121--,partial,191.9,9.154933364704444,8.116417072794205,5.256974403013654,-0.007371558233181474,-0.045243379262077,0.010476785195414173,0.018585976411766403,0.0036929612004623635,0.014724815425352311,0.023530497410193973,0.01378061767691019,0.01142869582362227,0.0156971365046763,-0.019738849883443876,0.03602946357921688
032,2019,9632,3369,PCU3121--3121--,partial,195.5,9.172846167548602,8.122371243406553,5.27556037942542,0.017912802844158193,0.005954170612348264,0.018585976411766403,0.014724815425352311,0.010476785195414173,0.01378061767691019,0.0036929612004623635,0.08349793153454854,0.023530497410193973,0.03733445487893701,-0.007371558233181474,-0.045243379262077
032,2020,8750,3282,PCU3121--3121--,partial,198.4,9.07680897935166,8.096208271650037,5.290285194850773,-0.09603718819694151,-0.026162971756516384,0.014724815425352311,0.01378061767691019,0.018585976411766403,0.08349793153454854,0.010476785195414173,0.07000271187843943,0.0036929612004623635,0.05576042036329938,0.017912802844158193,0.005954170612348264
032,2021,8756,3453,PCU3121--3121--,partial,201.153,9.077494458642754,8.146998697389993,5.304065812527683,0.0006854792910928609,0.05079042573995629,0.01378061767691019,0.08349793153454854,0.014724815425352311,0.07000271187843943,0.018585976411766403,0.02195517679790182,0.010476785195414173,0.058485273403629925,-0.09603718819694151,-0.026162971756516384
032,2022,7405,2865,PCU3121--3121--,partial,218.67,8.909910726701899,7.9603236291488395,5.3875637440622315,-0.16758373194085507,-0.18667506824115332,0.08349793153454854,0.07000271187843943,0.01378061767691019,0.02195517679790182,0.014724815425352311,0.013428693317568019,0.018585976411766403,0.03512886066463642,0.0006854792910928609,0.05079042573995629
032,2023,7631,3146,PCU3121--3121--,partial,234.526,8.939974177289633,8.053887083618223,5.457566455940671,0.030063450587734408,0.09356345446938352,0.07000271187843943,0.02195517679790182,0.08349793153454854,0.013428693317568019,0.01378061767691019,,0.014724815425352311,,-0.16758373194085507,-0.18667506824115332
032,2024,8057,3365,PCU3121--3121--,partial,239.732,8.994296557777195,8.121183242078828,5.479521632738573,0.05432238048756233,0.06729615846060533,0.02195517679790182,0.013428693317568019,0.07000271187843943,,0.08349793153454854,,0.01378061767691019,,0.030063450587734408,0.09356345446938352
032,2025,8913,4020,PCU3121--3121--,partial,242.973,9.095266164130717,8.299037181613066,5.492950326056141,0.10096960635352126,0.17785393953423778,0.013428693317568019,,0.02195517679790182,,0.07000271187843943,,0.08349793153454854,,0.05432238048756233,0.06729615846060533
033,1984,829,306,PCU312130312130,partial,99.5,6.720220155135295,5.723585101952381,4.600157644164547,,,,0.0010045204260054064,,0.008995562908578059,,0.02068020523753855,,0.010226762857374005,,
033,1985,905,354,PCU312130312130,partial,99.6,6.807934943699926,5.869296913133774,4.601162164590552,0.08771478856463055,0.14571181118139354,0.0010045204260054064,0.008995562908578059,,0.02068020523753855,,0.018349138668196652,,0.016008302271437753,,
033,1986,727,292,PCU312130312130,partial,100.5,6.588926477533519,5.676753802268282,4.61015772749913,-0.21900846616640646,-0.19254311086549247,0.008995562908578059,0.02068020523753855,0.0010045204260054064,0.018349138668196652,,0.039404722722298224,,0.02614468887601114,0.08771478856463055,0.14571181118139354
033,1987,743,274,PCU312130312130,partial,102.6,6.610696044717759,5.6131281063880705,4.630837932736669,0.021769567184239946,-0.06362569588021127,0.02068020523753855,0.018349138668196652,0.008995562908578059,0.039404722722298224,0.0010045204260054064,0.039680588994911226,,0.0324781501284687,-0.21900846616640646,-0.19254311086549247
033,1988,720,287,PCU312130312130,partial,104.5,6.579251212010101,5.659482215759621,4.6491870714048655,-0.031444832707657966,0.04635410937155093,0.018349138668196652,0.039404722722298224,0.02068020523753855,0.039680588994911226,0.008995562908578059,0.03304648535594801,0.0010045204260054064,0.037377265691052486,0.021769567184239946,-0.06362569588021127
033,1989,760,287,PCU312130312130,partial,108.7,6.633318433280377,5.659482215759621,4.688591794127164,0.054067221270275745,0.0,0.039404722722298224,0.039680588994911226,0.018349138668196652,0.03304648535594801,0.02068020523753855,0.016963935218713644,0.008995562908578059,0.029897003189857625,-0.031444832707657966,0.04635410937155093
033,1990,1000,350,PCU312130312130,partial,113.1,6.907755278982137,5.857933154483459,4.728272383122075,0.27443684570175986,0.19845093872383757,0.039680588994911226,0.03304648535594801,0.039404722722298224,0.016963935218713644,0.018349138668196652,0.005870037819795115,0.02068020523753855,0.018626819464818922,0.054067221270275745,0.0
033,1991,851,294,PCU312130312130,partial,116.9,6.7464121285733745,5.683579767338681,4.761318868478023,-0.16134315040876235,-0.17435338714477755,0.03304648535594801,0.016963935218713644,0.039680588994911226,0.005870037819795115,0.039404722722298224,0.001670844164816998,0.018349138668196652,0.008168272401108585,0.27443684570175986,0.19845093872383757
033,1992,947,344,PCU312130312130,partial,118.9,6.853299093186078,5.840641657373398,4.778282803696737,0.10688696461270375,0.1570618900347167,0.016963935218713644,0.005870037819795115,0.03304648535594801,0.001670844164816998,0.039680588994911226,0.00665559861173648,0.039404722722298224,0.004732160198782864,-0.16134315040876235,-0.17435338714477755
033,1993,1058,341,PCU312130312130,partial,119.6,6.964135612418245,5.831882477283517,4.784152841516532,0.11083651923216653,-0.008759180089881191,0.005870037819795115,0.001670844164816998,0.016963935218713644,0.00665559861173648,0.03304648535594801,0.04618074506336001,0.039680588994911226,0.018169062613304494,0.10688696461270375,0.1570618900347167
033,1994,1258,388,PCU312130312130,partial,119.8,7.1372784372603855,5.961005339623274,4.785823685681349,0.17314282484214072,0.12912286233975667,0.001670844164816998,0.00665559861173648,0.005870037819795115,0.04618074506336001,0.016963935218713644,0.07252318576815053,0.03304648535594801,0.04178650981441567,0.11083651923216653,-0.008759180089881191
033,1995,1488,509,PCU312130312130,partial,120.6,7.305188215393037,6.2324480165505225,4.792479284293085,0.1679097781326515,0.2714426769272489,0.00665559861173648,0.04618074506336001,0.001670844164816998,0.07252318576815053,0.005870037819795115,0.005141399500418586,0.016963935218713644,0.04128177677730971,0.17314282484214072,0.12912286233975667
033,1996,1519,537,PCU312130312130,partial,126.3,7.325807502595773,6.285998094508865,4.838660029356445,0.020619287202736203,0.053550077958342435,0.04618074506336001,0.07252318576815053,0.00665559861173648,0.005141399500418586,0.001670844164816998,0.015988712695771845,0.005870037819795115,0.031217765988113655,0.1679097781326515,0.2714426769272489
033,1997,1743,583,PCU312130312130,partial,135.8,7.463363045520021,6.368187186350492,4.911183215124596,0.13755554292424765,0.08218909184162726,0.07252318576815053,0.005141399500418586,0.04618074506336001,0.015988712695771845,0.00665559861173648,0.008614554350649506,0.001670844164816998,0.009914888848946646,0.020619287202736203,0.053550077958342435
033,1998,1866,650,PCU312130312130,partial,136.5,7.531552381407289,6.476972362889683,4.916324614625014,0.0681893358872685,0.10878517653919051,0.005141399500418586,0.015988712695771845,0.07252318576815053,0.008614554350649506,0.04618074506336001,0.009957408019046099,0.00665559861173648,0.011520225021822483,0.13755554292424765,0.08218909184162726
033,1999,2185,819,PCU312130312130,partial,138.7,7.68937110752969,6.70808408385307,4.932313327320786,0.1578187261224011,0.23111172096338706,0.015988712695771845,0.008614554350649506,0.005141399500418586,0.009957408019046099,0.07252318576815053,0.0028268570061529275,0.04618074506336001,0.007132939791949511,0.0681893358872685,0.10878517653919051
033,2000,2262,861,PCU312130312130,partial,139.9,7.724004656676065,6.7580945044277305,4.940927881671436,0.03463354914637495,0.05001042057466076,0.008614554350649506,0.009957408019046099,0.015988712695771845,0.0028268570061529275,0.005141399500418586,-0.006371702972692184,0.07252318576815053,0.0021375206841689476,0.1578187261224011,0.23111172096338706
033,2001,2436,911,PCU312130312130,partial,141.3,7.798112628829788,6.814542897259958,4.950885289690482,0.07410797215372256,0.05644839283222769,0.009957408019046099,0.0028268570061529275,0.008614554350649506,-0.006371702972692184,0.015988712695771845,-0.005698021114638685,0.005141399500418586,-0.00308095569372598,0.03463354914637495,0.05001042057466076
033,2002,2905,1081,PCU312130312130,partial,141.7,7.974188669286011,6.985641817639208,4.953712146696635,0.17607604045622338,0.1710989203792499,0.0028268570061529275,-0.006371702972692184,0.009957408019046099,-0.005698021114638685,0.008614554350649506,0.0337110573423125,0.015988712695771845,0.007213777751660544,0.07410797215372256,0.05644839283222769
033,2003,3514,1279,PCU312130312130,partial,140.8,8.164510268747042,7.153833801578843,4.9473404437239425,0.190321599461031,0.16819198393963486,-0.006371702972692184,-0.005698021114638685,0.0028268570061529275,0.0337110573423125,0.009957408019046099,0.053121732272970235,0.008614554350649506,0.027044922833548014,0.17607604045622338,0.1710989203792499
033,2004,4451,1640,PCU312130312130,partial,140.0,8.400884069015854,7.402451520818244,4.941642422609304,0.2363738002688116,0.2486177192394008,-0.005698021114638685,0.0337110573423125,-0.006371702972692184,0.053121732272970235,0.0028268570061529275,0.019455866615365913,0.009957408019046099,0.03542955207688288,0.190321599461031,0.16819198393963486
033,2005,4917,1770,PCU312130312130,partial,144.8,8.50045386741194,7.478734825567875,4.975353479951616,0.09956979839608593,0.07628330474963096,0.0337110573423125,0.053121732272970235,-0.005698021114638685,0.019455866615365913,-0.006371702972692184,0.022858138076050416,0.0028268570061529275,0.03181191232146219,0.2363738002688116,0.2486177192394008
033,2006,5425,1912,PCU312130312130,partial,152.7,8.59877317840866,7.555905093611346,5.028475212224587,0.09831931099671998,0.0771702680434716,0.053121732272970235,0.019455866615365913,0.0337110573423125,0.022858138076050416,-0.005698021114638685,0.018657257604542288,-0.006371702972692184,0.02032375409865287,0.09956979839608593,0.07628330474963096
033,2007,6185,2160,PCU312130312130,partial,155.7,8.729882284826589,7.67786350067821,5.0479310788399525,0.13110910641792906,0.121958407066864,0.019455866615365913,0.022858138076050416,0.053121732272970235,0.018657257604542288,0.0337110573423125,-0.003703707937484424,-0.005698021114638685,0.012603895914369426,0.09831931099671998,0.0771702680434716
033,2008,5909,2085,PCU312130312130,partial,159.3,8.684231891345675,7.642524134232902,5.070789216916003,-0.04565039348091382,-0.03533936644530833,0.022858138076050416,0.018657257604542288,0.019455866615365913,-0.003703707937484424,0.053121732272970235,0.0030873750982518544,0.0337110573423125,0.006013641588436572,0.13110910641792906,0.121958407066864
033,2009,5429,1859,PCU312130312130,partial,162.3,8.599510233905452,7.527793987721444,5.089446474520545,-0.0847216574402232,-0.11473014651145785,0.018657257604542288,-0.003703707937484424,0.022858138076050416,0.0030873750982518544,0.019455866615365913,0.013472340940767324,0.053121732272970235,0.004285336033844918,-0.04565039348091382,-0.03533936644530833
033,2010,6146,2041,PCU312130312130,partial,161.7,8.72355674269043,7.621195162809845,5.085742766583061,0.12404650878497847,0.09340117508840073,-0.003703707937484424,0.0030873750982518544,0.018657257604542288,0.013472340940767324,0.022858138076050416,0.016289952979268385,0.019455866615365913,0.01094988967276252,-0.0847216574402232,-0.11473014651145785
033,2011,7093,2368,PCU312130312130,partial,162.2,8.866863661202087,7.769800996003896,5.088830141681313,0.1433069185116569,0.1486058331940514,0.0030873750982518544,0.013472340940767324,-0.003703707937484424,0.016289952979268385,0.018657257604542288,-0.0005986231845929169,0.022858138076050416,0.009721223578480931,0.12404650878497847,0.09340117508840073
033,2012,7779,2464,PCU312130312130,partial,164.4,8.959183074206774,7.80954132465341,5.10230248262208,0.09231941300468627,0.039740328649513934,0.013472340940767324,0.016289952979268385,0.0030873750982518544,-0.0005986231845929169,-0.003703707937484424,0.0029895388483653917,0.018657257604542288,0.006226956214346953,0.1433069185116569,0.1486058331940514
033,2013,8440,2785,PCU312130312130,partial,167.1,9.040737587590003,7.932003152361385,5.118592435601348,0.08155451338322983,0.12246182770797454,0.016289952979268385,-0.0005986231845929169,0.013472340940767324,0.0029895388483653917,0.0030873750982518544,0.008915363657952646,-0.003703707937484424,0.0037687597739083736,0.09231941300468627,0.039740328649513934
033,2014,8771,2679,PCU312130312130,partial,167.0,9.079206103951382,7.893198869544609,5.117993812416755,0.03846851636137849,-0.03880428281677606,-0.0005986231845929169,0.0029895388483653917,0.016289952979268385,0.008915363657952646,0.013472340940767324,0.01875787707055654,0.0030873750982518544,0.010220926525624858,0.08155451338322983,0.12246182770797454
033,2015,8863,2871,PCU312130312130,partial,167.5,9.089640586738398,7.962415680121064,5.120983351265121,0.010434482787015753,0.06921681057645568,0.0029895388483653917,0.008915363657952646,-0.0005986231845929169,0.01875787707055654,0.016289952979268385,0.00289939315900245,0.013472340940767324,0.010190877962503878,0.03846851636137849,-0.03880428281677606
033,2016,9570,2989,PCU312130312130,partial,169.0,9.166388484447,8.002694162283937,5.1298987149230735,0.0767478977086018,0.040278482162873,0.008915363657952646,0.01875787707055654,0.0029895388483653917,0.00289939315900245,-0.0005986231845929169,0.002313477029531441,0.016289952979268385,0.007990249086363477,0.010434482787015753,0.06921681057645568
033,2017,9854,3038,PCU312130312130,partial,172.2,9.195632743103909,8.018954683155718,5.14865659199363,0.029244258656909494,0.016260520871780315,0.01875787707055654,0.00289939315900245,0.008915363657952646,0.002313477029531441,0.0029895388483653917,0.029037052854545387,-0.0005986231845929169,0.011416641014359758,0.0767478977086018,0.040278482162873
033,2018,10496,3162,PCU312130312130,partial,172.7,9.25874951118387,8.058960017769417,5.1515559851526325,0.06311676807996136,0.04000533461369926,0.00289939315900245,0.002313477029531441,0.01875787707055654,0.029037052854545387,0.008915363657952646,0.011710068845478538,0.0029895388483653917,0.014353532909851788,0.029244258656909494,0.016260520871780315
033,2019,10987,3260,PCU312130312130,partial,173.1,9.30446803470088,8.089482474360754,5.153869462182164,0.04571852351701011,0.030522456591336677,0.002313477029531441,0.029037052854545387,0.00289939315900245,0.011710068845478538,0.01875787707055654,0.05220220405103859,0.008915363657952646,0.030983108583687503,0.06311676807996136,0.04000533461369926
033,2020,11136,3485,PCU312130312130,partial,178.2,9.317938382574201,8.156223323194624,5.182906515036709,0.013470347873321131,0.0667408488338701,0.029037052854545387,0.011710068845478538,0.002313477029531441,0.05220220405103859,0.00289939315900245,0.06512531152946721,0.01875787707055654,0.04301252814199478,0.04571852351701011,0.030522456591336677
033,2021,12020,3851,PCU312130312130,partial,180.299,9.394327208089198,8.25608813381491,5.194616583882188,0.07638882551499648,0.09986481062028574,0.011710068845478538,0.05220220405103859,0.029037052854545387,0.06512531152946721,0.002313477029531441,0.008829233905894185,0.00289939315900245,0.042052249828799994,0.013470347873321131,0.0667408488338701
033,2022,10209,3174,PCU312130312130,partial,189.961,9.231024963169016,8.062747901086354,5.246818787933226,-0.16330224492018175,-0.1933402327285556,0.05220220405103859,0.06512531152946721,0.011710068845478538,0.008829233905894185,0.029037052854545387,0.0029242142184990882,0.002313477029531441,0.025626253217953494,0.07638882551499648,0.09986481062028574
033,2023,9358,2999,PCU312130312130,partial,202.744,9.143986871426161,8.00603417874901,5.311944099462694,-0.08703809174285482,-0.05671372233734395,0.06512531152946721,0.008829233905894185,0.05220220405103859,0.0029242142184990882,0.011710068845478538,,0.029037052854545387,,-0.16330224492018175,-0.1933402327285556
033,2024,8899,2883,PCU312130312130,partial,204.542,9.093694189856862,7.9665866976384025,5.320773333368588,-0.05029268156929945,-0.03944748111060736,0.008829233905894185,0.0029242142184990882,0.06512531152946721,,0.05220220405103859,,0.011710068845478538,,-0.08703809174285482,-0.05671372233734395
033,2025,7972,2716,PCU312130312130,partial,205.141,8.983690681332686,7.906915488678587,5.323697547587087,-0.1100035085241764,-0.05967120895981548,0.0029242142184990882,,0.008829233905894185,,0.06512531152946721,,0.05220220405103859,,-0.05029268156929945,-0.03944748111060736
034,1985,380,130,PCU3122--3122--,good,106.6,5.940171252720432,4.867534450455582,4.669083511731744,,,,0.0801870182301041,,0.0909717782057271,,0.114175305930452,,0.09511136745542773,,
034,1986,294,105,PCU3122--3122--,good,115.5,5.683579767338681,4.653960350157523,4.749270529961848,-0.25659148538175014,-0.21357410029805912,0.0801870182301041,0.0909717782057271,,0.114175305930452,,0.12946814173782162,,0.11153840862466691,,
034,1987,265,98,PCU3122--3122--,good,126.5,5.579729825986222,4.584967478670572,4.840242308167575,-0.1038499413524594,-0.06899287148695077,0.0909717782057271,0.114175305930452,0.0801870182301041,0.12946814173782162,,0.12669269640418168,,0.12344538135748509,-0.25659148538175014,-0.21357410029805912
034,1988,327,91,PCU3122--3122--,good,141.8,5.7899601708972535,4.51085950651685,4.954417614098027,0.21023034491103143,-0.07410797215372256,0.114175305930452,0.12946814173782162,0.0909717782057271,0.12669269640418168,0.0801870182301041,0.12455288743072312,,0.1269045751909088,-0.1038499413524594,-0.06899287148695077
034,1989,331,102,PCU3122--3122--,good,161.4,5.802118375377063,4.624972813284271,5.083885755835849,0.01215820447980942,0.11411330676742093,0.12946814173782162,0.12669269640418168,0.114175305930452,0.12455288743072312,0.0909717782057271,0.10381715661702895,0.0801870182301041,0.11835424681731124,0.21023034491103143,-0.07410797215372256
034,1990,414,126,PCU3122--3122--,good,183.2,6.025865973825314,4.836281906951478,5.21057845224003,0.22374759844825132,0.2113090936672073,0.12669269640418168,0.12455288743072312,0.12946814173782162,0.10381715661702895,0.114175305930452,-0.05445343349869347,0.0909717782057271,0.05797220351635286,0.01215820447980942,0.11411330676742093
034,1991,386,124,PCU3122--3122--,good,207.5,5.955837369464831,4.820281565605037,5.335131339670753,-0.0700286043604832,-0.016000341346440905,0.12455288743072312,0.10381715661702895,0.12669269640418168,-0.05445343349869347,0.12946814173782162,-0.1491174960149264,0.114175305930452,-0.033251257632196975,0.22374759844825132,0.2113090936672073
034,1992,485,120,PCU3122--3122--,good,230.2,6.184148890937483,4.787491742782046,5.438948496287782,0.22831152147265232,-0.032789822822991255,0.10381715661702895,-0.05445343349869347,0.12455288743072312,-0.1491174960149264,0.12669269640418168,0.0283483550042547,0.12946814173782162,-0.05840752483645506,-0.0700286043604832,-0.016000341346440905
034,1993,530,133,PCU3122--3122--,good,218.0,6.272877006546167,4.890349128221754,5.384495062789089,0.0887281156086841,0.1028573854397079,-0.05445343349869347,-0.1491174960149264,0.10381715661702895,0.0283483550042547,0.12455288743072312,0.030081289291733704,0.12669269640418168,-0.030229283906312666,0.22831152147265232,-0.032789822822991255
034,1994,449,129,PCU3122--3122--,good,187.8,6.1070228877422545,4.859812404361672,5.235377566774162,-0.16585411880391288,-0.03053672386008177,-0.1491174960149264,0.0283483550042547,-0.05445343349869347,0.030081289291733704,0.10381715661702895,0.05710260559705649,0.12455288743072312,0.03851074996434829,0.0887281156086841,0.1028573854397079
034,1995,669,204,PCU3122--3122--,good,193.2,6.505784060128229,5.318119993844216,5.263725921778417,0.3987611723859743,0.45830758948254413,0.0283483550042547,0.030081289291733704,-0.1491174960149264,0.05710260559705649,-0.05445343349869347,0.1425630646548699,0.10381715661702895,0.07658231984788669,-0.16585411880391288,-0.03053672386008177
034,1996,990,419,PCU3122--3122--,good,199.1,6.897704943128636,6.037870919922137,5.293807211070151,0.39192088300040684,0.7197509260779213,0.030081289291733704,0.05710260559705649,0.0283483550042547,0.1425630646548699,-0.1491174960149264,0.29250383096011046,-0.05445343349869347,0.16405650040401226,0.3987611723859743,0.45830758948254413
034,1997,1419,645,PCU3122--3122--,good,210.8,7.257707677160043,6.4692503167957724,5.350909816667207,0.3600027340314069,0.431379396873635,0.05710260559705649,0.1425630646548699,0.030081289291733704,0.29250383096011046,0.0283483550042547,0.05988386096700271,-0.1491174960149264,0.16498358552732767,0.39192088300040684,0.7197509260779213
034,1998,856,331,PCU3122--3122--,good,243.1,6.752270376141742,5.802118375377063,5.493472881322077,-0.5054373010183006,-0.6671319414187096,0.1425630646548699,0.29250383096011046,0.05710260559705649,0.05988386096700271,0.030081289291733704,0.11023583002100068,0.0283483550042547,0.15420784064937126,0.3600027340314069,0.431379396873635
034,1999,736,267,PCU3122--3122--,good,325.7,6.601230118728877,5.58724865840025,5.785976712282188,-0.1510402574128653,-0.21486971697681323,0.29250383096011046,0.05988386096700271,0.1425630646548699,0.11023583002100068,0.05710260559705649,0.04010689818496438,0.030081289291733704,0.07007552972432259,-0.5054373010183006,-0.6671319414187096
034,2000,804,280,PCU3122--3122--,good,345.8,6.6895992691789665,5.634789603169249,5.84586057324919,0.08836915045008986,0.047540944768999616,0.05988386096700271,0.11023583002100068,0.29250383096011046,0.04010689818496438,0.1425630646548699,-0.06157369109971267,0.05710260559705649,0.02958967903541746,-0.1510402574128653,-0.21486971697681323
034,2001,824,259,PCU3122--3122--,good,386.1,6.714170529909472,5.556828061699537,5.956096403270191,0.02457126073050553,-0.0779615414697119,0.11023583002100068,0.04010689818496438,0.05988386096700271,-0.06157369109971267,0.29250383096011046,0.004751856882314165,0.1425630646548699,-0.005571645344144708,0.08836915045008986,0.047540944768999616
034,2002,1123,349,PCU3122--3122--,good,401.9,7.023758954738443,5.855071922202427,5.9962033014551555,0.30958842482897087,0.29824386050288965,0.04010689818496438,-0.06157369109971267,0.11023583002100068,0.004751856882314165,0.05988386096700271,0.05457996006881238,0.29250383096011046,-0.0007472913828620401,0.02457126073050553,-0.0779615414697119
034,2003,1074,319,PCU3122--3122--,good,377.9,6.97914527506881,5.765191102784844,5.934629610355443,-0.04461367966963259,-0.08988081941758264,-0.06157369109971267,0.004751856882314165,0.04010689818496438,0.05457996006881238,0.11023583002100068,0.00695827857216802,0.05988386096700271,0.022096698507764856,0.30958842482897087,0.29824386050288965
034,2004,1009,350,PCU3122--3122--,good,379.7,6.9167150203536085,5.857933154483459,5.939381467237757,-0.062430254715201805,0.0927420516986146,0.004751856882314165,0.05457996006881238,-0.06157369109971267,0.00695827857216802,0.04010689818496438,0.061702035545573075,0.11023583002100068,0.041080091395517826,-0.04461367966963259,-0.08988081941758264
034,2005,1122,326,PCU3122--3122--,good,401.0,7.022868086082641,5.786897381366708,5.993961427306569,0.10615306572903283,-0.07103577311675124,0.05457996006881238,0.00695827857216802,0.004751856882314165,0.061702035545573075,-0.06157369109971267,0.03971311451509507,0.04010689818496438,0.03612447621094539,-0.062430254715201805,0.0927420516986146
034,2006,1124,311,PCU3122--3122--,good,403.8,7.024649030453636,5.739792912179234,6.000919705878737,0.0017809443709948525,-0.047104469187473796,0.00695827857216802,0.061702035545573075,0.05457996006881238,0.03971311451509507,0.004751856882314165,0.06055880679610759,-0.06157369109971267,0.053991318952258574,0.10615306572903283,-0.07103577311675124
034,2007,1274,332,PCU3122--3122--,good,429.5,7.149916836132109,5.805134968916488,6.06262174142431,0.1252678056784724,0.06534205673725424,0.061702035545573075,0.03971311451509507,0.00695827857216802,0.06055880679610759,0.05457996006881238,0.05749768044240611,0.004751856882314165,0.05258986725120292,0.0017809443709948525,-0.047104469187473796
034,2008,1392,318,PCU3122--3122--,good,446.9,7.238496840894365,5.762051382780177,6.1023348559394055,0.08858000476225669,-0.04308358613631125,0.03971311451509507,0.06055880679610759,0.061702035545573075,0.05749768044240611,0.00695827857216802,0.0583176806507959,0.05457996006881238,0.05879138929643653,0.1252678056784724,0.06534205673725424
034,2009,1358,351,PCU3122--3122--,good,474.8,7.213768308118642,5.860786223465865,6.162893662735513,-0.024728532775723622,0.0987348406856885,0.06055880679610759,0.05749768044240611,0.03971311451509507,0.0583176806507959,0.061702035545573075,0.04511215956679315,0.00695827857216802,0.05364250688666505,0.08858000476225669,-0.04308358613631125
034,2010,1381,422,PCU3122--3122--,good,502.9,7.2305631534092925,6.045005314036012,6.220391343177919,0.016794845290650784,0.18421909057014663,0.05749768044240611,0.0583176806507959,0.06055880679610759,0.04511215956679315,0.03971311451509507,0.03575268527686948,0.061702035545573075,0.04639417516481951,-0.024728532775723622,0.0987348406856885
034,2011,1758,554,PCU3122--3122--,good,533.1,7.471932078245122,6.317164686747284,6.278709023828715,0.24136892483582972,0.2721593727112719,0.0583176806507959,0.04511215956679315,0.05749768044240611,0.03575268527686948,0.06055880679610759,0.04648069432076962,0.03971311451509507,0.042448513054810746,0.016794845290650784,0.18421909057014663
034,2012,1883,623,PCU3122--3122--,good,557.7,7.5406215286571525,6.434546518787453,6.323821183395508,0.06868945041203034,0.11738183204016917,0.04511215956679315,0.03575268527686948,0.0583176806507959,0.04648069432076962,0.05749768044240611,0.04236003491150786,0.06055880679610759,0.04153113816971565,0.24136892483582972,0.2721593727112719
034,2013,2854,1059,PCU3122--3122--,good,578.0,7.956476798036782,6.9650803456014065,6.359573868672378,0.41585526937962936,0.5305338268139534,0.03575268527686948,0.04648069432076962,0.04511215956679315,0.04236003491150786,0.0583176806507959,0.04669988922022217,0.05749768044240611,0.045180206150833215,0.06868945041203034,0.11738183204016917
034,2014,2982,1162,PCU3122--3122--,good,605.5,8.000349495324684,7.057897937411856,6.406054562993147,0.04387269728790244,0.09281759181044968,0.04648069432076962,0.04236003491150786,0.03575268527686948,0.04669988922022217,0.04511215956679315,0.04879735843991462,0.0583176806507959,0.045952427523881546,0.41585526937962936,0.5305338268139534
034,2015,3804,1592,PCU3122--3122--,good,631.7,8.24380842366528,7.3727463664043285,6.448414597904655,0.2434589283405959,0.31484842899247223,0.04236003491150786,0.04669988922022217,0.04648069432076962,0.04879735843991462,0.03575268527686948,0.054188380155157034,0.04511215956679315,0.04989520927176461,0.04387269728790244,0.09281759181044968
034,2016,3174,1259,PCU3122--3122--,good,661.9,8.062747901086354,7.138073034044347,6.495114487124877,-0.18106052257892635,-0.23467333235998122,0.04669988922022217,0.04879735843991462,0.04236003491150786,0.054188380155157034,0.04648069432076962,0.06093725082854817,0.03575268527686948,0.05464099647453994,0.2434589283405959,0.31484842899247223
034,2017,3501,1289,PCU3122--3122--,good,695.0,8.160803920954665,7.161622002939187,6.543911845564792,0.09805601986831114,0.023548968894839817,0.04879735843991462,0.054188380155157034,0.04669988922022217,0.06093725082854817,0.04236003491150786,0.05379721006316984,0.04648069432076962,0.05630761368229168,-0.18106052257892635,-0.23467333235998122
034,2018,3799,1538,PCU3122--3122--,good,733.7,8.242493153187626,7.338238150065589,6.598100225719949,0.08168923223296076,0.17661614712640183,0.054188380155157034,0.06093725082854817,0.04879735843991462,0.05379721006316984,0.04669988922022217,0.07439116382729782,0.04236003491150786,0.06304187490633861,0.09805601986831114,0.023548968894839817
034,2019,4906,2002,PCU3122--3122--,good,779.8,8.498214224818435,7.601901959875166,6.659037476548497,0.25572107163080915,0.26366380980957693,0.06093725082854817,0.05379721006316984,0.054188380155157034,0.07439116382729782,0.04879735843991462,0.08953090039348321,0.04669988922022217,0.07257309142798363,0.08168923223296076,0.17661614712640183
034,2020,4075,1896,PCU3122--3122--,good,822.9,8.312626025674962,7.547501682814967,6.712834686611667,-0.18558819914347247,-0.05440027706019901,0.05379721006316984,0.07439116382729782,0.06093725082854817,0.08953090039348321,0.054188380155157034,0.10435028587391137,0.04879735843991462,0.0894241166982308,0.25572107163080915,0.26366380980957693
034,2021,4841,2286,PCU3122--3122--,good,886.451,8.484876589939695,7.734558844354756,6.787225850438965,0.17225056426473273,0.1870571615397889,0.07439116382729782,0.08953090039348321,0.05379721006316984,0.10435028587391137,0.06093725082854817,0.10368837687999655,0.054188380155157034,0.09918985438246371,-0.18558819914347247,-0.05440027706019901
034,2022,4170,1835,PCU3122--3122--,good,969.477,8.335671314792847,7.51479976048867,6.876756750832448,-0.14920527514684778,-0.21975908386608545,0.08953090039348321,0.10435028587391137,0.07439116382729782,0.10368837687999655,0.05379721006316984,0.10304313997223158,0.06093725082854817,0.1036939342420465,0.17225056426473273,0.1870571615397889
034,2023,4630,1896,PCU3122--3122--,good,1076.109,8.440312147080279,7.547501682814967,6.9811070367063595,0.1046408322874317,0.03270192232629654,0.10435028587391137,0.10368837687999655,0.08953090039348321,0.10304313997223158,0.07439116382729782,,0.05379721006316984,,-0.14920527514684778,-0.21975908386608545
034,2024,3777,1498,PCU3122--3122--,good,1193.679,8.236685322712457,7.311886164077165,7.084795413586356,-0.20362682436782187,-0.23561551873780218,0.10368837687999655,0.10304313997223158,0.10435028587391137,,0.08953090039348321,,0.07439116382729782,,0.1046408322874317,0.03270192232629654
034,2025,3383,1396,PCU3122--3122--,good,1323.24,8.12651816878071,7.241366283322318,7.187838553558588,-0.11016715393174792,-0.07051988075484683,0.10304313997223158,,0.10368837687999655,,0.10435028587391137,,0.08953090039348321,,-0.20362682436782187,-0.23561551873780218
035,1996,12898,7341,PCU541810541810,partial,101.7,9.464827539570322,8.901230352110781,4.622027303054514,,,,0.02043866767727387,,0.014347448408141616,,0.019746762934834905,,0.018177626340083464,,
035,1997,17568,9622,PCU541810541810,partial,103.8,9.773834344309257,9.171807422259398,4.642465970731788,0.30900680473893516,0.270577070148617,0.02043866767727387,0.014347448408141616,,0.019746762934834905,,0.02573671464404992,,0.019943641995675478,,
035,1998,20036,10659,PCU541810541810,partial,105.3,9.905285934477508,9.274159884689137,4.6568134191399295,0.13145159016825048,0.10235246242973872,0.014347448408141616,0.019746762934834905,0.02043866767727387,0.02573671464404992,,0.05301594769899687,,0.032833141759293895,0.30900680473893516,0.270577070148617
035,1999,37264,19027,PCU541810541810,partial,107.4,10.525782992124123,9.8536143020404,4.676560182074764,0.6204970576466149,0.579454417351263,0.019746762934834905,0.02573671464404992,0.014347448408141616,0.05301594769899687,0.02043866767727387,0.022969959278925423,,0.0339075405406574,0.13145159016825048,0.10235246242973872
035,2000,44695,21741,PCU541810541810,partial,110.2,10.707616917521953,9.986955157777391,4.702296896718814,0.1818339253978305,0.13334085573699106,0.02573671464404992,0.05301594769899687,0.019746762934834905,0.022969959278925423,0.014347448408141616,0.016680953924010034,0.02043866767727387,0.03088895363397744,0.6204970576466149,0.579454417351263
035,2001,24898,12235,PCU541810541810,partial,116.2,10.122542757941732,9.412055975876772,4.755312844417811,-0.5850741595802216,-0.5748991819006193,0.05301594769899687,0.022969959278925423,0.02573671464404992,0.016680953924010034,0.019746762934834905,0.003303058329257702,0.014347448408141616,0.014317990510731052,0.1818339253978305,0.13334085573699106
035,2002,23937,12447,PCU541810541810,partial,118.9,10.08318065797639,9.429234909000977,4.778282803696737,-0.03936209996534146,0.01717893312420493,0.022969959278925423,0.016680953924010034,0.05301594769899687,0.003303058329257702,0.02573671464404992,0.01310420062198503,0.019746762934834905,0.011029404291750922,-0.5850741595802216,-0.5748991819006193
035,2003,24903,13137,PCU541810541810,partial,120.9,10.122743557123146,9.483187955469509,4.794963757620747,0.03956289914675537,0.05395304646853205,0.016680953924010034,0.003303058329257702,0.022969959278925423,0.01310420062198503,0.05301594769899687,0.026496933535123723,0.02573671464404992,0.014301397495455484,-0.03936209996534146,0.01717893312420493
035,2004,28897,15327,PCU541810541810,partial,121.3,10.271493062483911,9.637371257998907,4.798266815950004,0.14874950536076526,0.1541833025293986,0.003303058329257702,0.01310420062198503,0.016680953924010034,0.026496933535123723,0.022969959278925423,0.00867855545624785,0.05301594769899687,0.016093229871118865,0.03956289914675537,0.05395304646853205
035,2005,32135,17020,PCU541810541810,partial,122.9,10.377701057805387,9.742144402127366,4.811371016571989,0.10620799532147629,0.10477314412845828,0.01310420062198503,0.026496933535123723,0.003303058329257702,0.00867855545624785,0.016680953924010034,0.009382398771913714,0.022969959278925423,0.014852629254428429,0.14874950536076526,0.1541833025293986
035,2006,36290,19078,PCU541810541810,partial,126.2,10.499297500207115,9.856291117705153,4.837867950107113,0.12159644240172796,0.1141467155777871,0.026496933535123723,0.00867855545624785,0.01310420062198503,0.009382398771913714,0.003303058329257702,-0.008597161197211989,0.016680953924010034,0.003154597676983191,0.10620799532147629,0.10477314412845828
035,2007,42168,21962,PCU541810541810,partial,127.3,10.649416918535042,9.99706896615766,4.846546505563361,0.15011941832792708,0.1407778484525064,0.00867855545624785,0.009382398771913714,0.026496933535123723,-0.008597161197211989,0.01310420062198503,-0.0007852375747017248,0.003303058329257702,0.0,0.12159644240172796,0.1141467155777871
035,2008,41054,21244,PCU541810541810,partial,128.5,10.622643552277124,9.96382978154229,4.855928904335275,-0.026773366257918596,-0.03323918461537012,0.009382398771913714,-0.008597161197211989,0.00867855545624785,-0.0007852375747017248,0.026496933535123723,0.008603885692499702,0.01310420062198503,-0.0002595043598046705,0.15011941832792708,0.1407778484525064
035,2009,37132,19531,PCU541810541810,partial,127.4,10.522234410519824,9.879758225836891,4.847331743138063,-0.10040914175730009,-0.08407155570539793,-0.008597161197211989,-0.0007852375747017248,0.009382398771913714,0.008603885692499702,0.00867855545624785,0.013921338518607662,0.026496933535123723,0.007246662212135213,-0.026773366257918596,-0.03323918461537012
035,2010,39269,20107,PCU541810541810,partial,127.3,10.578190682516476,9.908823292125648,4.846546505563361,0.05595627199665287,0.029065066288756825,-0.0007852375747017248,0.008603885692499702,-0.008597161197211989,0.013921338518607662,0.009382398771913714,0.015244197643117907,0.00867855545624785,0.012589807284741756,-0.10040914175730009,-0.08407155570539793
035,2011,44047,22547,PCU541810541810,partial,128.4,10.693012524618325,10.023357298386513,4.855150391255861,0.11482184210184876,0.11453400626086463,0.008603885692499702,0.013921338518607662,-0.0007852375747017248,0.015244197643117907,-0.008597161197211989,0.020958851020843383,0.009382398771913714,0.016708129060856315,0.05595627199665287,0.029065066288756825
035,2012,44206,22354,PCU541810541810,partial,130.2,10.696615805459388,10.014760554945557,4.869071729774468,0.0036032808410624284,-0.008596743440955734,0.013921338518607662,0.015244197643117907,0.008603885692499702,0.020958851020843383,-0.0007852375747017248,0.013245226750020933,-0.008597161197211989,0.016482758471327408,0.11482184210184876,0.11453400626086463
035,2013,44942,22600,PCU541810541810,partial,132.2,10.713128048531878,10.025705185260378,4.884315927417586,0.016512243072490662,0.010944630314821069,0.015244197643117907,0.020958851020843383,0.013921338518607662,0.013245226750020933,0.008603885692499702,0.009458055226795992,-0.0007852375747017248,0.014554044332553435,0.0036032808410624284,-0.008596743440955734
035,2014,47688,24132,PCU541810541810,partial,135.0,10.772435072899762,10.091294039560653,4.90527477843843,0.059307024367884154,0.06558885430027495,0.020958851020843383,0.013245226750020933,0.015244197643117907,0.009458055226795992,0.013921338518607662,0.008651820370513263,0.008603885692499702,0.010451700782443396,0.016512243072490662,0.010944630314821069
035,2015,51283,26193,PCU541810541810,partial,136.8,10.84511459222345,10.173247478478917,4.918520005188451,0.0726795193236871,0.0819534389182639,0.013245226750020933,0.009458055226795992,0.020958851020843383,0.008651820370513263,0.015244197643117907,0.002867385477156148,0.013921338518607662,0.006992420358155134,0.059307024367884154,0.06558885430027495
035,2016,50596,25780,PCU541810541810,partial,138.1,10.831627800767432,10.157354276493178,4.9279780604152466,-0.0134867914560175,-0.015893201985738514,0.009458055226795992,0.008651820370513263,0.013245226750020933,0.002867385477156148,0.020958851020843383,0.008553152641718853,0.015244197643117907,0.006690786163129421,0.0726795193236871,0.0819534389182639
035,2017,54838,27994,PCU541810541810,partial,139.3,10.91213866328109,10.239745480480591,4.93662988078576,0.08051086251365724,0.08239120398741306,0.008651820370513263,0.002867385477156148,0.009458055226795992,0.008553152641718853,0.013245226750020933,-0.018625180233922123,0.020958851020843383,-0.0024015473716823737,-0.0134867914560175,-0.015893201985738514
035,2018,57079,29192,PCU541810541810,partial,139.7,10.95219155216611,10.281649978116283,4.939497266262916,0.04005288888502001,0.041904497635691484,0.002867385477156148,0.008553152641718853,0.008651820370513263,-0.018625180233922123,0.009458055226795992,0.0024842580226858146,0.013245226750020933,-0.002529256523172485,0.08051086251365724,0.08239120398741306
035,2019,59533,30566,PCU541810541810,partial,140.9,10.994286059636607,10.327643559087782,4.948050418904635,0.042094507470498144,0.045993580971499526,0.008553152641718853,-0.018625180233922123,0.002867385477156148,0.0024842580226858146,0.008651820370513263,0.06979940880850855,0.009458055226795992,0.017886162199090744,0.04005288888502001,0.041904497635691484
035,2020,67073,37291,PCU541810541810,partial,138.3,11.11353685748066,10.526507289654278,4.929425238670713,0.11925079784405312,0.19886373056649553,-0.018625180233922123,0.0024842580226858146,0.008553152641718853,0.06979940880850855,0.002867385477156148,0.010085716314194748,0.008651820370513263,0.027456461048463034,0.042094507470498144,0.045993580971499526
035,2021,74047,40267,PCU541810541810,partial,138.644,11.212455305708485,10.603287553926174,4.9319094966933985,0.09891844822782403,0.07678026427189621,0.0024842580226858146,0.06979940880850855,-0.018625180233922123,0.010085716314194748,0.008553152641718853,0.008500531907735365,0.002867385477156148,0.029461885676812884,0.11925079784405312,0.19886373056649553
035,2022,69503,35570,PCU541810541810,partial,148.667,11.149125196088907,10.4792578649425,5.001708905501907,-0.06333010961957797,-0.12402968898367384,0.06979940880850855,0.010085716314194748,0.0024842580226858146,0.008500531907735365,-0.018625180233922123,0.00740044885568647,0.008553152641718853,0.008662232359205527,0.09891844822782403,0.07678026427189621
035,2023,66426,35265,PCU541810541810,partial,150.174,11.103843825087521,10.470646249642279,5.011794621816102,-0.045281371001385295,-0.008611615300221587,0.010085716314194748,0.008500531907735365,0.06979940880850855,0.00740044885568647,0.0024842580226858146,,-0.018625180233922123,,-0.06333010961957797,-0.12402968898367384
035,2024,65744,35190,PCU541810541810,partial,151.456,11.093523691123192,10.46851723031563,5.020295153723837,-0.010320133964329514,-0.0021290193266487734,0.008500531907735365,0.00740044885568647,0.010085716314194748,,0.06979940880850855,,0.0024842580226858146,,-0.045281371001385295,-0.008611615300221587
035,2025,69824,38547,PCU541810541810,partial,152.581,11.153733069192743,10.55963355495159,5.027695602579524,0.06020937806955118,0.09111632463596031,0.00740044885568647,,0.008500531907735365,,0.010085716314194748,,0.06979940880850855,,-0.010320133964329514,-0.0021290193266487734
036,1999,17342,7004,PCU524126524126,partial,100.8,9.760886583937106,8.854236693405742,4.613138355637268,,,,0.011834457647002417,,0.023256862164267922,,0.04128165897330405,,0.02545765959485813,,
036,2000,20563,8056,PCU524126524126,partial,102.0,9.931248623321519,8.994172434398399,4.624972813284271,0.17036203938441297,0.13993574099265693,0.011834457647002417,0.023256862164267922,,0.04128165897330405,,0.056289981305994274,,0.04027616748118874,,
036,2001,13019,4931,PCU524126524126,partial,104.4,9.474165107897397,8.503297086224126,4.648229675448539,-0.45708351542412196,-0.4908753481742725,0.023256862164267922,0.04128165897330405,0.011834457647002417,0.056289981305994274,,0.031640091200707765,,0.043070577160002024,0.17036203938441297,0.13993574099265693
036,2002,12146,4687,PCU524126524126,partial,108.8,9.40475517645752,8.452547997922705,4.689511334421843,-0.06940993143987662,-0.050749088301421,0.04128165897330405,0.056289981305994274,0.023256862164267922,0.031640091200707765,0.011834457647002417,0.01917524363050216,,0.03570177204573473,-0.45708351542412196,-0.4908753481742725
036,2003,12811,5078,PCU524126524126,partial,115.1,9.458059455856434,8.532672762264625,4.745801315727837,0.05330427939891358,0.08012476434191917,0.056289981305994274,0.031640091200707765,0.04128165897330405,0.01917524363050216,0.023256862164267922,0.005763704716749807,0.011834457647002417,0.01885967984931991,-0.06940993143987662,-0.050749088301421
036,2004,14300,5877,PCU524126524126,partial,118.8,9.568014816247999,8.678801706612651,4.777441406928545,0.10995536039156484,0.14612894434802648,0.031640091200707765,0.01917524363050216,0.056289981305994274,0.005763704716749807,0.04128165897330405,0.0032786914616984575,0.023256862164267922,0.009405879936316808,0.05330427939891358,0.08012476434191917
036,2005,16135,6598,PCU524126524126,partial,121.1,9.688746104486063,8.794521851788527,4.796616650559047,0.12073128823806378,0.11572014517587625,0.01917524363050216,0.005763704716749807,0.031640091200707765,0.0032786914616984575,0.056289981305994274,0.012200232660947385,0.04128165897330405,0.00708087627979855,0.10995536039156484,0.14612894434802648
036,2006,17566,7176,PCU524126524126,partial,121.8,9.773720494477063,8.878497403738631,4.802380355275797,0.08497438999100027,0.08397555195010398,0.005763704716749807,0.0032786914616984575,0.01917524363050216,0.012200232660947385,0.031640091200707765,0.024751762604682703,0.056289981305994274,0.013410228909109515,0.12073128823806378,0.11572014517587625
036,2007,19070,7830,PCU524126524126,partial,122.2,9.855871698594465,8.965717788984849,4.805659046737495,0.08215120411740173,0.08722038524621745,0.0032786914616984575,0.012200232660947385,0.005763704716749807,0.024751762604682703,0.01917524363050216,0.016425867942016836,0.031640091200707765,0.01779262106921564,0.08497438999100027,0.08397555195010398
036,2008,16710,6856,PCU524126524126,partial,123.7,9.72376262158944,8.832879460277615,4.8178592793984425,-0.1321090770050244,-0.13283832870723344,0.012200232660947385,0.024751762604682703,0.0032786914616984575,0.016425867942016836,0.005763704716749807,0.026790733557765734,0.01917524363050216,0.02265612136815509,0.08215120411740173,0.08722038524621745
036,2009,14115,5945,PCU524126524126,partial,126.8,9.55499334068759,8.690305809124883,4.842611042003125,-0.1687692809018504,-0.14257365115273224,0.024751762604682703,0.016425867942016836,0.012200232660947385,0.026790733557765734,0.0032786914616984575,0.023881732003387057,0.005763704716749807,0.022366111167723208,-0.1321090770050244,-0.13283832870723344
036,2010,14535,5959,PCU524126524126,partial,128.9,9.584314812992977,8.69265796074698,4.859036909945142,0.029321472305387175,0.0023521516220963434,0.016425867942016836,0.026790733557765734,0.024751762604682703,0.023881732003387057,0.012200232660947385,0.013914541600331454,0.0032786914616984575,0.021529002387161413,-0.1687692809018504,-0.14257365115273224
036,2011,15836,6412,PCU524126524126,partial,132.4,9.670041108226021,8.765926513729443,4.885827643502908,0.08572629523304443,0.07326855298246393,0.026790733557765734,0.023881732003387057,0.016425867942016836,0.013914541600331454,0.024751762604682703,0.013005963679133536,0.012200232660947385,0.016934079094284016,0.029321472305387175,0.0023521516220963434
036,2012,15639,6229,PCU524126524126,partial,135.6,9.657523073436215,8.736971085254146,4.909709375506295,-0.01251803478980662,-0.02895542847529775,0.023881732003387057,0.013914541600331454,0.026790733557765734,0.013005963679133536,0.016425867942016836,0.01778773331226713,0.024751762604682703,0.014902746197244039,0.08572629523304443,0.07326855298246393
036,2013,16610,6743,PCU524126524126,partial,137.5,9.71776020260734,8.816260208734581,4.923623917106626,0.060237129171126114,0.07928912348043582,0.013914541600331454,0.013005963679133536,0.023881732003387057,0.01778773331226713,0.026790733557765734,0.025070951001391784,0.016425867942016836,0.018621549330930815,-0.01251803478980662,-0.02895542847529775
036,2014,17486,7383,PCU524126524126,partial,139.3,9.769155839740836,8.906935339059165,4.93662988078576,0.0513956371334956,0.09067513032458407,0.013005963679133536,0.01778773331226713,0.013914541600331454,0.025070951001391784,0.023881732003387057,0.028476500440958397,0.026790733557765734,0.02377839491820577,0.060237129171126114,0.07928912348043582
036,2015,19360,8102,PCU524126524126,partial,141.8,9.870964360830568,8.999866223762636,4.954417614098027,0.10180852108973149,0.09293088470347044,0.01778773331226713,0.025070951001391784,0.013005963679133536,0.028476500440958397,0.013914541600331454,0.023126237123261006,0.023881732003387057,0.02555789618853706,0.0513956371334956,0.09067513032458407
036,2016,18716,8093,PCU524126524126,partial,145.4,9.837134051986107,8.998754769495703,4.979488565099419,-0.03383030884446114,-0.001111454266933265,0.025070951001391784,0.028476500440958397,0.01778773331226713,0.023126237123261006,0.013005963679133536,0.02196470731656941,0.013914541600331454,0.024522481626929604,0.10180852108973149,0.09293088470347044
036,2017,21195,9308,PCU524126524126,partial,149.6,9.961520583786738,9.138629524422182,5.007965065540377,0.12438653180063142,0.13987475492647938,0.028476500440958397,0.023126237123261006,0.025070951001391784,0.02196470731656941,0.01778773331226713,0.014589538832828097,0.013005963679133536,0.019893494424219504,-0.03383030884446114,-0.001111454266933265
036,2018,23240,10169,PCU524126524126,partial,153.1,10.053630210965848,9.227099155791137,5.031091302663638,0.09210962717910931,0.08846963136895525,0.023126237123261006,0.02196470731656941,0.028476500440958397,0.014589538832828097,0.025070951001391784,-0.013765597215807723,0.01778773331226713,0.007596216311196594,0.12438653180063142,0.13987475492647938
036,2019,22873,9784,PCU524126524126,partial,156.5,10.037712454627359,9.188503677367008,5.0530560099802075,-0.015917756338488687,-0.03859547842412958,0.02196470731656941,0.014589538832828097,0.023126237123261006,-0.013765597215807723,0.028476500440958397,0.01956737411089815,0.025070951001391784,0.006797105242639508,0.09210962717910931,0.08846963136895525
036,2020,23573,10672,PCU524126524126,partial,158.8,10.067857268271947,9.275378768155404,5.067645548813036,0.030144813644588098,0.08687509078839639,0.014589538832828097,-0.013765597215807723,0.02196470731656941,0.01956737411089815,0.023126237123261006,0.06720402277836879,0.028476500440958397,0.024335266557819736,-0.015917756338488687,-0.03859547842412958
036,2021,26923,12210,PCU524126524126,partial,156.629,10.200736218857122,9.41001056710475,5.053879951597228,0.13287895058517485,0.1346317989493464,-0.013765597215807723,0.01956737411089815,0.014589538832828097,0.06720402277836879,0.02196470731656941,0.07683007919664675,0.023126237123261006,0.054533825361971225,0.030144813644588098,0.08687509078839639
036,2022,26039,11165,PCU524126524126,partial,159.724,10.167350693127355,9.320539164274258,5.073447325708126,-0.033385525729766385,-0.08947140283049215,0.01956737411089815,0.06720402277836879,-0.013765597215807723,0.07683007919664675,0.014589538832828097,0.05556941161700735,0.02196470731656941,0.06653450453067429,0.13287895058517485,0.1346317989493464
036,2023,22496,9736,PCU524126524126,partial,170.827,10.021092794610391,9.183585634667363,5.140651348486495,-0.14625789851696425,-0.13695352960689533,0.06720402277836879,0.07683007919664675,0.01956737411089815,0.05556941161700735,-0.013765597215807723,,0.014589538832828097,,-0.033385525729766385,-0.08947140283049215
036,2024,23399,10650,PCU524126524126,partial,184.469,10.06044856538989,9.273315171137572,5.217481427683142,0.039355770779499366,0.08972953647020887,0.07683007919664675,0.05556941161700735,0.06720402277836879,,0.01956737411089815,,-0.013765597215807723,,-0.14625789851696425,-0.13695352960689533
036,2025,25154,11633,PCU524126524126,partial,195.01,10.1327722086071,9.361601165816767,5.273050839300149,0.07232364321721008,0.08828599467919496,0.05556941161700735,,0.07683007919664675,,0.06720402277836879,,0.01956737411089815,,0.039355770779499366,0.08972953647020887
038,1996,4671,1683,PCU517311517311,partial,118.7,8.449128460502108,7.428333194190806,4.776599301615622,,,,-0.002530579165717306,,-0.011894787652148686,,-0.02509867792972642,,-0.013174681582530804,,
038,1997,4745,1696,PCU517311517311,partial,118.4,8.464846711044029,7.4360278163518485,4.774068722449905,0.01571825054192111,0.0076946221610425525,-0.002530579165717306,-0.011894787652148686,,-0.02509867792972642,,-0.022154206920819597,,-0.019715890834231566,,
038,1998,5151,1993,PCU517311517311,partial,117.0,8.546946149565585,7.597396320212795,4.762173934797756,0.08209943852155632,0.16136850386094626,-0.011894787652148686,-0.02509867792972642,-0.002530579165717306,-0.022154206920819597,,-0.028170876966695957,,-0.025141253939080656,0.01571825054192111,0.0076946221610425525
038,1999,10433,4414,PCU517311517311,partial,114.1,9.25272913846797,8.392536586816682,4.73707525686803,0.705782988902385,0.7951402666038874,-0.02509867792972642,-0.022154206920819597,-0.011894787652148686,-0.028170876966695957,-0.002530579165717306,-0.04428420224872642,,-0.03153642871208066,0.08209943852155632,0.16136850386094626
038,2000,14509,6216,PCU517311517311,partial,111.6,9.582524425515684,8.734881892047483,4.71492104994721,0.3297952870477143,0.34234530523080053,-0.022154206920819597,-0.028170876966695957,-0.02509867792972642,-0.04428420224872642,-0.011894787652148686,-0.02043866767727387,-0.002530579165717306,-0.030964582297565414,0.705782988902385,0.7951402666038874
038,2001,6628,2771,PCU517311517311,partial,108.5,8.799058378546453,7.9269635448629785,4.686750172980514,-0.783466046969231,-0.8079183471845042,-0.028170876966695957,-0.04428420224872642,-0.022154206920819597,-0.02043866767727387,-0.02509867792972642,-0.02186965888996717,-0.011894787652148686,-0.028864176271989152,0.3297952870477143,0.34234530523080053
038,2002,4740,1951,PCU517311517311,partial,103.8,8.463792414689122,7.576097340623111,4.642465970731788,-0.33526596385733143,-0.3508662042398676,-0.04428420224872642,-0.02043866767727387,-0.028170876966695957,-0.02186965888996717,-0.022154206920819597,-0.0060484055358802635,-0.02509867792972642,-0.016118910701040434,-0.783466046969231,-0.8079183471845042
038,2003,4465,1864,PCU517311517311,partial,101.7,8.4040244933106,7.530479995245536,4.622027303054514,-0.059767921378522715,-0.04561734537757456,-0.02043866767727387,-0.02186965888996717,-0.04428420224872642,-0.0060484055358802635,-0.028170876966695957,0.00905894468875168,-0.022154206920819597,-0.006286373245698584,-0.33526596385733143,-0.3508662042398676
038,2004,5139,2241,PCU517311517311,partial,99.5,8.54461378699223,7.714677473800927,4.600157644164547,0.14058929368163042,0.18419747855539104,-0.02186965888996717,-0.0060484055358802635,-0.02043866767727387,0.00905894468875168,-0.04428420224872642,0.030589459522585294,-0.028170876966695957,0.011199999558485569,-0.059767921378522715,-0.04561734537757456
038,2005,6310,2664,PCU517311517311,partial,98.9,8.749890955535259,7.88758403166028,4.594109238628667,0.20527716854302902,0.17290655785935272,-0.0060484055358802635,0.00905894468875168,-0.02186965888996717,0.030589459522585294,-0.02043866767727387,0.016385908790819137,-0.04428420224872642,0.018678104334052037,0.14058929368163042,0.18419747855539104
038,2006,7375,3223,PCU517311517311,partial,99.8,8.905851181208021,8.078067881815437,4.603168183317418,0.15596022567276258,0.19048385015515734,0.00905894468875168,0.030589459522585294,-0.0060484055358802635,0.016385908790819137,-0.02186965888996717,0.0047687262520828,-0.02043866767727387,0.017248031521829077,0.20527716854302902,0.17290655785935272
038,2007,8033,3574,PCU517311517311,partial,102.9,8.991313336173812,8.181440695719374,4.633757642840004,0.08546215496579102,0.10337281390393649,0.030589459522585294,0.016385908790819137,0.00905894468875168,0.0047687262520828,-0.0060484055358802635,0.006638241541293333,-0.02186965888996717,0.009264292194731755,0.15596022567276258,0.19048385015515734
038,2008,6970,3130,PCU517311517311,partial,104.6,8.84937050375457,8.048788283534199,4.650143551630823,-0.1419428324192431,-0.1326524121851751,0.016385908790819137,0.0047687262520828,0.030589459522585294,0.006638241541293333,0.00905894468875168,0.012212458029503992,-0.0060484055358802635,0.007873141940960041,0.08546215496579102,0.10337281390393649
038,2009,5935,2632,PCU517311517311,partial,105.1,8.688622307043769,7.875499292445208,4.6549122778829055,-0.16074819671080043,-0.17328899108899076,0.0047687262520828,0.006638241541293333,0.016385908790819137,0.012212458029503992,0.030589459522585294,0.01021838895867866,0.00905894468875168,0.009689696176491994,-0.1419428324192431,-0.1326524121851751
038,2010,6050,2687,PCU517311517311,partial,105.8,8.707813551024888,7.8961806086154915,4.661550519424199,0.019191243981119044,0.02068131617028346,0.006638241541293333,0.012212458029503992,0.0047687262520828,0.01021838895867866,0.016385908790819137,0.011029523575499134,0.030589459522585294,0.011153456854560595,-0.16074819671080043,-0.17328899108899076
038,2011,6911,3141,PCU517311517311,partial,107.1,8.840869624091395,8.052296499538647,4.673762977453703,0.13305607306650735,0.15611589092315548,0.012212458029503992,0.01021838895867866,0.006638241541293333,0.011029523575499134,0.0047687262520828,0.01000463096992732,0.016385908790819137,0.01041751450136837,0.019191243981119044,0.02068131617028346
038,2012,6707,3021,PCU517311517311,partial,108.2,8.810907036099737,8.013343181386672,4.6839813664123815,-0.029962587991658296,-0.038953318151975225,0.01021838895867866,0.011029523575499134,0.012212458029503992,0.01000463096992732,0.006638241541293333,0.01793770068666678,0.0047687262520828,0.012990618410697744,0.13305607306650735,0.15611589092315548
038,2013,6585,2982,PCU517311517311,partial,109.4,8.792549614177382,8.000349495324684,4.695010889987881,-0.01835742192235479,-0.012993686061987475,0.011029523575499134,0.01000463096992732,0.01021838895867866,0.01793770068666678,0.012212458029503992,0.019366802490850432,0.006638241541293333,0.01576971138248151,-0.029962587991658296,-0.038953318151975225
038,2014,6963,3196,PCU517311517311,partial,110.5,8.848365694942547,8.069655306886165,4.705015520957808,0.05581608076516531,0.06930581156148108,0.01000463096992732,0.01793770068666678,0.011029523575499134,0.019366802490850432,0.01021838895867866,0.004349724126465837,0.012212458029503992,0.013884742434661016,-0.01835742192235479,-0.012993686061987475
038,2015,6963,3176,PCU517311517311,partial,112.5,8.848365694942547,8.063377822367027,4.722953221644475,0.0,-0.006277484519138454,0.01793770068666678,0.019366802490850432,0.01000463096992732,0.004349724126465837,0.011029523575499134,0.034971580842078964,0.01021838895867866,0.019562702486465078,0.05581608076516531,0.06930581156148108
038,2016,6946,3215,PCU517311517311,partial,114.7,8.845921233304018,8.07558263667172,4.742320024135325,-0.00244446163852885,0.012204814304693556,0.019366802490850432,0.004349724126465837,0.01793770068666678,0.034971580842078964,0.01000463096992732,0.023199052012788712,0.011029523575499134,0.020840118993777836,0.0,-0.006277484519138454
038,2017,7398,3235,PCU517311517311,partial,115.2,8.908964972392399,8.081784206935001,4.746669748261791,0.06304373908838024,0.006201570263280942,0.004349724126465837,0.034971580842078964,0.019366802490850432,0.023199052012788712,0.01793770068666678,0.02107047156933195,0.01000463096992732,0.02641370147473321,-0.00244446163852885,0.012204814304693556
038,2018,7129,3170,PCU517311517311,partial,119.3,8.871926251117628,8.061486866871327,4.78164132910387,-0.03703872127477048,-0.02029734006367434,0.034971580842078964,0.023199052012788712,0.004349724126465837,0.02107047156933195,0.019366802490850432,0.010037665364249548,0.01793770068666678,0.018102396315456737,0.06304373908838024,0.006201570263280942
038,2019,6987,2957,PCU517311517311,partial,122.1,8.85180655855245,7.9919305198524775,4.804840381116659,-0.02011969256517787,-0.0695563470188496,0.023199052012788712,0.02107047156933195,0.034971580842078964,0.010037665364249548,0.004349724126465837,0.030439121222547882,0.019366802490850432,0.02051575271870979,-0.03703872127477048,-0.02029734006367434
038,2020,7504,3641,PCU517311517311,partial,124.7,8.92319149068606,8.200013648175434,4.825910852685991,0.07138493213360952,0.20808312832295606,0.02107047156933195,0.010037665364249548,0.023199052012788712,0.030439121222547882,0.034971580842078964,0.050918178796329094,0.004349724126465837,0.030464988461042175,-0.02011969256517787,-0.0695563470188496
038,2021,8565,3929,PCU517311517311,partial,125.958,9.05543941075822,8.27614021955846,4.83594851805024,0.13224792007216024,0.07612657138302659,0.010037665364249548,0.030439121222547882,0.02107047156933195,0.050918178796329094,0.023199052012788712,0.040245104934683695,0.034971580842078964,0.04053413498452022,0.07138493213360952,0.20808312832295606
038,2022,7641,3367,PCU517311517311,partial,129.851,8.941283763647567,8.121777419161074,4.866387639272788,-0.11415564711065329,-0.15436280039738648,0.030439121222547882,0.050918178796329094,0.010037665364249548,0.040245104934683695,0.02107047156933195,0.05558790131049385,0.023199052012788712,0.04891706168050221,0.13224792007216024,0.07612657138302659
038,2023,6526,2876,PCU517311517311,partial,136.634,8.783549477153265,7.964155718840937,4.917305818069117,-0.15773428649430166,-0.15762170032013678,0.050918178796329094,0.040245104934683695,0.030439121222547882,0.05558790131049385,0.010037665364249548,,0.02107047156933195,,-0.11415564711065329,-0.15436280039738648
038,2024,6064,2790,PCU517311517311,partial,142.245,8.710124927322207,7.933796874815411,4.957550923003801,-0.07342454983105817,-0.030358844025525578,0.040245104934683695,0.05558790131049385,0.050918178796329094,,0.030439121222547882,,0.010037665364249548,,-0.15773428649430166,-0.15762170032013678
038,2025,5997,2746,PCU517311517311,partial,150.376,8.69901462316851,7.917900586327916,5.013138824314295,-0.011110304153696404,-0.015896288487494914,0.05558790131049385,,0.040245104934683695,,0.050918178796329094,,0.030439121222547882,,-0.07342454983105817,-0.030358844025525578
039,1993,1612,827,PCU481---481---,partial,105.6,7.385230923066573,6.717804695023691,4.659658371272161,,,,0.027091801708353458,,0.046813227775976074,,0.06305324980255644,,0.045652759762295325,,
039,1994,1734,862,PCU481---481---,partial,108.5,7.458186157340487,6.759255270663693,4.686750172980514,0.07295523427391348,0.04145057564000165,0.027091801708353458,0.046813227775976074,,0.06305324980255644,,0.03409421134297563,,0.04798689630716938,,
039,1995,2149,1017,PCU481---481---,partial,113.7,7.67275789664251,6.92461239604856,4.73356340075649,0.21457173930202345,0.16535712538486713,0.046813227775976074,0.06305324980255644,0.027091801708353458,0.03409421134297563,,-0.006405145997260497,,0.030247438382757192,0.07295523427391348,0.04145057564000165
039,1996,2639,1222,PCU481---481---,partial,121.1,7.878155336503324,7.108244139731541,4.796616650559047,0.20539743986081405,0.18363174368298107,0.06305324980255644,0.03409421134297563,0.046813227775976074,-0.006405145997260497,0.027091801708353458,0.04936372311833637,,0.0256842628213505,0.21457173930202345,0.16535712538486713
039,1997,2878,1379,PCU481---481---,partial,125.3,7.964850887447313,7.229113877793302,4.8307108619020225,0.08669555094398884,0.12086973806176093,0.03409421134297563,-0.006405145997260497,0.06305324980255644,0.04936372311833637,0.046813227775976074,0.12151375051423585,0.027091801708353458,0.05482410921177057,0.20539743986081405,0.18363174368298107
039,1998,3380,1547,PCU481---481---,partial,124.5,8.125630988477065,7.344072850573066,4.824305715904762,0.1607801010297516,0.11495897277976397,-0.006405145997260497,0.04936372311833637,0.03409421134297563,0.12151375051423585,0.06305324980255644,0.062335690457771875,0.046813227775976074,0.07773772136344803,0.08669555094398884,0.12086973806176093
039,1999,4656,2232,PCU481---481---,partial,130.8,8.445911989411274,7.710653323501202,4.873669439023098,0.32028100093420875,0.36658047292813567,0.04936372311833637,0.12151375051423585,-0.006405145997260497,0.062335690457771875,0.03409421134297563,0.003809528416668151,0.06305324980255644,0.06255298979622528,0.1607801010297516,0.11495897277976397
039,2000,5808,2658,PCU481---481---,partial,147.7,8.666991556504632,7.885329239273191,4.995183189537334,0.22107956709335852,0.1746759157719895,0.12151375051423585,0.062335690457771875,0.04936372311833637,0.003809528416668151,-0.006405145997260497,0.02688502032985607,0.03409421134297563,0.031010079734765363,0.32028100093420875,0.36658047292813567
039,2001,3835,1724,PCU481---481---,partial,157.2,8.251924713801357,7.452402451223638,5.057518879995106,-0.41506684270327554,-0.43292678804955287,0.062335690457771875,0.003809528416668151,0.12151375051423585,0.02688502032985607,0.04936372311833637,0.0012330457789149207,-0.006405145997260497,0.010642531508479713,0.22107956709335852,0.1746759157719895
039,2002,3262,1469,PCU481---481---,partial,157.8,8.09009578318096,7.292337176173877,5.061328408411774,-0.1618289306203966,-0.1600652750497611,0.003809528416668151,0.02688502032985607,0.062335690457771875,0.0012330457789149207,0.12151375051423585,0.052217081982115054,0.04936372311833637,0.026778382696962012,-0.41506684270327554,-0.43292678804955287
039,2003,3015,1407,PCU481---481---,partial,162.1,8.011355109161286,7.249215057114389,5.08821342874163,-0.07874067401967366,-0.04312211905948793,0.02688502032985607,0.0012330457789149207,0.003809528416668151,0.052217081982115054,0.062335690457771875,0.05351305112586324,0.12151375051423585,0.035654392962297735,-0.1618289306203966,-0.1600652750497611
039,2004,3601,1721,PCU481---481---,partial,162.3,8.188966863648876,7.450660796211539,5.089446474520545,0.17761175448758948,0.20144573909715024,0.0012330457789149207,0.052217081982115054,0.02688502032985607,0.05351305112586324,0.003809528416668151,0.018127384592556695,0.062335690457771875,0.04128583923351166,-0.07874067401967366,-0.04312211905948793
039,2005,3910,1938,PCU481---481---,partial,171.0,8.271292652979412,7.569411792450712,5.14166355650266,0.08232578933053603,0.1187509962391724,0.052217081982115054,0.05351305112586324,0.0012330457789149207,0.018127384592556695,0.02688502032985607,0.10383512856754429,0.003809528416668151,0.05849185476198807,0.17761175448758948,0.20144573909715024
039,2006,4390,2178,PCU481---481---,partial,180.4,8.387084506069217,7.686162303492906,5.1951766076285235,0.11579185308980477,0.11675051104219403,0.05351305112586324,0.018127384592556695,0.052217081982115054,0.10383512856754429,0.0012330457789149207,-0.07804111390055901,0.02688502032985607,0.014640466419847323,0.08232578933053603,0.1187509962391724
039,2007,5494,2722,PCU481---481---,partial,183.7,8.611411866655219,7.909122183211411,5.21330399222108,0.22432736058600256,0.2229598797185055,0.018127384592556695,0.10383512856754429,0.05351305112586324,-0.07804111390055901,0.052217081982115054,0.07361523994370334,0.0012330457789149207,0.03313641820356287,0.11579185308980477,0.11675051104219403
039,2008,5034,2489,PCU481---481---,partial,203.8,8.523970175695261,7.819636302367592,5.3171391207886245,-0.0874416909599578,-0.08948588084381903,0.10383512856754429,-0.07804111390055901,0.018127384592556695,0.07361523994370334,0.05351305112586324,0.07315701672412978,0.052217081982115054,0.0229103809224247,0.22432736058600256,0.2229598797185055
039,2009,4354,2203,PCU481---481---,partial,188.5,8.378850241794492,7.697575346802343,5.2390980068880655,-0.14511993390076938,-0.12206095556524943,-0.07804111390055901,0.07361523994370334,0.10383512856754429,0.07315701672412978,0.018127384592556695,0.041719438696277145,0.05351305112586324,0.06283056512137009,-0.0874416909599578,-0.08948588084381903
039,2010,4505,2212,PCU481---481---,partial,202.9,8.412943170042439,7.701652362642226,5.312713246831769,0.034092928247947185,0.004077015839882847,0.07361523994370334,0.07315701672412978,-0.07804111390055901,0.041719438696277145,0.10383512856754429,-0.007054702979889527,0.018127384592556695,0.03594058414683913,-0.14511993390076938,-0.12206095556524943
039,2011,5015,2464,PCU481---481---,partial,218.3,8.520188700396035,7.80954132465341,5.385870263555899,0.10724553035359641,0.10788896201118447,0.07315701672412978,0.041719438696277145,0.07361523994370334,-0.007054702979889527,-0.07804111390055901,0.017544309650909362,0.10383512856754429,0.017403015122432326,0.034092928247947185,0.004077015839882847
039,2012,4990,2422,PCU481---481---,partial,227.6,8.515191188745565,7.792348924113037,5.427589702252176,-0.004997511650470798,-0.017192400540372965,0.041719438696277145,-0.007054702979889527,0.07315701672412978,0.017544309650909362,0.07361523994370334,-0.03675419230093002,-0.07804111390055901,-0.008754861876636728,0.10724553035359641,0.10788896201118447
039,2013,5191,2479,PCU481---481---,partial,226.0,8.55468163582723,7.8156105320351905,5.420534999272286,0.039490447081664826,0.02326160792215326,-0.007054702979889527,0.017544309650909362,0.041719438696277145,-0.03675419230093002,0.07315701672412978,-0.022811208079952294,0.07361523994370334,-0.014007030243324317,-0.004997511650470798,-0.017192400540372965
039,2014,5353,2617,PCU481---481---,partial,230.0,8.585412430393381,7.869783902530146,5.438079308923196,0.030730794566151687,0.054173370494955186,0.017544309650909362,-0.03675419230093002,-0.007054702979889527,-0.022811208079952294,0.041719438696277145,0.011014338059107232,0.07315701672412978,-0.016183687440591694,0.039490447081664826,0.02326160792215326
039,2015,6114,3045,PCU481---481---,partial,221.7,8.71833650245078,8.021256180143997,5.4013251166222656,0.1329240720573992,0.15147227761385107,-0.03675419230093002,-0.022811208079952294,0.017544309650909362,0.011014338059107232,-0.007054702979889527,0.026572155602999636,0.041719438696277145,0.004925095194051524,0.030730794566151687,0.054173370494955186
039,2016,6350,3122,PCU481---481---,partial,216.7,8.756210091886738,8.046229101075378,5.378513908542313,0.0378735894359572,0.024972920931380926,-0.022811208079952294,0.011014338059107232,-0.03675419230093002,0.026572155602999636,0.017544309650909362,0.035796052271916956,-0.007054702979889527,0.024460848644674606,0.1329240720573992,0.15147227761385107
039,2017,6788,3411,PCU481---481---,partial,219.1,8.822911626354117,8.134760782418645,5.3895282466014205,0.06670153446737892,0.08853168134326772,0.011014338059107232,0.026572155602999636,-0.022811208079952294,0.035796052271916956,-0.03675419230093002,-0.11532037581121024,0.017544309650909362,-0.017650722645431216,0.0378735894359572,0.024972920931380926
039,2018,7149,3489,PCU481---481---,partial,225.0,8.874727765766853,8.157370441186774,5.41610040220442,0.051816139412736106,0.022609658768129037,0.026572155602999636,0.035796052271916956,0.011014338059107232,-0.11532037581121024,-0.022811208079952294,0.009097090514162076,-0.03675419230093002,-0.023475744341710403,0.06670153446737892,0.08853168134326772
039,2019,7349,3582,PCU481---481---,partial,233.2,8.90231952852887,8.183676582620658,5.451896454476337,0.027591762762018135,0.026306141433883212,0.035796052271916956,-0.11532037581121024,0.026572155602999636,0.009097090514162076,0.011014338059107232,0.19593541448572083,-0.022811208079952294,0.029904043062890885,0.051816139412736106,0.022609658768129037
039,2020,7337,3822,PCU481---481---,partial,207.8,8.900685318713995,8.248529124800218,5.336576078665127,-0.001634209814875831,0.06485254217956005,-0.11532037581121024,0.009097090514162076,0.035796052271916956,0.19593541448572083,0.026572155602999636,0.0430261745814704,0.011014338059107232,0.08268622652711777,0.027591762762018135,0.026306141433883212
039,2021,8744,4446,PCU481---481---,partial,209.699,9.076123029856374,8.399760094524142,5.345673169179289,0.17543771114237927,0.15123096972392425,0.009097090514162076,0.19593541448572083,-0.11532037581121024,0.0430261745814704,0.035796052271916956,-0.001100856186455168,0.026572155602999636,0.07928691096024534,-0.001634209814875831,0.06485254217956005
039,2022,8421,4113,PCU481---481---,partial,255.088,9.038483865029992,8.321907968230423,5.54160858366501,-0.0376391648263823,-0.07785212629371863,0.19593541448572083,0.0430261745814704,0.009097090514162076,-0.001100856186455168,-0.11532037581121024,0.014999161877078393,0.035796052271916956,0.01897482675736454,0.17543771114237927,0.15123096972392425
039,2023,7771,4028,PCU481---481---,partial,266.303,8.958154135209242,8.301025253838453,5.58463475824648,-0.08032972982075037,-0.02088271439196987,0.0430261745814704,-0.001100856186455168,0.19593541448572083,0.014999161877078393,0.009097090514162076,,-0.11532037581121024,,-0.0376391648263823,-0.07785212629371863
039,2024,7614,4003,PCU481---481---,partial,266.01,8.937743936942443,8.294799358992574,5.583533902060025,-0.020410198266798574,-0.006225894845879765,-0.001100856186455168,0.014999161877078393,0.0430261745814704,,0.19593541448572083,,0.009097090514162076,,-0.08032972982075037,-0.02088271439196987
039,2025,7631,4099,PCU481---481---,partial,270.03,8.939974177289633,8.318498320504338,5.598533063937103,0.0022302403471901044,0.023698961511763983,0.014999161877078393,,-0.001100856186455168,,0.0430261745814704,,0.19593541448572083,,-0.020410198266798574,-0.006225894845879765
040,1985,327,166,PCU332812332812,partial,102.6,5.7899601708972535,5.111987788356544,4.630837932736669,,,,0.03448617607116944,,0.013096538919845635,,0.02478327853177298,,0.02412199784092935,,
040,1986,236,163,PCU332812332812,partial,106.2,5.4638318050256105,5.093750200806762,4.665324108807838,-0.32612836587164296,-0.01823758754978133,0.03448617607116944,0.013096538919845635,,0.02478327853177298,,0.03387133060857295,,0.023917049353397186,,
040,1987,282,193,PCU332812332812,partial,107.6,5.641907070938114,5.262690188904886,4.678420647727684,0.17807526591250333,0.16893998809812327,0.013096538919845635,0.02478327853177298,0.03448617607116944,0.03387133060857295,,0.003499566126264675,,0.020718058422203534,-0.32612836587164296,-0.01823758754978133
040,1988,278,198,PCU332812332812,partial,110.3,5.627621113690637,5.288267030694535,4.703203926259457,-0.014285957247476944,0.025576841789649585,0.02478327853177298,0.03387133060857295,0.013096538919845635,0.003499566126264675,0.03448617607116944,-0.003499566126264675,,0.011290443536190981,0.17807526591250333,0.16893998809812327
040,1989,404,273,PCU332812332812,partial,114.1,6.0014148779611505,5.60947179518496,4.73707525686803,0.3737937642705136,0.32120476449042457,0.03387133060857295,0.003499566126264675,0.02478327853177298,-0.003499566126264675,0.013096538919845635,-0.0008768084735342185,0.03448617607116944,-0.0002922694911780728,-0.014285957247476944,0.025576841789649585
040,1990,641,458,PCU332812332812,partial,114.5,6.46302945692067,6.126869184114185,4.740574822994295,0.4616145789595194,0.5173973889292256,0.003499566126264675,-0.003499566126264675,0.03387133060857295,-0.0008768084735342185,0.02478327853177298,0.004376374599798893,0.013096538919845635,0.0,0.3737937642705136,0.32120476449042457
040,1991,763,530,PCU332812332812,partial,114.1,6.637258031284457,6.272877006546167,4.73707525686803,0.17422857436378703,0.14600782243198207,-0.003499566126264675,-0.0008768084735342185,0.003499566126264675,0.004376374599798893,0.03387133060857295,0.007829531079704743,0.02478327853177298,0.0037763657353231395,0.4616145789595194,0.5173973889292256
040,1992,811,561,PCU332812332812,partial,114.0,6.698268054115413,6.329720905522696,4.736198448394496,0.061010022830956245,0.05684389897652853,-0.0008768084735342185,0.004376374599798893,-0.003499566126264675,0.007829531079704743,0.003499566126264675,0.010344919842392386,0.03387133060857295,0.007516941840632008,0.17422857436378703,0.14600782243198207
040,1993,910,603,PCU332812332812,partial,114.5,6.813444599510896,6.401917196727186,4.740574822994295,0.1151765453954825,0.07219629120448978,0.004376374599798893,0.007829531079704743,-0.0008768084735342185,0.010344919842392386,-0.003499566126264675,0.011935350549273416,0.003499566126264675,0.010036600490456848,0.061010022830956245,0.05684389897652853
040,1994,960,641,PCU332812332812,partial,115.4,6.866933284461882,6.46302945692067,4.748404354073999,0.053488684950986354,0.06111226019348415,0.007829531079704743,0.010344919842392386,0.004376374599798893,0.011935350549273416,-0.0008768084735342185,0.011794576492836661,-0.003499566126264675,0.011358282294834154,0.1151765453954825,0.07219629120448978
040,1995,1294,835,PCU332812332812,partial,116.6,7.165493475060845,6.727431724850855,4.758749273916392,0.29856019059896344,0.2644022679301852,0.010344919842392386,0.011935350549273416,0.007829531079704743,0.011794576492836661,0.004376374599798893,-0.0025157245972478037,-0.0008768084735342185,0.007071400814954091,0.053488684950986354,0.06111226019348415
040,1996,1632,1045,PCU332812332812,partial,118.0,7.397561535524052,6.951772164398911,4.770684624465665,0.23206806046320683,0.22434043954805638,0.011935350549273416,0.011794576492836661,0.010344919842392386,-0.0025157245972478037,0.007829531079704743,-0.002522069432709273,0.004376374599798893,0.0022522608209598616,0.29856019059896344,0.2644022679301852
040,1997,1646,1014,PCU332812332812,partial,119.4,7.406103381237015,6.921658184151129,4.782479200958502,0.008541845712962903,-0.030113980247782557,0.011794576492836661,-0.0025157245972478037,0.011935350549273416,-0.002522069432709273,0.010344919842392386,0.002522069432709273,0.007829531079704743,-0.0008385748657492679,0.23206806046320683,0.22434043954805638
040,1998,1985,1239,PCU332812332812,partial,119.1,7.59337419312129,7.122059881629142,4.779963476361254,0.1872708118842752,0.2004016974780134,-0.0025157245972478037,-0.002522069432709273,0.011794576492836661,0.002522069432709273,0.011935350549273416,0.028147553623528054,0.010344919842392386,0.00938251787450935,0.008541845712962903,-0.030113980247782557
040,1999,2477,1484,PCU332812332812,partial,118.8,7.814803429489359,7.302496423727326,4.777441406928545,0.22142923636806877,0.1804365420981835,-0.002522069432709273,0.002522069432709273,-0.0025157245972478037,0.028147553623528054,0.011794576492836661,0.0016313217320833573,0.011935350549273416,0.010766981596106895,0.1872708118842752,0.2004016974780134
040,2000,2793,1683,PCU332812332812,partial,119.1,7.934871565945177,7.428333194190806,4.779963476361254,0.12006813645581804,0.12583677046348019,0.002522069432709273,0.028147553623528054,-0.002522069432709273,0.0016313217320833573,-0.0025157245972478037,0.0008146639961763569,0.011794576492836661,0.010197846450595922,0.22142923636806877,0.1804365420981835
040,2001,2424,1441,PCU332812332812,partial,122.5,7.793174347189205,7.273092595999522,4.808111029984782,-0.1416972187559722,-0.1552405981912841,0.028147553623528054,0.0016313217320833573,0.002522069432709273,0.0008146639961763569,-0.002522069432709273,0.0312650716140519,-0.0025157245972478037,0.01123701911410387,0.12006813645581804,0.12583677046348019
040,2002,2639,1563,PCU332812332812,partial,122.7,7.878155336503324,7.354362330421477,4.809742351716865,0.08498098931411935,0.08126973442195506,0.0016313217320833573,0.0008146639961763569,0.028147553623528054,0.0312650716140519,0.002522069432709273,0.021858793812499222,-0.002522069432709273,0.017979509807575823,-0.1416972187559722,-0.1552405981912841
040,2003,2582,1613,PCU332812332812,partial,122.8,7.856319571406588,7.385851078125209,4.810557015713042,-0.02183576509673646,0.03148874770373222,0.0008146639961763569,0.0312650716140519,0.0016313217320833573,0.021858793812499222,0.028147553623528054,0.08294908298075043,0.002522069432709273,0.045357649469100515,0.08498098931411935,0.08126973442195506
040,2004,2730,1646,PCU332812332812,partial,126.7,7.912056888179006,7.406103381237015,4.841822087327094,0.05573731677241778,0.020252303111806036,0.0312650716140519,0.021858793812499222,0.0008146639961763569,0.08294908298075043,0.0016313217320833573,0.05731634182511591,0.028147553623528054,0.054041406206121856,-0.02183576509673646,0.03148874770373222
040,2005,3309,1960,PCU332812332812,partial,129.5,8.104401307921613,7.580699752224563,4.863680881139593,0.1923444197426072,0.17459637098754754,0.021858793812499222,0.08294908298075043,0.0312650716140519,0.05731634182511591,0.0008146639961763569,0.019276103656268084,0.0016313217320833573,0.05318050948737814,0.05573731677241778,0.020252303111806036
040,2006,3893,2326,PCU332812332812,partial,140.7,8.266935347610456,7.75190533307861,4.946629964120343,0.16253403968884328,0.17120558085404713,0.08294908298075043,0.05731634182511591,0.021858793812499222,0.019276103656268084,0.0312650716140519,-0.04030095407298706,0.0008146639961763569,0.012097163802798978,0.1923444197426072,0.17459637098754754
040,2007,4807,2949,PCU332812332812,partial,149.0,8.47782846789396,7.989221408815276,5.003946305945459,0.2108931202835045,0.23731607573666658,0.05731634182511591,0.019276103656268084,0.08294908298075043,-0.04030095407298706,0.021858793812499222,0.02971184123018844,0.0312650716140519,0.002895663604489821,0.16253403968884328,0.17120558085404713
040,2008,4805,2878,PCU332812332812,partial,151.9,8.477412321404392,7.964850887447313,5.023222409601727,-0.00041614648956844746,-0.02437052136796325,0.019276103656268084,-0.04030095407298706,0.05731634182511591,0.02971184123018844,0.08294908298075043,0.0333691411746182,0.021858793812499222,0.007593342777273193,0.2108931202835045,0.23731607573666658
040,2009,3914,2292,PCU332812332812,partial,145.9,8.272315147956022,7.73718007783463,4.98292145552874,-0.20509717344837064,-0.22767080961268338,-0.04030095407298706,0.02971184123018844,0.019276103656268084,0.0333691411746182,0.05731634182511591,0.01912104144677862,0.08294908298075043,0.027400674617195087,-0.00041614648956844746,-0.02437052136796325
040,2010,3874,2143,PCU332812332812,partial,150.3,8.262042843966942,7.669961995473577,5.012633296758929,-0.010272303989079745,-0.06721808236105264,0.02971184123018844,0.0333691411746182,-0.04030095407298706,0.01912104144677862,0.019276103656268084,0.0037807228399060477,0.05731634182511591,0.018756968487100956,-0.20509717344837064,-0.22767080961268338
040,2011,4165,2238,PCU332812332812,partial,155.4,8.334471554600944,7.71333788887187,5.046002437933547,0.0724287106340018,0.043375893398293286,0.0333691411746182,0.01912104144677862,0.02971184123018844,0.0037807228399060477,-0.04030095407298706,0.012500162764231604,0.019276103656268084,0.011800642350305424,-0.010272303989079745,-0.06721808236105264
040,2012,4229,2315,PCU332812332812,partial,158.4,8.34972083747249,7.747164966520335,5.0651234793803255,0.015249282871545589,0.033827077648464154,0.01912104144677862,0.0037807228399060477,0.0333691411746182,0.012500162764231604,0.02971184123018844,0.004338401598597663,-0.04030095407298706,0.006873095734245105,0.0724287106340018,0.043375893398293286
040,2013,4156,2255,PCU332812332812,partial,159.0,8.332308352219117,7.720905251936779,5.0689042022202315,-0.017412485253371912,-0.02625971458355547,0.0037807228399060477,0.012500162764231604,0.01912104144677862,0.004338401598597663,0.0333691411746182,-0.0024767814518975584,0.02971184123018844,0.0047872609703105695,0.015249282871545589,0.033827077648464154
040,2014,4388,2361,PCU332812332812,partial,161.0,8.38662882139512,7.766840537085513,5.081404364984463,0.05432046917600353,0.04593528514873402,0.012500162764231604,0.004338401598597663,0.0037807228399060477,-0.0024767814518975584,0.01912104144677862,0.014158439037483816,0.0333691411746182,0.005340019728061307,-0.017412485253371912,-0.02625971458355547
040,2015,4774,2538,PCU332812332812,partial,161.7,8.470939806898775,7.839131648274333,5.085742766583061,0.08431098550365412,0.07229111118881981,0.004338401598597663,-0.0024767814518975584,0.012500162764231604,0.014158439037483816,0.0037807228399060477,0.015165592450602006,0.01912104144677862,0.008949083345396087,0.05432046917600353,0.04593528514873402
040,2016,5084,2658,PCU332812332812,partial,161.3,8.533853632309345,7.885329239273191,5.083265985131163,0.06291382541057011,0.04619759099885812,-0.0024767814518975584,0.014158439037483816,0.004338401598597663,0.015165592450602006,0.012500162764231604,0.0,0.0037807228399060477,0.009774677162695273,0.08431098550365412,0.07229111118881981
040,2017,5283,2821,PCU332812332812,partial,163.6,8.572249397164315,7.944846711001996,5.097424424168647,0.03839576485496998,0.05951747172880495,0.014158439037483816,0.015165592450602006,-0.0024767814518975584,0.0,0.004338401598597663,0.007796141436125836,0.012500162764231604,0.007653911295575947,0.06291382541057011,0.04619759099885812
040,2018,5899,3148,PCU332812332812,partial,166.1,8.682538124003075,8.054522609537294,5.112590016619249,0.11028872683876045,0.10967589853529791,0.015165592450602006,0.0,0.014158439037483816,0.007796141436125836,-0.0024767814518975584,0.07907725693997048,0.004338401598597663,0.02895779945869877,0.03839576485496998,0.05951747172880495
040,2019,6270,3336,PCU332812332812,partial,166.1,8.743531633626967,8.112527763478637,5.112590016619249,0.060993509623891384,0.05800515394134287,0.0,0.007796141436125836,0.015165592450602006,0.07907725693997048,0.014158439037483816,0.09593970927066575,-0.0024767814518975584,0.06093770254892068,0.11028872683876045,0.10967589853529791
040,2020,6877,3967,PCU332812332812,partial,167.4,8.835937789319836,8.28576542051433,5.120386158055375,0.09240615569286881,0.17323765703569372,0.007796141436125836,0.07907725693997048,0.0,0.09593970927066575,0.015165592450602006,0.01840365947815581,0.014158439037483816,0.064473541896264,0.060993509623891384,0.05800515394134287
040,2021,7711,4119,PCU332812332812,partial,181.175,8.95040315983296,8.323365694436081,5.199463414995345,0.11446537051312511,0.03760027392175047,0.07907725693997048,0.09593970927066575,0.007796141436125836,0.01840365947815581,0.0,0.01715684693570818,0.015165592450602006,0.04383340522817658,0.09240615569286881,0.17323765703569372
040,2022,7231,3727,PCU332812332812,partial,199.418,8.886132618174951,8.223358899479258,5.295403124266011,-0.0642705416580096,-0.10000679495682263,0.09593970927066575,0.01840365947815581,0.07907725693997048,0.01715684693570818,0.007796141436125836,0.04425921990546744,0.0,0.026606575439777142,0.11446537051312511,0.03760027392175047
040,2023,7168,3715,PCU332812332812,partial,203.122,8.877381954654766,8.220133957151859,5.313806783744167,-0.008750663520185498,-0.0032249423273995603,0.01840365947815581,0.01715684693570818,0.09593970927066575,0.04425921990546744,0.07907725693997048,,0.007796141436125836,,-0.0642705416580096,-0.10000679495682263
040,2024,7485,4157,PCU332812332812,partial,206.637,8.920656296853728,8.332548939252638,5.330963630679875,0.043274342198962756,0.11241498210077872,0.01715684693570818,0.04425921990546744,0.01840365947815581,,0.09593970927066575,,0.07907725693997048,,-0.008750663520185498,-0.0032249423273995603
040,2025,7052,3953,PCU332812332812,partial,215.988,8.861066543517762,8.282230063296685,5.3752228505853425,-0.05958975333596683,-0.05031887595595208,0.04425921990546744,,0.01715684693570818,,0.01840365947815581,,0.09593970927066575,,0.043274342198962756,0.11241498210077872
042,2001,32661,15687,PCU518210518210,partial,101.6,10.39393698454929,9.66058762285624,4.6210435351443815,,,,0.011741817876683491,,0.001943635208570882,,-0.009756174945365181,,0.0013097593799630638,,
042,2002,15835,8272,PCU518210518210,partial,102.8,9.66997795897274,9.02063159674821,4.632785353021065,-0.7239590255765496,-0.639956026108031,0.011741817876683491,0.001943635208570882,,-0.009756174945365181,,0.0,,-0.002604179912264766,,
042,2003,13359,6867,PCU518210518210,partial,103.0,9.499945593989812,8.834482608620677,4.634728988229636,-0.17003236498292829,-0.1861489881275329,0.001943635208570882,-0.009756174945365181,0.011741817876683491,0.0,,0.008784829555732898,,-0.0003237817965440944,-0.7239590255765496,-0.639956026108031
042,2004,14513,7363,PCU518210518210,partial,102.0,9.582800078470363,8.904222737368716,4.624972813284271,0.082854484480551,0.06974012874803925,-0.009756174945365181,0.0,0.001943635208570882,0.008784829555732898,0.011741817876683491,0.005813969865419821,,0.004866266473717573,-0.17003236498292829,-0.1861489881275329
042,2005,15696,7802,PCU518210518210,partial,102.0,9.661161181805145,8.962135390066601,4.624972813284271,0.07836110333478175,0.057912652697885036,0.0,0.008784829555732898,-0.009756174945365181,0.005813969865419821,0.001943635208570882,0.0057803629154999925,0.011741817876683491,0.00679305411221757,0.082854484480551,0.06974012874803925
042,2006,17686,8687,PCU518210518210,partial,102.9,9.78052864513568,9.06958293425992,4.633757642840004,0.11936746333053527,0.10744754419331848,0.008784829555732898,0.005813969865419821,0.0,0.0057803629154999925,-0.009756174945365181,0.0009601536983430137,0.001943635208570882,0.004184828826420942,0.07836110333478175,0.057912652697885036
042,2007,20051,9842,PCU518210518210,partial,103.5,9.906034306802704,9.194414221425923,4.639571612705423,0.12550566166702382,0.12483128716600334,0.005813969865419821,0.0057803629154999925,0.008784829555732898,0.0009601536983430137,0.0,0.000959232687460343,-0.009756174945365181,0.0025665831004344497,0.11936746333053527,0.10744754419331848
042,2008,20619,9936,PCU518210518210,partial,104.1,9.933968259789715,9.20391980417326,4.645351975620923,0.027933952987011068,0.009505582747337371,0.0057803629154999925,0.0009601536983430137,0.005813969865419821,0.000959232687460343,0.008784829555732898,0.008591938296882873,0.0,0.003503774894228743,0.12550566166702382,0.12483128716600334
042,2009,18898,9305,PCU518210518210,partial,104.2,9.846811375342572,9.13830716907635,4.646312129319266,-0.08715688444714331,-0.06561263509690995,0.0009601536983430137,0.000959232687460343,0.0057803629154999925,0.008591938296882873,0.005813969865419821,0.0047415925725822206,0.008784829555732898,0.004764254518975145,0.027933952987011068,0.009505582747337371
042,2010,20817,9853,PCU518210518210,partial,104.3,9.94352523956766,9.195531256322475,4.647271362006727,0.09671386422508732,0.05722408724612471,0.000959232687460343,0.008591938296882873,0.0009601536983430137,0.0047415925725822206,0.0057803629154999925,0.003777152743745127,0.005813969865419821,0.005703561204403407,-0.08715688444714331,-0.06561263509690995
042,2011,24028,11377,PCU518210518210,partial,105.2,10.086975095970052,9.339349052539717,4.65586330030361,0.14344985640239294,0.14381779621724178,0.008591938296882873,0.0047415925725822206,0.000959232687460343,0.003777152743745127,0.0009601536983430137,0.006575880906157572,0.0057803629154999925,0.0050315420741616395,0.09671386422508732,0.05722408724612471
042,2012,26214,12040,PCU518210518210,partial,105.7,10.17404889817949,9.395989718862811,4.660604892876192,0.08707380220943861,0.05664066632309428,0.0047415925725822206,0.003777152743745127,0.008591938296882873,0.006575880906157572,0.000959232687460343,0.002805050927608299,0.0009601536983430137,0.004386028192503666,0.14344985640239294,0.14381779621724178
042,2013,26865,12253,PCU518210518210,partial,106.1,10.198579603162921,9.413526083949446,4.664382045619937,0.02453070498343024,0.017536365086634476,0.003777152743745127,0.006575880906157572,0.0047415925725822206,0.002805050927608299,0.008591938296882873,0.012065111551843088,0.000959232687460343,0.007148681128536319,0.08707380220943861,0.05664066632309428
042,2014,29393,13213,PCU518210518210,partial,106.8,10.288511829739507,9.488956472414216,4.6709579265260945,0.08993222657658606,0.07543038846477046,0.006575880906157572,0.002805050927608299,0.003777152743745127,0.012065111551843088,0.0047415925725822206,0.014652276786870644,0.008591938296882873,0.00984081308877401,0.02453070498343024,0.017536365086634476
042,2015,32187,14512,PCU518210518210,partial,107.1,10.379317923304855,9.582731172354919,4.673762977453703,0.09080609356534808,0.09377469994070253,0.002805050927608299,0.012065111551843088,0.006575880906157572,0.014652276786870644,0.003777152743745127,0.0027235604670403646,0.0047415925725822206,0.009813649601918032,0.08993222657658606,0.07543038846477046
042,2016,33394,14993,PCU518210518210,partial,108.4,10.416131522108902,9.615338704494903,4.685828089005546,0.03681359880404678,0.03260753213998413,0.012065111551843088,0.014652276786870644,0.002805050927608299,0.0027235604670403646,0.006575880906157572,0.0045228480537264915,0.003777152743745127,0.0072995617692125,0.09080609356534808,0.09377469994070253
042,2017,36450,16053,PCU518210518210,partial,110.0,10.503696737436805,9.683651026979414,4.700480365792417,0.08756521532790273,0.0683123224845108,0.014652276786870644,0.0027235604670403646,0.012065111551843088,0.0045228480537264915,0.002805050927608299,0.029348482554846456,0.006575880906157572,0.012198297025204436,0.03681359880404678,0.03260753213998413
042,2018,39224,17170,PCU518210518210,partial,110.3,10.577044083331069,9.75091895389152,4.703203926259457,0.07334734589426439,0.06726792691210726,0.0027235604670403646,0.0045228480537264915,0.014652276786870644,0.029348482554846456,0.012065111551843088,0.00931667502859046,0.002805050927608299,0.014396001879054468,0.08756521532790273,0.0683123224845108
042,2019,40780,17254,PCU518210518210,partial,110.8,10.615947044128447,9.755799279636523,4.707726774313183,0.03890296079737787,0.004880325745002523,0.0045228480537264915,0.029348482554846456,0.0027235604670403646,0.00931667502859046,0.014652276786870644,0.010202363057547181,0.012065111551843088,0.016289173546994697,0.07334734589426439,0.06726792691210726
042,2020,45370,19724,PCU518210518210,partial,114.1,10.72260637265801,9.889591447344017,4.73707525686803,0.10665932852956317,0.1337921677074938,0.029348482554846456,0.00931667502859046,0.0045228480537264915,0.010202363057547181,0.0027235604670403646,0.0151575564323716,0.014652276786870644,0.01155886483950308,0.03890296079737787,0.004880325745002523
042,2021,51496,21779,PCU518210518210,partial,115.168,10.849259413732451,9.988701481750608,4.74639193189662,0.12665304107444086,0.09911003440659094,0.00931667502859046,0.010202363057547181,0.029348482554846456,0.0151575564323716,0.0045228480537264915,0.012392628891023882,0.0027235604670403646,0.012584182793647553,0.10665932852956317,0.1337921677074938
042,2022,51073,20593,PCU518210518210,partial,116.349,10.841011260818293,9.932706491205348,4.7565942949541675,-0.008248152914157814,-0.05599499054526014,0.010202363057547181,0.0151575564323716,0.00931667502859046,0.012392628891023882,0.029348482554846456,0.03193471935639547,0.0045228480537264915,0.019828301559930317,0.12665304107444086,0.09911003440659094
042,2023,47140,19433,PCU518210518210,partial,118.126,10.760877176490123,9.874727930864703,4.771751851386539,-0.08013408432817037,-0.0579785603406453,0.0151575564323716,0.012392628891023882,0.010202363057547181,0.03193471935639547,0.00931667502859046,,0.029348482554846456,,-0.008248152914157814,-0.05599499054526014
042,2024,48552,20996,PCU518210518210,partial,119.599,10.790390667515691,9.95208722237219,4.784144480277563,0.029513491025568328,0.07735929150748788,0.012392628891023882,0.03193471935639547,0.0151575564323716,,0.010202363057547181,,0.00931667502859046,,-0.08013408432817037,-0.0579785603406453
042,2025,58895,27614,PCU518210518210,partial,123.48,10.983511476392884,10.226078169476098,4.8160791996339585,0.19312080887719318,0.2739909471039077,0.03193471935639547,,0.012392628891023882,,0.0151575564323716,,0.010202363057547181,,0.029513491025568328,0.07735929150748788
044,1994,26,9,PCU621111621111,partial,102.8,3.258096538021482,2.1972245773362196,4.632785353021065,,,,0.03817257350502956,,0.007462721201589417,,0.012927234501459495,,0.01952084306935949,,
044,1995,102,14,PCU621111621111,partial,106.8,4.624972813284271,2.6390573296152584,4.6709579265260945,1.3668762752627885,0.44183275227903884,0.03817257350502956,0.007462721201589417,,0.012927234501459495,,0.020881376052355627,,0.013757110585134846,,
044,1996,65,18,PCU621111621111,partial,107.6,4.174387269895637,2.8903717578961645,4.678420647727684,-0.4505855433886339,0.2513144282809061,0.007462721201589417,0.012927234501459495,0.03817257350502956,0.020881376052355627,,0.022213263410731265,,0.018673957988182128,1.3668762752627885,0.44183275227903884
044,1997,70,21,PCU621111621111,partial,109.0,4.248495242049359,3.044522437723423,4.6913478822291435,0.07410797215372256,0.1541506798272585,0.012927234501459495,0.020881376052355627,0.007462721201589417,0.022213263410731265,0.03817257350502956,0.01742204344666476,,0.020172227636583884,-0.4505855433886339,0.2513144282809061
044,1998,25,13,PCU621111621111,partial,111.3,3.2188758248682006,2.5649493574615367,4.712229258281499,-1.0296194171811588,-0.4795730802618863,0.020881376052355627,0.022213263410731265,0.012927234501459495,0.01742204344666476,0.007462721201589417,0.028098911222358858,0.03817257350502956,0.022578072693251627,0.07410797215372256,0.1541506798272585
044,1999,69,45,PCU621111621111,partial,113.8,4.23410650459726,3.8066624897703196,4.73444252169223,1.0152306797290591,1.2417131323087829,0.022213263410731265,0.01742204344666476,0.020881376052355627,0.028098911222358858,0.012927234501459495,0.0,0.007462721201589417,0.015173651556341206,-1.0296194171811588,-0.4795730802618863
044,2000,97,61,PCU621111621111,partial,115.8,4.574710978503383,4.110873864173311,4.751864565138895,0.34060447390612314,0.30421137440299173,0.01742204344666476,0.028098911222358858,0.022213263410731265,0.0,0.020881376052355627,0.01500028125949271,0.012927234501459495,0.014366397493950522,1.0152306797290591,1.2417131323087829
044,2001,369,284,PCU621111621111,partial,119.1,5.910796644040527,5.648974238161206,4.779963476361254,1.3360856655371443,1.538100373987895,0.028098911222358858,0.0,0.01742204344666476,0.01500028125949271,0.022213263410731265,0.02046735385054088,0.020881376052355627,0.011822545036677862,0.34060447390612314,0.30421137440299173
044,2002,4668,3196,PCU621111621111,partial,119.1,8.448485993406447,8.069655306886165,4.779963476361254,2.5376893493659196,2.420681068724959,0.0,0.01500028125949271,0.028098911222358858,0.02046735385054088,0.01742204344666476,0.017671142562810438,0.022213263410731265,0.017712925890948007,1.3360856655371443,1.538100373987895
044,2003,5086,3283,PCU621111621111,partial,120.9,8.534246945982066,8.096512917501594,4.794963757620747,0.08576095257561889,0.02685761061542813,0.01500028125949271,0.02046735385054088,0.0,0.017671142562810438,0.028098911222358858,0.008719833292995638,0.01742204344666476,0.015619443235448985,2.5376893493659196,2.420681068724959
044,2004,5956,3623,PCU621111621111,partial,123.4,8.6921543938039,8.195057690895077,4.8154311114712876,0.15790744782183452,0.098544773393483,0.02046735385054088,0.017671142562810438,0.01500028125949271,0.008719833292995638,0.0,0.040221972396174976,0.028098911222358858,0.022204316083993682,0.08576095257561889,0.02685761061542813
044,2005,6749,3969,PCU621111621111,partial,125.6,8.817149624743406,8.286269452783065,4.833102254034098,0.12499523093950593,0.09121176188798863,0.017671142562810438,0.008719833292995638,0.02046735385054088,0.040221972396174976,0.01500028125949271,0.010558167461394596,0.0,0.019833324383521735,0.15790744782183452,0.098544773393483
044,2006,7860,4339,PCU621111621111,partial,126.7,8.969541885423252,8.37539918579835,4.841822087327094,0.15239226067984646,0.0891297330152856,0.008719833292995638,0.040221972396174976,0.017671142562810438,0.010558167461394596,0.02046735385054088,0.024454719952026416,0.01500028125949271,0.025078286603198663,0.12499523093950593,0.09121176188798863
044,2007,9077,5112,PCU621111621111,partial,131.9,9.113499020526627,8.53934599605737,4.882044059723269,0.14395713510337416,0.16394681025902003,0.040221972396174976,0.010558167461394596,0.008719833292995638,0.024454719952026416,0.017671142562810438,0.023155882663020044,0.02046735385054088,0.019389590025480352,0.15239226067984646,0.0891297330152856
044,2008,9016,4994,PCU621111621111,partial,133.3,9.106756055719613,8.515992470839718,4.892602227184663,-0.006742964807013863,-0.02335352521765266,0.010558167461394596,0.024454719952026416,0.040221972396174976,0.023155882663020044,0.008719833292995638,0.014909754366287054,0.017671142562810438,0.020840118993777836,0.14395713510337416,0.16394681025902003
044,2009,8643,4700,PCU621111621111,partial,136.6,9.064505023752638,8.45531778769815,4.91705694713669,-0.042251031966975106,-0.060674683141568764,0.024454719952026416,0.023155882663020044,0.010558167461394596,0.014909754366287054,0.040221972396174976,0.011212451033679294,0.008719833292995638,0.016426029354328797,-0.006742964807013863,-0.02335352521765266
044,2010,8921,4756,PCU621111621111,partial,139.8,9.096163326913784,8.467162257810672,4.94021282979971,0.03165830316114615,0.011844470112523098,0.023155882663020044,0.014909754366287054,0.024454719952026416,0.011212451033679294,0.010558167461394596,0.0020884100872704536,0.040221972396174976,0.0094035384957456,-0.042251031966975106,-0.060674683141568764
044,2011,9901,5232,PCU621111621111,partial,141.9,9.200391041122515,8.562548893137034,4.955122584165997,0.10422771420873111,0.09538663532636171,0.014909754366287054,0.011212451033679294,0.023155882663020044,0.0020884100872704536,0.024454719952026416,0.00554786443771782,0.010558167461394596,0.006282908519555855,0.03165830316114615,0.011844470112523098
044,2012,10593,5503,PCU621111621111,partial,143.5,9.267948684596496,8.613048677059759,4.966335035199676,0.06755764347398063,0.05049978392272436,0.011212451033679294,0.0020884100872704536,0.014909754366287054,0.00554786443771782,0.023155882663020044,-0.011826224788842765,0.024454719952026416,-0.0013966500879514971,0.10422771420873111,0.09538663532636171
044,2013,11061,5775,PCU621111621111,partial,143.8,9.311180686902254,8.661293535389994,4.9684234452869465,0.043232002305758854,0.04824485833023573,0.0020884100872704536,0.00554786443771782,0.011212451033679294,-0.011826224788842765,0.014909754366287054,0.002795249898304597,0.023155882663020044,-0.0011610368176067827,0.06755764347398063,0.05049978392272436
044,2014,11545,5967,PCU621111621111,partial,144.6,9.354007721788596,8.693999567522082,4.973971309724664,0.042827034886341764,0.032706032132088225,0.00554786443771782,-0.011826224788842765,0.0020884100872704536,0.002795249898304597,0.011212451033679294,0.004178279059195766,0.014909754366287054,-0.0016175652771141338,0.043232002305758854,0.04824485833023573
044,2015,13229,6916,PCU621111621111,partial,142.9,9.49016666846238,8.84159284680318,4.9621450849358215,0.1361589466737847,0.14759327928109833,-0.011826224788842765,0.002795249898304597,0.00554786443771782,0.004178279059195766,0.0020884100872704536,0.008304545996820067,0.011212451033679294,0.005092691651440143,0.042827034886341764,0.032706032132088225
044,2016,14100,7302,PCU621111621111,partial,143.3,9.55393007636626,8.895903562215581,4.964940334834126,0.06376340790387935,0.05431071541240051,0.002795249898304597,0.004178279059195766,-0.011826224788842765,0.008304545996820067,0.00554786443771782,0.008236148135936538,0.0020884100872704536,0.006906324397317457,0.1361589466737847,0.14759327928109833
044,2017,15288,8122,PCU621111621111,partial,143.9,9.634823485920109,9.002331708246244,4.969118613893322,0.08089340955384827,0.10642814603066242,0.004178279059195766,0.008304545996820067,0.002795249898304597,0.008236148135936538,-0.011826224788842765,0.011552965738036214,0.00554786443771782,0.009364553290264272,0.06376340790387935,0.05431071541240051
044,2018,16668,8813,PCU621111621111,partial,145.1,9.721245992542345,9.08398318309966,4.977423159890142,0.08642250662223638,0.08165147485341606,0.008304545996820067,0.008236148135936538,0.004178279059195766,0.011552965738036214,0.002795249898304597,0.0367553585752205,-0.011826224788842765,0.018848157483064416,0.08089340955384827,0.10642814603066242
044,2019,17906,9383,PCU621111621111,partial,146.3,9.792891131194102,9.146654820290049,4.9856593080260785,0.07164513865175692,0.06267163719038926,0.008236148135936538,0.011552965738036214,0.008304545996820067,0.0367553585752205,0.004178279059195766,0.005028335525879335,0.002795249898304597,0.017778886613045348,0.08642250662223638,0.08165147485341606
044,2020,19811,11112,PCU621111621111,partial,148.0,9.893992617974327,9.31578088443418,4.997212273764115,0.1011014867802249,0.16912606414413034,0.011552965738036214,0.0367553585752205,0.008236148135936538,0.005028335525879335,0.008304545996820067,0.005183703016253816,0.004178279059195766,0.01565579903911788,0.07164513865175692,0.06267163719038926
044,2021,20901,11487,PCU621111621111,partial,153.541,9.94755228369823,9.348971240145405,5.033967632339335,0.05355966572390258,0.033190355711225195,0.0367553585752205,0.005028335525879335,0.011552965738036214,0.005183703016253816,0.008236148135936538,0.01878238339255489,0.008304545996820067,0.00966480731156268,0.1011014867802249,0.16912606414413034
044,2022,19620,10350,PCU621111621111,partial,154.315,9.884304733119354,9.244741798693514,5.0389959678652145,-0.06324755057887543,-0.10422944145189028,0.005028335525879335,0.005183703016253816,0.0367553585752205,0.01878238339255489,0.011552965738036214,0.014970452269404078,0.008236148135936538,0.012978846226070928,0.05355966572390258,0.033190355711225195
044,2023,18261,9830,PCU621111621111,partial,155.117,9.812522917162035,9.193194213141211,5.044179670881468,-0.07178181595731914,-0.05154758555230288,0.005183703016253816,0.01878238339255489,0.005028335525879335,0.014970452269404078,0.0367553585752205,,0.011552965738036214,,-0.06324755057887543,-0.10422944145189028
044,2024,18621,10355,PCU621111621111,partial,158.058,9.832045255081763,9.245224773829685,5.062962054274023,0.019522337919728017,0.05203056068847367,0.01878238339255489,0.014970452269404078,0.005183703016253816,,0.005028335525879335,,0.0367553585752205,,-0.07178181595731914,-0.05154758555230288
044,2025,20891,12094,PCU621111621111,partial,160.442,9.947073723199049,9.400464740833158,5.077932506543427,0.11502846811728595,0.15523996700347276,0.014970452269404078,,0.01878238339255489,,0.005183703016253816,,0.005028335525879335,,0.019522337919728017,0.05203056068847367
045,1997,64,17,PCU541110541110,partial,102.5,4.1588830833596715,2.833213344056216,4.629862798578463,,,,0.03451924704147391,,0.02420974850722679,,0.03436142751731097,,0.03103014102200389,,
045,1998,20,9,PCU541110541110,partial,106.1,2.995732273553991,2.1972245773362196,4.664382045619937,-1.1631508098056806,-0.6359887667199966,0.03451924704147391,0.02420974850722679,,0.03436142751731097,,0.046883585898850555,,0.035151587307796106,,
045,1999,52,19,PCU541110541110,partial,108.7,3.9512437185814275,2.9444389791664403,4.688591794127164,0.9555114450274367,0.7472144018302207,0.02420974850722679,0.03436142751731097,0.03451924704147391,0.046883585898850555,,0.031722192450156506,,0.037655735288772675,-1.1631508098056806,-0.6359887667199966
045,2000,71,39,PCU541110541110,partial,112.5,4.2626798770413155,3.6635616461296463,4.722953221644475,0.3114361584598879,0.719122666963206,0.03436142751731097,0.046883585898850555,0.02420974850722679,0.031722192450156506,0.03451924704147391,0.0315432540406162,,0.036716344129874415,0.9555114450274367,0.7472144018302207
045,2001,173,131,PCU541110541110,partial,117.9,5.153291594497779,4.875197323201151,4.769836807543325,0.8906117174564638,1.2116356770715049,0.046883585898850555,0.031722192450156506,0.03436142751731097,0.0315432540406162,0.02420974850722679,0.04818336803430867,0.03451924704147391,0.03714960484169379,0.3114361584598879,0.719122666963206
045,2002,1743,1337,PCU541110541110,partial,121.7,7.463363045520021,7.198183577101943,4.801558999993482,2.3100714510222415,2.322986253900792,0.031722192450156506,0.0315432540406162,0.046883585898850555,0.04818336803430867,0.03436142751731097,0.049584703558986476,0.02420974850722679,0.04310377521130378,0.8906117174564638,1.2116356770715049
045,2003,2234,1566,PCU541110541110,partial,125.6,7.711548979629146,7.356279876550748,4.833102254034098,0.24818593410912548,0.15809629944880488,0.0315432540406162,0.04818336803430867,0.031722192450156506,0.049584703558986476,0.046883585898850555,0.04724177676330221,0.03436142751731097,0.048336616118865784,2.3100714510222415,2.322986253900792
045,2004,2553,1757,PCU541110541110,partial,131.8,7.845024417241484,7.471363088187097,4.881285622068407,0.13347543761233727,0.11508321163634871,0.04818336803430867,0.049584703558986476,0.0315432540406162,0.04724177676330221,0.031722192450156506,0.05623971832287644,0.046883585898850555,0.05102206621505504,0.24818593410912548,0.15809629944880488
045,2005,2962,1963,PCU541110541110,partial,138.5,7.993619994827744,7.5822291942764615,4.930870325627393,0.14859557758626085,0.11086610608936454,0.049584703558986476,0.04724177676330221,0.04818336803430867,0.05623971832287644,0.0315432540406162,0.05077232537342358,0.031722192450156506,0.05141794015320074,0.13347543761233727,0.11508321163634871
045,2006,4063,2564,PCU541110541110,partial,145.2,8.309676895987726,7.849323818040561,4.978112102390695,0.31605690115998186,0.2670946237640992,0.04724177676330221,0.05623971832287644,0.049584703558986476,0.05077232537342358,0.04818336803430867,0.028067736334352666,0.0315432540406162,0.04502659334355089,0.14859557758626085,0.11086610608936454
045,2007,6859,4586,PCU541110541110,partial,153.6,8.83331693749932,8.43076346341785,5.034351820713572,0.5236400415115945,0.5814396453772899,0.05623971832287644,0.05077232537342358,0.04724177676330221,0.028067736334352666,0.049584703558986476,0.03372102996745596,0.04818336803430867,0.03752036389174407,0.31605690115998186,0.2670946237640992
045,2008,7037,4585,PCU541110541110,partial,161.6,8.85893722196655,8.430545384690566,5.085124146086995,0.025620284467228416,-0.00021807872728452082,0.05077232537342358,0.028067736334352666,0.05623971832287644,0.03372102996745596,0.04724177676330221,0.03430868228298589,0.049584703558986476,0.03203248286159817,0.5236400415115945,0.5814396453772899
045,2009,6777,4297,PCU541110541110,partial,166.2,8.821289805136113,8.365672383774996,5.113191882421348,-0.0376474168304366,-0.06487300091557024,0.028067736334352666,0.03372102996745596,0.05077232537342358,0.03430868228298589,0.05623971832287644,0.02717106434826011,0.04724177676330221,0.03173359219956732,0.025620284467228416,-0.00021807872728452082
045,2010,7037,4273,PCU541110541110,partial,171.9,8.85893722196655,8.360071435644025,5.146912912388804,0.0376474168304366,-0.005600948130970451,0.03372102996745596,0.03430868228298589,0.028067736334352666,0.02717106434826011,0.05077232537342358,0.027517247399369893,0.05623971832287644,0.029665664676871963,-0.0376474168304366,-0.06487300091557024
045,2011,8856,5252,PCU541110541110,partial,177.9,9.088850474388472,8.566364235422688,5.18122159467179,0.22991325242192318,0.20629279977866233,0.03430868228298589,0.02717106434826011,0.03372102996745596,0.027517247399369893,0.028067736334352666,0.031948252643908326,0.05077232537342358,0.028878854797179443,0.0376474168304366,-0.005600948130970451
045,2012,8472,5083,PCU541110541110,partial,182.8,9.044521887281242,8.533656917446903,5.20839265902005,-0.04432858710723053,-0.03270731797578463,0.02717106434826011,0.027517247399369893,0.03430868228298589,0.031948252643908326,0.03372102996745596,0.027956077266590107,0.028067736334352666,0.029140525769956106,0.22991325242192318,0.20629279977866233
045,2013,8191,4869,PCU541110541110,partial,187.9,9.010791269515602,8.4906438561827,5.23590990641942,-0.03373061776563979,-0.04301306126420279,0.027517247399369893,0.031948252643908326,0.02717106434826011,0.027956077266590107,0.03430868228298589,0.01985176855273174,0.03372102996745596,0.026585366154410057,-0.04432858710723053,-0.03270731797578463
045,2014,8918,5212,PCU541110541110,partial,194.0,9.095826985187422,8.558718938244736,5.267858159063328,0.08503571567182,0.06807508206203572,0.031948252643908326,0.027956077266590107,0.027517247399369893,0.01985176855273174,0.02717106434826011,0.036192128593416584,0.03430868228298589,0.02799999147091281,-0.03373061776563979,-0.04301306126420279
045,2015,9720,5652,PCU541110541110,partial,199.5,9.181940897454485,8.639764743804419,5.295814236329918,0.08611391226706289,0.08104580555968255,0.027956077266590107,0.01985176855273174,0.031948252643908326,0.036192128593416584,0.027517247399369893,0.024345771729040955,0.02717106434826011,0.026796556291729758,0.08503571567182,0.06807508206203572
045,2016,9327,5457,PCU541110541110,partial,203.5,9.140668698726863,8.604654467186231,5.31566600488265,-0.04127219872762211,-0.03511027661818744,0.01985176855273174,0.036192128593416584,0.027956077266590107,0.024345771729040955,0.031948252643908326,0.03544214664993195,0.027517247399369893,0.03199334899079649,0.08611391226706289,0.08104580555968255
045,2017,9917,5712,PCU541110541110,partial,211.0,9.202005735186125,8.65032450401942,5.351858133476067,0.06133703645926225,0.04567003683318838,0.036192128593416584,0.024345771729040955,0.01985176855273174,0.03544214664993195,0.027956077266590107,0.04495629365871068,0.031948252643908326,0.03491473734589452,-0.04127219872762211,-0.03511027661818744
045,2018,9931,5869,PCU541110541110,partial,216.2,9.203416456903359,8.677439540558334,5.376203905205108,0.001410721717233443,0.02711503653891434,0.024345771729040955,0.03544214664993195,0.036192128593416584,0.04495629365871068,0.01985176855273174,0.037396929530077117,0.027956077266590107,0.039265123279573245,0.06133703645926225,0.04567003683318838
045,2019,10669,6019,PCU541110541110,partial,224.0,9.275097619191461,8.70267641154777,5.4116460518550396,0.07168116228810284,0.02523687098943661,0.03544214664993195,0.04495629365871068,0.024345771729040955,0.037396929530077117,0.036192128593416584,0.04871419885187045,0.01985176855273174,0.04368914068021941,0.001410721717233443,0.02711503653891434
045,2020,12350,7516,PCU541110541110,partial,234.3,9.421411342056123,8.924789360533357,5.45660234551375,0.1463137228646616,0.2221129489855862,0.04495629365871068,0.037396929530077117,0.03544214664993195,0.04871419885187045,0.024345771729040955,0.05968575047169811,0.036192128593416584,0.04859895961788189,0.07168116228810284,0.02523687098943661
045,2021,12826,7451,PCU541110541110,partial,243.228,9.459229639708807,8.916103530553727,5.493999275043827,0.03781829765268441,-0.008685829979629744,0.037396929530077117,0.04871419885187045,0.04495629365871068,0.05968575047169811,0.03544214664993195,0.074125099517941,0.024345771729040955,0.06084168294716985,0.1463137228646616,0.2221129489855862
045,2022,11913,6679,PCU541110541110,partial,255.37,9.38538551979936,8.806723554725636,5.542713473895698,-0.07384411990944706,-0.10937997582809089,0.04871419885187045,0.05968575047169811,0.037396929530077117,0.074125099517941,0.04495629365871068,0.07407494054577324,0.03544214664993195,0.06929526351180411,0.03781829765268441,-0.008685829979629744
045,2023,11289,6519,PCU541110541110,partial,271.076,9.331584079261546,8.782476268924539,5.602399224367396,-0.053801440537814216,-0.024247285801097362,0.05968575047169811,0.074125099517941,0.04871419885187045,0.07407494054577324,0.037396929530077117,,0.04495629365871068,,-0.07384411990944706,-0.10937997582809089
045,2024,11598,6783,PCU541110541110,partial,291.933,9.358587948436385,8.82217476094608,5.676524323885337,0.027003869174839323,0.0396984920215413,0.074125099517941,0.07407494054577324,0.05968575047169811,,0.04871419885187045,,0.037396929530077117,,-0.053801440537814216,-0.024247285801097362
045,2025,12826,7720,PCU541110541110,partial,314.379,9.459229639708807,8.951569643018821,5.75059926443111,0.10064169127242195,0.12939488207274152,0.07407494054577324,,0.074125099517941,,0.05968575047169811,,0.04871419885187045,,0.027003869174839323,0.0396984920215413
